Date,Close
1980-12-12,0.09872591495513916
1980-12-15,0.09357531368732452
1980-12-16,0.08670709282159805
1980-12-17,0.08885318040847778
1980-12-18,0.09142925590276718
1980-12-19,0.09700904786586761
1980-12-22,0.10173046588897705
1980-12-23,0.10602337121963501
1980-12-24,0.11160318553447723
1980-12-26,0.12190522998571396
1980-12-29,0.12362200021743774
1980-12-30,0.12061749398708344
1980-12-31,0.11718378961086273
1981-01-02,0.1184714138507843
1981-01-05,0.11589612811803818
1981-01-06,0.11074475944042206
1981-01-07,0.10602337121963501
1981-01-08,0.10387731343507767
1981-01-09,0.1094571202993393
1981-01-12,0.10859865695238113
1981-01-13,0.10473572462797165
1981-01-14,0.10516495257616043
1981-01-15,0.10731102526187897
1981-01-16,0.10645253211259842
1981-01-19,0.1128908172249794
1981-01-20,0.1094571202993393
1981-01-21,0.11160318553447723
1981-01-22,0.1128908172249794
1981-01-23,0.1124616414308548
1981-01-26,0.11074475944042206
1981-01-27,0.10988636314868927
1981-01-28,0.10645253211259842
1981-01-29,0.10258962959051132
1981-01-30,0.09700904786586761
1981-02-02,0.09142925590276718
1981-02-03,0.09486301243305206
1981-02-04,0.09829673916101456
1981-02-05,0.09829673916101456
1981-02-06,0.09872591495513916
1981-02-09,0.09357531368732452
1981-02-10,0.09357531368732452
1981-02-11,0.090570829808712
1981-02-12,0.08971161395311356
1981-02-13,0.08756552636623383
1981-02-17,0.08971161395311356
1981-02-18,0.09357531368732452
1981-02-19,0.08799473941326141
1981-02-20,0.08327337354421616
1981-02-23,0.08456102013587952
1981-02-24,0.08155649900436401
1981-02-25,0.08670709282159805
1981-02-26,0.08799473941326141
1981-02-27,0.0910000428557396
1981-03-02,0.09142925590276718
1981-03-03,0.09014159440994263
1981-03-04,0.08928240090608597
1981-03-05,0.08885318040847778
1981-03-06,0.08799473941326141
1981-03-09,0.08112726360559464
1981-03-10,0.07726359367370605
1981-03-11,0.07425904273986816
1981-03-12,0.07726359367370605
1981-03-13,0.07640516012907028
1981-03-16,0.07941043376922607
1981-03-17,0.08327337354421616
1981-03-18,0.0884239673614502
1981-03-19,0.08756552636623383
1981-03-20,0.0884239673614502
1981-03-23,0.09185849875211716
1981-03-24,0.09142925590276718
1981-03-25,0.08971161395311356
1981-03-26,0.08799473941326141
1981-03-27,0.0849902480840683
1981-03-30,0.0849902480840683
1981-03-31,0.08413179963827133
1981-04-01,0.08327337354421616
1981-04-02,0.090570829808712
1981-04-03,0.0910000428557396
1981-04-06,0.08928240090608597
1981-04-07,0.0884239673614502
1981-04-08,0.09271688759326935
1981-04-09,0.09443376213312149
1981-04-10,0.09572139382362366
1981-04-13,0.09572139382362366
1981-04-14,0.09572139382362366
1981-04-15,0.0910000428557396
1981-04-16,0.08584868162870407
1981-04-20,0.0884239673614502
1981-04-21,0.09443376213312149
1981-04-22,0.09786748141050339
1981-04-23,0.1004428043961525
1981-04-24,0.09958435595035553
1981-04-27,0.09872591495513916
1981-04-28,0.09700904786586761
1981-04-29,0.09572139382362366
1981-04-30,0.09743829071521759
1981-05-01,0.09743829071521759
1981-05-04,0.09700904786586761
1981-05-05,0.09657987207174301
1981-05-06,0.09400453418493271
1981-05-07,0.09529220312833786
1981-05-08,0.09615063667297363
1981-05-11,0.09400453418493271
1981-05-12,0.09400453418493271
1981-05-13,0.09357531368732452
1981-05-14,0.09228762984275818
1981-05-15,0.09443376213312149
1981-05-18,0.09615063667297363
1981-05-19,0.09443376213312149
1981-05-20,0.09743829071521759
1981-05-21,0.1030188724398613
1981-05-22,0.10774024575948715
1981-05-26,0.10731102526187897
1981-05-27,0.11332013458013535
1981-05-28,0.11332013458013535
1981-05-29,0.11374933272600174
1981-06-01,0.11374933272600174
1981-06-02,0.10816942155361176
1981-06-03,0.10816942155361176
1981-06-04,0.11031554639339447
1981-06-05,0.10859865695238113
1981-06-08,0.10473572462797165
1981-06-09,0.10688182711601257
1981-06-10,0.10816942155361176
1981-06-11,0.1128908172249794
1981-06-12,0.11160318553447723
1981-06-15,0.11117397993803024
1981-06-16,0.1090279147028923
1981-06-17,0.10731102526187897
1981-06-18,0.10688182711601257
1981-06-19,0.10387731343507767
1981-06-22,0.10001358389854431
1981-06-23,0.10173046588897705
1981-06-24,0.09915513545274734
1981-06-25,0.10130123049020767
1981-06-26,0.10001358389854431
1981-06-29,0.09657987207174301
1981-06-30,0.08928240090608597
1981-07-01,0.0884239673614502
1981-07-02,0.0884239673614502
1981-07-06,0.08541945368051529
1981-07-07,0.08627788722515106
1981-07-08,0.08971161395311356
1981-07-09,0.08284413069486618
1981-07-10,0.07640516012907028
1981-07-13,0.07812275737524033
1981-07-14,0.08155649900436401
1981-07-15,0.08370263874530792
1981-07-16,0.08584868162870407
1981-07-17,0.08885318040847778
1981-07-20,0.08284413069486618
1981-07-21,0.08241492509841919
1981-07-22,0.07769277691841125
1981-07-23,0.07983963191509247
1981-07-24,0.08241492509841919
1981-07-27,0.08584868162870407
1981-07-28,0.08284413069486618
1981-07-29,0.08155649900436401
1981-07-30,0.08456102013587952
1981-07-31,0.08584868162870407
1981-08-03,0.0849902480840683
1981-08-04,0.08627788722515106
1981-08-05,0.08885318040847778
1981-08-06,0.08670709282159805
1981-08-07,0.08670709282159805
1981-08-10,0.08670709282159805
1981-08-11,0.08413179963827133
1981-08-12,0.08241492509841919
1981-08-13,0.07983963191509247
1981-08-14,0.07855198532342911
1981-08-17,0.0759759172797203
1981-08-18,0.07425904273986816
1981-08-19,0.07340062409639359
1981-08-20,0.07425904273986816
1981-08-21,0.06910841166973114
1981-08-24,0.06481549143791199
1981-08-25,0.06653314083814621
1981-08-26,0.06524474173784256
1981-08-27,0.06567394733428955
1981-08-28,0.06910841166973114
1981-08-31,0.06910841166973114
1981-09-01,0.07340062409639359
1981-09-02,0.07468827813863754
1981-09-03,0.07082533091306686
1981-09-04,0.0699668750166893
1981-09-08,0.06782080978155136
1981-09-09,0.06782080978155136
1981-09-10,0.06825003772974014
1981-09-11,0.06739159673452377
1981-09-14,0.06524474173784256
1981-09-15,0.06352788954973221
1981-09-16,0.06224023178219795
1981-09-17,0.06052335351705551
1981-09-18,0.06095261499285698
1981-09-21,0.061381805688142776
1981-09-22,0.05794806405901909
1981-09-23,0.056660428643226624
1981-09-24,0.05623122677206993
1981-09-25,0.048933740705251694
1981-09-28,0.04936295747756958
1981-09-29,0.05193827673792839
1981-09-30,0.05236745998263359
1981-10-01,0.05236745998263359
1981-10-02,0.056660428643226624
1981-10-05,0.058377284556627274
1981-10-06,0.05794806405901909
1981-10-07,0.061381805688142776
1981-10-08,0.06352788954973221
1981-10-09,0.063957080245018
1981-10-12,0.06610392779111862
1981-10-13,0.06610392779111862
1981-10-14,0.06224023178219795
1981-10-15,0.06352788954973221
1981-10-16,0.06266941130161285
1981-10-19,0.063957080245018
1981-10-20,0.06739159673452377
1981-10-21,0.06739159673452377
1981-10-22,0.06696238368749619
1981-10-23,0.06524474173784256
1981-10-26,0.06524474173784256
1981-10-27,0.06653314083814621
1981-10-28,0.06867926567792892
1981-10-29,0.06782080978155136
1981-10-30,0.06867926567792892
1981-11-02,0.06867926567792892
1981-11-03,0.06782080978155136
1981-11-04,0.06610392779111862
1981-11-05,0.061381805688142776
1981-11-06,0.06181100010871887
1981-11-09,0.06266941130161285
1981-11-10,0.06309860944747925
1981-11-11,0.06481549143791199
1981-11-12,0.06696238368749619
1981-11-13,0.06224023178219795
1981-11-16,0.061381805688142776
1981-11-17,0.06266941130161285
1981-11-18,0.06481549143791199
1981-11-19,0.06481549143791199
1981-11-20,0.06524474173784256
1981-11-23,0.06224023178219795
1981-11-24,0.06181100010871887
1981-11-25,0.06309860944747925
1981-11-27,0.06481549143791199
1981-11-30,0.063957080245018
1981-12-01,0.063957080245018
1981-12-02,0.06438630819320679
1981-12-03,0.06352788954973221
1981-12-04,0.06524474173784256
1981-12-07,0.06567394733428955
1981-12-08,0.06438630819320679
1981-12-09,0.06481549143791199
1981-12-10,0.06481549143791199
1981-12-11,0.06438630819320679
1981-12-14,0.06224023178219795
1981-12-15,0.063957080245018
1981-12-16,0.06696238368749619
1981-12-17,0.07254217565059662
1981-12-18,0.07855198532342911
1981-12-21,0.07511751353740692
1981-12-22,0.07640516012907028
1981-12-23,0.07468827813863754
1981-12-24,0.07511751353740692
1981-12-28,0.07168377935886383
1981-12-29,0.0729714035987854
1981-12-30,0.0759759172797203
1981-12-31,0.0759759172797203
1982-01-04,0.07554671168327332
1982-01-05,0.07168377935886383
1982-01-06,0.07082533091306686
1982-01-07,0.06524474173784256
1982-01-08,0.06825003772974014
1982-01-11,0.063957080245018
1982-01-12,0.06181100010871887
1982-01-13,0.061381805688142776
1982-01-14,0.06438630819320679
1982-01-15,0.06867926567792892
1982-01-18,0.0699668750166893
1982-01-19,0.06825003772974014
1982-01-20,0.06953766196966171
1982-01-21,0.07082533091306686
1982-01-22,0.07125453650951385
1982-01-25,0.06910841166973114
1982-01-26,0.06653314083814621
1982-01-27,0.06696238368749619
1982-01-28,0.06910841166973114
1982-01-29,0.0699668750166893
1982-02-01,0.06910841166973114
1982-02-02,0.06953766196966171
1982-02-03,0.06953766196966171
1982-02-04,0.06782080978155136
1982-02-05,0.06782080978155136
1982-02-08,0.06352788954973221
1982-02-09,0.06352788954973221
1982-02-10,0.06438630819320679
1982-02-11,0.06352788954973221
1982-02-12,0.06438630819320679
1982-02-16,0.06309860944747925
1982-02-17,0.063957080245018
1982-02-18,0.06481549143791199
1982-02-19,0.06438630819320679
1982-02-22,0.06352788954973221
1982-02-23,0.06266941130161285
1982-02-24,0.06309860944747925
1982-02-25,0.06266941130161285
1982-02-26,0.06266941130161285
1982-03-01,0.06309860944747925
1982-03-02,0.06309860944747925
1982-03-03,0.06309860944747925
1982-03-04,0.06181100010871887
1982-03-05,0.057089634239673615
1982-03-08,0.05623122677206993
1982-03-09,0.056660428643226624
1982-03-10,0.05580199137330055
1982-03-11,0.05580199137330055
1982-03-12,0.05236745998263359
1982-03-15,0.05193827673792839
1982-03-16,0.05107981339097023
1982-03-17,0.04850452393293381
1982-03-18,0.05236745998263359
1982-03-19,0.057089634239673615
1982-03-22,0.061381805688142776
1982-03-23,0.06052335351705551
1982-03-24,0.057089634239673615
1982-03-25,0.056660428643226624
1982-03-26,0.05580199137330055
1982-03-29,0.057089634239673615
1982-03-30,0.05794806405901909
1982-03-31,0.05794806405901909
1982-04-01,0.06095261499285698
1982-04-02,0.06095261499285698
1982-04-05,0.06095261499285698
1982-04-06,0.06052335351705551
1982-04-07,0.05966491997241974
1982-04-08,0.06009411811828613
1982-04-12,0.05966491997241974
1982-04-13,0.05494355410337448
1982-04-14,0.05537278577685356
1982-04-15,0.05623122677206993
1982-04-16,0.05794806405901909
1982-04-19,0.056660428643226624
1982-04-20,0.05408508703112602
1982-04-21,0.05365511775016785
1982-04-22,0.052796706557273865
1982-04-23,0.052796706557273865
1982-04-26,0.05408508703112602
1982-04-27,0.05236745998263359
1982-04-28,0.05022140219807625
1982-04-29,0.05022140219807625
1982-04-30,0.050650615245103836
1982-05-03,0.05236745998263359
1982-05-04,0.05408508703112602
1982-05-05,0.05322590842843056
1982-05-06,0.05494355410337448
1982-05-07,0.05580199137330055
1982-05-10,0.05494355410337448
1982-05-11,0.05322590842843056
1982-05-12,0.05193827673792839
1982-05-13,0.05236745998263359
1982-05-14,0.05022140219807625
1982-05-17,0.04936295747756958
1982-05-18,0.04850452393293381
1982-05-19,0.048075318336486816
1982-05-20,0.04850452393293381
1982-05-21,0.048933740705251694
1982-05-24,0.04936295747756958
1982-05-25,0.04936295747756958
1982-05-26,0.048933740705251694
1982-05-27,0.048075318336486816
1982-05-28,0.048075318336486816
1982-06-01,0.047216881066560745
1982-06-02,0.048075318336486816
1982-06-03,0.046358443796634674
1982-06-04,0.045070797204971313
1982-06-07,0.045070797204971313
1982-06-08,0.04464157670736313
1982-06-09,0.04378315061330795
1982-06-10,0.044212374836206436
1982-06-11,0.04592924937605858
1982-06-14,0.04592924937605858
1982-06-15,0.04592924937605858
1982-06-16,0.04592924937605858
1982-06-17,0.045070797204971313
1982-06-18,0.044212374836206436
1982-06-21,0.044212374836206436
1982-06-22,0.04592924937605858
1982-06-23,0.047216881066560745
1982-06-24,0.047216881066560745
1982-06-25,0.0455000214278698
1982-06-28,0.045070797204971313
1982-06-29,0.04378315061330795
1982-06-30,0.04378315061330795
1982-07-01,0.04335394129157066
1982-07-02,0.04120709002017975
1982-07-06,0.039490219205617905
1982-07-07,0.039490219205617905
1982-07-08,0.03777335584163666
1982-07-09,0.03906100615859032
1982-07-12,0.03991943597793579
1982-07-13,0.042495500296354294
1982-07-14,0.042924705892801285
1982-07-15,0.04378315061330795
1982-07-16,0.0455000214278698
1982-07-19,0.04592924937605858
1982-07-20,0.048933740705251694
1982-07-21,0.048933740705251694
1982-07-22,0.04936295747756958
1982-07-23,0.04850452393293381
1982-07-26,0.046358443796634674
1982-07-27,0.046358443796634674
1982-07-28,0.044212374836206436
1982-07-29,0.04592924937605858
1982-07-30,0.046358443796634674
1982-08-02,0.04764610156416893
1982-08-03,0.04464157670736313
1982-08-04,0.044212374836206436
1982-08-05,0.042495500296354294
1982-08-06,0.04206627607345581
1982-08-09,0.042495500296354294
1982-08-10,0.045070797204971313
1982-08-11,0.0455000214278698
1982-08-12,0.045070797204971313
1982-08-13,0.045070797204971313
1982-08-16,0.04592924937605858
1982-08-17,0.048933740705251694
1982-08-18,0.048933740705251694
1982-08-19,0.04936295747756958
1982-08-20,0.050650615245103836
1982-08-23,0.052796706557273865
1982-08-24,0.05537278577685356
1982-08-25,0.05923570692539215
1982-08-26,0.06095261499285698
1982-08-27,0.05794806405901909
1982-08-30,0.05880650505423546
1982-08-31,0.06181100010871887
1982-09-01,0.06009411811828613
1982-09-02,0.06266941130161285
1982-09-03,0.06309860944747925
1982-09-07,0.05966491997241974
1982-09-08,0.06181100010871887
1982-09-09,0.06052335351705551
1982-09-10,0.06224023178219795
1982-09-13,0.06266941130161285
1982-09-14,0.06481549143791199
1982-09-15,0.06438630819320679
1982-09-16,0.06224023178219795
1982-09-17,0.06095261499285698
1982-09-20,0.061381805688142776
1982-09-21,0.06266941130161285
1982-09-22,0.06438630819320679
1982-09-23,0.06438630819320679
1982-09-24,0.06224023178219795
1982-09-27,0.06224023178219795
1982-09-28,0.06309860944747925
1982-09-29,0.06309860944747925
1982-09-30,0.06266941130161285
1982-10-01,0.06352788954973221
1982-10-04,0.06438630819320679
1982-10-05,0.06481549143791199
1982-10-06,0.06953766196966171
1982-10-07,0.07511751353740692
1982-10-08,0.08069807291030884
1982-10-11,0.08241492509841919
1982-10-12,0.07983963191509247
1982-10-13,0.08069807291030884
1982-10-14,0.08112726360559464
1982-10-15,0.07898121327161789
1982-10-18,0.08069807291030884
1982-10-19,0.08241492509841919
1982-10-20,0.08713632822036743
1982-10-21,0.08928240090608597
1982-10-22,0.08885318040847778
1982-10-25,0.08370263874530792
1982-10-26,0.08413179963827133
1982-10-27,0.08627788722515106
1982-10-28,0.08627788722515106
1982-10-29,0.08713632822036743
1982-11-01,0.09185849875211716
1982-11-02,0.09829673916101456
1982-11-03,0.1055941954255104
1982-11-04,0.10645253211259842
1982-11-05,0.10344809293746948
1982-11-08,0.09915513545274734
1982-11-09,0.10258962959051132
1982-11-10,0.10645253211259842
1982-11-11,0.11332013458013535
1982-11-12,0.11117397993803024
1982-11-15,0.10859865695238113
1982-11-16,0.1030188724398613
1982-11-17,0.10774024575948715
1982-11-18,0.10774024575948715
1982-11-19,0.10602337121963501
1982-11-22,0.09657987207174301
1982-11-23,0.09915513545274734
1982-11-24,0.10130123049020767
1982-11-26,0.09958435595035553
1982-11-29,0.09915513545274734
1982-11-30,0.1094571202993393
1982-12-01,0.11160318553447723
1982-12-02,0.11160318553447723
1982-12-03,0.1090279147028923
1982-12-06,0.11503776907920837
1982-12-07,0.11632534116506577
1982-12-08,0.11374933272600174
1982-12-09,0.10816942155361176
1982-12-10,0.1004428043961525
1982-12-13,0.09829673916101456
1982-12-14,0.09743829071521759
1982-12-15,0.09700904786586761
1982-12-16,0.09872591495513916
1982-12-17,0.10344809293746948
1982-12-20,0.1030188724398613
1982-12-21,0.10387731343507767
1982-12-22,0.10688182711601257
1982-12-23,0.10988636314868927
1982-12-27,0.1124616414308548
1982-12-28,0.11160318553447723
1982-12-29,0.10774024575948715
1982-12-30,0.1030188724398613
1982-12-31,0.10258962959051132
1983-01-03,0.09786748141050339
1983-01-04,0.10344809293746948
1983-01-05,0.10387731343507767
1983-01-06,0.10001358389854431
1983-01-07,0.09443376213312149
1983-01-10,0.09872591495513916
1983-01-11,0.10001358389854431
1983-01-12,0.1055941954255104
1983-01-13,0.1055941954255104
1983-01-14,0.11332013458013535
1983-01-17,0.11718378961086273
1983-01-18,0.11460845172405243
1983-01-19,0.11546695977449417
1983-01-20,0.12834422290325165
1983-01-21,0.12834422290325165
1983-01-24,0.12104670703411102
1983-01-25,0.12576811015605927
1983-01-26,0.1309194564819336
1983-01-27,0.1399337500333786
1983-01-28,0.14079222083091736
1983-01-31,0.14036300778388977
1983-02-01,0.14336755871772766
1983-02-02,0.14723052084445953
1983-02-03,0.15324023365974426
1983-02-04,0.15109418332576752
1983-02-07,0.14508435130119324
1983-02-08,0.14379674196243286
1983-02-09,0.14508435130119324
1983-02-10,0.1545279175043106
1983-02-11,0.15967851877212524
1983-02-14,0.15882007777690887
1983-02-15,0.15581557154655457
1983-02-16,0.15281108021736145
1983-02-17,0.15109418332576752
1983-02-18,0.15581557154655457
1983-02-22,0.15967851877212524
1983-02-23,0.1609661877155304
1983-02-24,0.16525912284851074
1983-02-25,0.16053692996501923
1983-02-28,0.15667401254177094
1983-03-01,0.1592492312192917
1983-03-02,0.16053692996501923
1983-03-03,0.15538634359836578
1983-03-04,0.15324023365974426
1983-03-07,0.15023577213287354
1983-03-08,0.14551357924938202
1983-03-09,0.14980573952198029
1983-03-10,0.14765970408916473
1983-03-11,0.14551357924938202
1983-03-14,0.14207981526851654
1983-03-15,0.14422592520713806
1983-03-16,0.14422592520713806
1983-03-17,0.14551357924938202
1983-03-18,0.14765970408916473
1983-03-21,0.15109418332576752
1983-03-22,0.15281108021736145
1983-03-23,0.14551357924938202
1983-03-24,0.14808888733386993
1983-03-25,0.14808888733386993
1983-03-28,0.1459428071975708
1983-03-29,0.15023577213287354
1983-03-30,0.1519526094198227
1983-03-31,0.14508435130119324
1983-04-04,0.14122141897678375
1983-04-05,0.13864614069461823
1983-04-06,0.13735778629779816
1983-04-07,0.13607007265090942
1983-04-08,0.13521161675453186
1983-04-11,0.1429382562637329
1983-04-12,0.1459428071975708
1983-04-13,0.15109418332576752
1983-04-14,0.1545279175043106
1983-04-15,0.15710319578647614
1983-04-18,0.16139543056488037
1983-04-19,0.15967851877212524
1983-04-20,0.17384347319602966
1983-04-21,0.17856553196907043
1983-04-22,0.17513182759284973
1983-04-25,0.16697601974010468
1983-04-26,0.17169736325740814
1983-04-27,0.1699804961681366
1983-04-28,0.17169736325740814
1983-04-29,0.1734141856431961
1983-05-02,0.16826359927654266
1983-05-03,0.1665467470884323
1983-05-04,0.1768486499786377
1983-05-05,0.18843822181224823
1983-05-06,0.18929675221443176
1983-05-09,0.18672141432762146
1983-05-10,0.18800906836986542
1983-05-11,0.18328702449798584
1983-05-12,0.18157003819942474
1983-05-13,0.18242844939231873
1983-05-16,0.17770709097385406
1983-05-17,0.17813634872436523
1983-05-18,0.18028247356414795
1983-05-19,0.18586227297782898
1983-05-20,0.19530582427978516
1983-05-23,0.19745182991027832
1983-05-24,0.20775391161441803
1983-05-25,0.20603686571121216
1983-05-26,0.203890860080719
1983-05-27,0.203890860080719
1983-05-31,0.19831110537052155
1983-06-01,0.19959871470928192
1983-06-02,0.2008863091468811
1983-06-03,0.21075910329818726
1983-06-06,0.2154804915189743
1983-06-07,0.20818297564983368
1983-06-08,0.20560769736766815
1983-06-09,0.2043200582265854
1983-06-10,0.203461691737175
1983-06-13,0.1965934783220291
1983-06-14,0.19230127334594727
1983-06-15,0.18672141432762146
1983-06-16,0.1965934783220291
1983-06-17,0.19273042678833008
1983-06-20,0.18328702449798584
1983-06-21,0.18457458913326263
1983-06-22,0.19015513360500336
1983-06-23,0.18414536118507385
1983-06-24,0.1828576922416687
1983-06-27,0.17298495769500732
1983-06-28,0.1609661877155304
1983-06-29,0.16869284212589264
1983-06-30,0.16783440113067627
1983-07-01,0.16912204027175903
1983-07-05,0.16225452721118927
1983-07-06,0.16268382966518402
1983-07-07,0.16053692996501923
1983-07-08,0.15882007777690887
1983-07-11,0.16311299800872803
1983-07-12,0.1592492312192917
1983-07-13,0.1583908051252365
1983-07-14,0.1579616367816925
1983-07-15,0.15238188207149506
1983-07-18,0.1519526094198227
1983-07-19,0.15023577213287354
1983-07-20,0.14165066182613373
1983-07-21,0.14894729852676392
1983-07-22,0.15023577213287354
1983-07-25,0.14808888733386993
1983-07-26,0.13435320556163788
1983-07-27,0.1244804635643959
1983-07-28,0.11675456911325455
1983-07-29,0.11975906044244766
1983-08-01,0.1184714138507843
1983-08-02,0.11804220080375671
1983-08-03,0.11975906044244766
1983-08-04,0.11417926847934723
1983-08-05,0.11632534116506577
1983-08-08,0.11675456911325455
1983-08-09,0.11804220080375671
1983-08-10,0.11761301010847092
1983-08-11,0.11589612811803818
1983-08-12,0.11503776907920837
1983-08-15,0.11804220080375671
1983-08-16,0.11632534116506577
1983-08-17,0.11374933272600174
1983-08-18,0.11503776907920837
1983-08-19,0.11589612811803818
1983-08-22,0.11546695977449417
1983-08-23,0.1094571202993393
1983-08-24,0.10387731343507767
1983-08-25,0.10473572462797165
1983-08-26,0.10602337121963501
1983-08-29,0.10731102526187897
1983-08-30,0.1128908172249794
1983-08-31,0.12791495025157928
1983-09-01,0.12490963190793991
1983-09-02,0.13049031794071198
1983-09-06,0.13521161675453186
1983-09-07,0.1189006045460701
1983-09-08,0.1090279147028923
1983-09-09,0.10516495257616043
1983-09-12,0.10516495257616043
1983-09-13,0.10988636314868927
1983-09-14,0.10859865695238113
1983-09-15,0.10344809293746948
1983-09-16,0.10087203234434128
1983-09-19,0.10988636314868927
1983-09-20,0.11031554639339447
1983-09-21,0.10816942155361176
1983-09-22,0.11160318553447723
1983-09-23,0.08327337354421616
1983-09-26,0.08541945368051529
1983-09-27,0.08069807291030884
1983-09-28,0.07855198532342911
1983-09-29,0.07812275737524033
1983-09-30,0.07941043376922607
1983-10-03,0.07941043376922607
1983-10-04,0.07855198532342911
1983-10-05,0.07726359367370605
1983-10-06,0.07640516012907028
1983-10-07,0.0699668750166893
1983-10-10,0.06782080978155136
1983-10-11,0.06653314083814621
1983-10-12,0.07254217565059662
1983-10-13,0.07898121327161789
1983-10-14,0.07812275737524033
1983-10-17,0.07211296260356903
1983-10-18,0.06653314083814621
1983-10-19,0.07382985204458237
1983-10-20,0.0699668750166893
1983-10-21,0.06825003772974014
1983-10-24,0.07254217565059662
1983-10-25,0.0729714035987854
1983-10-26,0.06910841166973114
1983-10-27,0.07254217565059662
1983-10-28,0.07168377935886383
1983-10-31,0.07769277691841125
1983-11-01,0.07898121327161789
1983-11-02,0.08069807291030884
1983-11-03,0.07511751353740692
1983-11-04,0.07254217565059662
1983-11-07,0.07211296260356903
1983-11-08,0.061381805688142776
1983-11-09,0.06610392779111862
1983-11-10,0.06739159673452377
1983-11-11,0.06867926567792892
1983-11-14,0.06782080978155136
1983-11-15,0.06782080978155136
1983-11-16,0.06867926567792892
1983-11-17,0.07039611041545868
1983-11-18,0.07082533091306686
1983-11-21,0.07382985204458237
1983-11-22,0.07382985204458237
1983-11-23,0.0699668750166893
1983-11-25,0.07039611041545868
1983-11-28,0.07211296260356903
1983-11-29,0.07125453650951385
1983-11-30,0.0699668750166893
1983-12-01,0.06953766196966171
1983-12-02,0.06825003772974014
1983-12-05,0.0699668750166893
1983-12-06,0.07039611041545868
1983-12-07,0.07211296260356903
1983-12-08,0.07382985204458237
1983-12-09,0.07425904273986816
1983-12-12,0.07382985204458237
1983-12-13,0.07726359367370605
1983-12-14,0.08026885986328125
1983-12-15,0.08370263874530792
1983-12-16,0.0849902480840683
1983-12-19,0.08241492509841919
1983-12-20,0.08026885986328125
1983-12-21,0.08327337354421616
1983-12-22,0.0849902480840683
1983-12-23,0.08456102013587952
1983-12-27,0.0849902480840683
1983-12-28,0.08584868162870407
1983-12-29,0.08370263874530792
1983-12-30,0.08370263874530792
1984-01-03,0.08799473941326141
1984-01-04,0.09572139382362366
1984-01-05,0.09700904786586761
1984-01-06,0.09529220312833786
1984-01-09,0.09014159440994263
1984-01-10,0.09486301243305206
1984-01-11,0.09615063667297363
1984-01-12,0.09572139382362366
1984-01-13,0.09357531368732452
1984-01-16,0.09572139382362366
1984-01-17,0.09829673916101456
1984-01-18,0.09872591495513916
1984-01-19,0.09958435595035553
1984-01-20,0.09829673916101456
1984-01-23,0.09915513545274734
1984-01-24,0.09357531368732452
1984-01-25,0.09271688759326935
1984-01-26,0.09486301243305206
1984-01-27,0.08971161395311356
1984-01-30,0.0849902480840683
1984-01-31,0.0849902480840683
1984-02-01,0.08456102013587952
1984-02-02,0.08541945368051529
1984-02-03,0.08413179963827133
1984-02-06,0.07983963191509247
1984-02-07,0.08284413069486618
1984-02-08,0.07983963191509247
1984-02-09,0.08112726360559464
1984-02-10,0.08370263874530792
1984-02-13,0.08327337354421616
1984-02-14,0.08799473941326141
1984-02-15,0.08627788722515106
1984-02-16,0.08713632822036743
1984-02-17,0.08584868162870407
1984-02-21,0.08971161395311356
1984-02-22,0.09400453418493271
1984-02-23,0.09228762984275818
1984-02-24,0.09314613789319992
1984-02-27,0.09271688759326935
1984-02-28,0.08756552636623383
1984-02-29,0.09014159440994263
1984-03-01,0.09271688759326935
1984-03-02,0.09357531368732452
1984-03-05,0.09185849875211716
1984-03-06,0.0884239673614502
1984-03-07,0.0910000428557396
1984-03-08,0.09228762984275818
1984-03-09,0.090570829808712
1984-03-12,0.09400453418493271
1984-03-13,0.09271688759326935
1984-03-14,0.09142925590276718
1984-03-15,0.09185849875211716
1984-03-16,0.09142925590276718
1984-03-19,0.09014159440994263
1984-03-20,0.08928240090608597
1984-03-21,0.08928240090608597
1984-03-22,0.08756552636623383
1984-03-23,0.08756552636623383
1984-03-26,0.0884239673614502
1984-03-27,0.08584868162870407
1984-03-28,0.08756552636623383
1984-03-29,0.08713632822036743
1984-03-30,0.0849902480840683
1984-04-02,0.08541945368051529
1984-04-03,0.08584868162870407
1984-04-04,0.08413179963827133
1984-04-05,0.08284413069486618
1984-04-06,0.08069807291030884
1984-04-09,0.08069807291030884
1984-04-10,0.0849902480840683
1984-04-11,0.08413179963827133
1984-04-12,0.0884239673614502
1984-04-13,0.0884239673614502
1984-04-16,0.09014159440994263
1984-04-17,0.09443376213312149
1984-04-18,0.09615063667297363
1984-04-19,0.09700904786586761
1984-04-23,0.09743829071521759
1984-04-24,0.09572139382362366
1984-04-25,0.09486301243305206
1984-04-26,0.10216046124696732
1984-04-27,0.10344809293746948
1984-04-30,0.10774024575948715
1984-05-01,0.11417926847934723
1984-05-02,0.11332013458013535
1984-05-03,0.10859865695238113
1984-05-04,0.10344809293746948
1984-05-07,0.10688182711601257
1984-05-08,0.1128908172249794
1984-05-09,0.11374933272600174
1984-05-10,0.11374933272600174
1984-05-11,0.11074475944042206
1984-05-14,0.10859865695238113
1984-05-15,0.1094571202993393
1984-05-16,0.10473572462797165
1984-05-17,0.10001358389854431
1984-05-18,0.10216046124696732
1984-05-21,0.1094571202993393
1984-05-22,0.10602337121963501
1984-05-23,0.10387731343507767
1984-05-24,0.10087203234434128
1984-05-25,0.10130123049020767
1984-05-29,0.10087203234434128
1984-05-30,0.09958435595035553
1984-05-31,0.10087203234434128
1984-06-01,0.10430651903152466
1984-06-04,0.10173046588897705
1984-06-05,0.09572139382362366
1984-06-06,0.09958435595035553
1984-06-07,0.09872591495513916
1984-06-08,0.09829673916101456
1984-06-11,0.09829673916101456
1984-06-12,0.10001358389854431
1984-06-13,0.10216046124696732
1984-06-14,0.09915513545274734
1984-06-15,0.09958435595035553
1984-06-18,0.10173046588897705
1984-06-19,0.10087203234434128
1984-06-20,0.10387731343507767
1984-06-21,0.09958435595035553
1984-06-22,0.09829673916101456
1984-06-25,0.09357531368732452
1984-06-26,0.08928240090608597
1984-06-27,0.08670709282159805
1984-06-28,0.090570829808712
1984-06-29,0.0910000428557396
1984-07-02,0.08799473941326141
1984-07-03,0.08670709282159805
1984-07-05,0.0849902480840683
1984-07-06,0.08627788722515106
1984-07-09,0.09014159440994263
1984-07-10,0.09228762984275818
1984-07-11,0.0910000428557396
1984-07-12,0.09142925590276718
1984-07-13,0.090570829808712
1984-07-16,0.0884239673614502
1984-07-17,0.0884239673614502
1984-07-18,0.08713632822036743
1984-07-19,0.08713632822036743
1984-07-20,0.08713632822036743
1984-07-23,0.08627788722515106
1984-07-24,0.09142925590276718
1984-07-25,0.09185849875211716
1984-07-26,0.09357531368732452
1984-07-27,0.09314613789319992
1984-07-30,0.08756552636623383
1984-07-31,0.08756552636623383
1984-08-01,0.08584868162870407
1984-08-02,0.08284413069486618
1984-08-03,0.09400453418493271
1984-08-06,0.1004428043961525
1984-08-07,0.10173046588897705
1984-08-08,0.09786748141050339
1984-08-09,0.10216046124696732
1984-08-10,0.09786748141050339
1984-08-13,0.1030188724398613
1984-08-14,0.09915513545274734
1984-08-15,0.09572139382362366
1984-08-16,0.09657987207174301
1984-08-17,0.09443376213312149
1984-08-20,0.09400453418493271
1984-08-21,0.09786748141050339
1984-08-22,0.09615063667297363
1984-08-23,0.09657987207174301
1984-08-24,0.09657987207174301
1984-08-27,0.09572139382362366
1984-08-28,0.09700904786586761
1984-08-29,0.09443376213312149
1984-08-30,0.09271688759326935
1984-08-31,0.0910000428557396
1984-09-04,0.09014159440994263
1984-09-05,0.09014159440994263
1984-09-06,0.0910000428557396
1984-09-07,0.0910000428557396
1984-09-10,0.090570829808712
1984-09-11,0.09228762984275818
1984-09-12,0.08971161395311356
1984-09-13,0.09443376213312149
1984-09-14,0.09572139382362366
1984-09-17,0.09829673916101456
1984-09-18,0.09486301243305206
1984-09-19,0.09271688759326935
1984-09-20,0.09314613789319992
1984-09-21,0.09228762984275818
1984-09-24,0.09142925590276718
1984-09-25,0.08971161395311356
1984-09-26,0.0884239673614502
1984-09-27,0.0884239673614502
1984-09-28,0.08627788722515106
1984-10-01,0.08413179963827133
1984-10-02,0.0849902480840683
1984-10-03,0.08627788722515106
1984-10-04,0.08713632822036743
1984-10-05,0.08541945368051529
1984-10-08,0.08541945368051529
1984-10-09,0.08456102013587952
1984-10-10,0.0819857269525528
1984-10-11,0.08155649900436401
1984-10-12,0.07812275737524033
1984-10-15,0.08241492509841919
1984-10-16,0.0819857269525528
1984-10-17,0.08541945368051529
1984-10-18,0.08799473941326141
1984-10-19,0.08799473941326141
1984-10-22,0.08713632822036743
1984-10-23,0.08928240090608597
1984-10-24,0.09014159440994263
1984-10-25,0.08670709282159805
1984-10-26,0.08456102013587952
1984-10-29,0.0849902480840683
1984-10-30,0.08584868162870407
1984-10-31,0.08541945368051529
1984-11-01,0.08584868162870407
1984-11-02,0.08541945368051529
1984-11-05,0.0849902480840683
1984-11-06,0.09014159440994263
1984-11-07,0.0884239673614502
1984-11-08,0.0849902480840683
1984-11-09,0.07983963191509247
1984-11-12,0.08284413069486618
1984-11-13,0.08069807291030884
1984-11-14,0.08155649900436401
1984-11-15,0.08155649900436401
1984-11-16,0.07983963191509247
1984-11-19,0.07511751353740692
1984-11-20,0.07769277691841125
1984-11-21,0.07941043376922607
1984-11-23,0.08155649900436401
1984-11-26,0.08241492509841919
1984-11-27,0.08456102013587952
1984-11-28,0.08885318040847778
1984-11-29,0.08713632822036743
1984-11-30,0.0849902480840683
1984-12-03,0.08370263874530792
1984-12-04,0.08541945368051529
1984-12-05,0.08971161395311356
1984-12-06,0.09400453418493271
1984-12-07,0.09357531368732452
1984-12-10,0.09185849875211716
1984-12-11,0.090570829808712
1984-12-12,0.08756552636623383
1984-12-13,0.0884239673614502
1984-12-14,0.090570829808712
1984-12-17,0.09271688759326935
1984-12-18,0.09829673916101456
1984-12-19,0.09443376213312149
1984-12-20,0.09400453418493271
1984-12-21,0.09271688759326935
1984-12-24,0.09443376213312149
1984-12-26,0.09486301243305206
1984-12-27,0.09529220312833786
1984-12-28,0.09872591495513916
1984-12-31,0.10001358389854431
1985-01-02,0.09572139382362366
1985-01-03,0.09743829071521759
1985-01-04,0.09743829071521759
1985-01-07,0.09700904786586761
1985-01-08,0.09615063667297363
1985-01-09,0.09872591495513916
1985-01-10,0.1030188724398613
1985-01-11,0.10216046124696732
1985-01-14,0.10516495257616043
1985-01-15,0.1030188724398613
1985-01-16,0.10387731343507767
1985-01-17,0.09657987207174301
1985-01-18,0.09829673916101456
1985-01-21,0.1004428043961525
1985-01-22,0.10344809293746948
1985-01-23,0.10173046588897705
1985-01-24,0.09958435595035553
1985-01-25,0.10173046588897705
1985-01-28,0.10387731343507767
1985-01-29,0.10258962959051132
1985-01-30,0.10258962959051132
1985-01-31,0.09958435595035553
1985-02-01,0.09829673916101456
1985-02-04,0.1004428043961525
1985-02-05,0.10130123049020767
1985-02-06,0.1030188724398613
1985-02-07,0.10258962959051132
1985-02-08,0.10258962959051132
1985-02-11,0.10473572462797165
1985-02-12,0.10216046124696732
1985-02-13,0.09743829071521759
1985-02-14,0.09486301243305206
1985-02-15,0.09615063667297363
1985-02-19,0.09486301243305206
1985-02-20,0.090570829808712
1985-02-21,0.09228762984275818
1985-02-22,0.09486301243305206
1985-02-25,0.09357531368732452
1985-02-26,0.09185849875211716
1985-02-27,0.08627788722515106
1985-02-28,0.0849902480840683
1985-03-01,0.08541945368051529
1985-03-04,0.08670709282159805
1985-03-05,0.08885318040847778
1985-03-06,0.08456102013587952
1985-03-07,0.0759759172797203
1985-03-08,0.07382985204458237
1985-03-11,0.07640516012907028
1985-03-12,0.07898121327161789
1985-03-13,0.07468827813863754
1985-03-14,0.07468827813863754
1985-03-15,0.07769277691841125
1985-03-18,0.07855198532342911
1985-03-19,0.07554671168327332
1985-03-20,0.07640516012907028
1985-03-21,0.07769277691841125
1985-03-22,0.07640516012907028
1985-03-25,0.07425904273986816
1985-03-26,0.07726359367370605
1985-03-27,0.07511751353740692
1985-03-28,0.07511751353740692
1985-03-29,0.0759759172797203
1985-04-01,0.07425904273986816
1985-04-02,0.07211296260356903
1985-04-03,0.07211296260356903
1985-04-04,0.07168377935886383
1985-04-08,0.06739159673452377
1985-04-09,0.06739159673452377
1985-04-10,0.07211296260356903
1985-04-11,0.07340062409639359
1985-04-12,0.07168377935886383
1985-04-15,0.07340062409639359
1985-04-16,0.07425904273986816
1985-04-17,0.07769277691841125
1985-04-18,0.07855198532342911
1985-04-19,0.07726359367370605
1985-04-22,0.07425904273986816
1985-04-23,0.0759759172797203
1985-04-24,0.07554671168327332
1985-04-25,0.07554671168327332
1985-04-26,0.07511751353740692
1985-04-29,0.07254217565059662
1985-04-30,0.0729714035987854
1985-05-01,0.07168377935886383
1985-05-02,0.06610392779111862
1985-05-03,0.06867926567792892
1985-05-06,0.06782080978155136
1985-05-07,0.06867926567792892
1985-05-08,0.06825003772974014
1985-05-09,0.06867926567792892
1985-05-10,0.06953766196966171
1985-05-13,0.06867926567792892
1985-05-14,0.06782080978155136
1985-05-15,0.06867926567792892
1985-05-16,0.07340062409639359
1985-05-17,0.07468827813863754
1985-05-20,0.07340062409639359
1985-05-21,0.07125453650951385
1985-05-22,0.07082533091306686
1985-05-23,0.06782080978155136
1985-05-24,0.06224023178219795
1985-05-28,0.05794806405901909
1985-05-29,0.05880650505423546
1985-05-30,0.06052335351705551
1985-05-31,0.05966491997241974
1985-06-03,0.05494355410337448
1985-06-04,0.05923570692539215
1985-06-05,0.05794806405901909
1985-06-06,0.058377284556627274
1985-06-07,0.05623122677206993
1985-06-10,0.05537278577685356
1985-06-11,0.05537278577685356
1985-06-12,0.05408508703112602
1985-06-13,0.05107981339097023
1985-06-14,0.050650615245103836
1985-06-17,0.05107981339097023
1985-06-18,0.05236745998263359
1985-06-19,0.05365511775016785
1985-06-20,0.05408508703112602
1985-06-21,0.05537278577685356
1985-06-24,0.05923570692539215
1985-06-25,0.06009411811828613
1985-06-26,0.06224023178219795
1985-06-27,0.06309860944747925
1985-06-28,0.06181100010871887
1985-07-01,0.06224023178219795
1985-07-02,0.05923570692539215
1985-07-03,0.06009411811828613
1985-07-05,0.06052335351705551
1985-07-08,0.06052335351705551
1985-07-09,0.06052335351705551
1985-07-10,0.06181100010871887
1985-07-11,0.06181100010871887
1985-07-12,0.061381805688142776
1985-07-15,0.06095261499285698
1985-07-16,0.06009411811828613
1985-07-17,0.06052335351705551
1985-07-18,0.05923570692539215
1985-07-19,0.05966491997241974
1985-07-22,0.05794806405901909
1985-07-23,0.056660428643226624
1985-07-24,0.05580199137330055
1985-07-25,0.057089634239673615
1985-07-26,0.057089634239673615
1985-07-29,0.05494355410337448
1985-07-30,0.05580199137330055
1985-07-31,0.0545143224298954
1985-08-01,0.0545143224298954
1985-08-02,0.05408508703112602
1985-08-05,0.052796706557273865
1985-08-06,0.05236745998263359
1985-08-07,0.05107981339097023
1985-08-08,0.05193827673792839
1985-08-09,0.05236745998263359
1985-08-12,0.051509033888578415
1985-08-13,0.05236745998263359
1985-08-14,0.05022140219807625
1985-08-15,0.049792177975177765
1985-08-16,0.05022140219807625
1985-08-19,0.051509033888578415
1985-08-20,0.05236745998263359
1985-08-21,0.05236745998263359
1985-08-22,0.05107981339097023
1985-08-23,0.050650615245103836
1985-08-26,0.05193827673792839
1985-08-27,0.05236745998263359
1985-08-28,0.05236745998263359
1985-08-29,0.05107981339097023
1985-08-30,0.051509033888578415
1985-09-03,0.050650615245103836
1985-09-04,0.05107981339097023
1985-09-05,0.05107981339097023
1985-09-06,0.051509033888578415
1985-09-09,0.05236745998263359
1985-09-10,0.052796706557273865
1985-09-11,0.05322590842843056
1985-09-12,0.05537278577685356
1985-09-13,0.05408508703112602
1985-09-16,0.05236745998263359
1985-09-17,0.05236745998263359
1985-09-18,0.05580199137330055
1985-09-19,0.058377284556627274
1985-09-20,0.05751888453960419
1985-09-23,0.05794806405901909
1985-09-24,0.056660428643226624
1985-09-25,0.0545143224298954
1985-09-26,0.0545143224298954
1985-09-30,0.05408508703112602
1985-10-01,0.05408508703112602
1985-10-02,0.05365511775016785
1985-10-03,0.05322590842843056
1985-10-04,0.051509033888578415
1985-10-07,0.051509033888578415
1985-10-08,0.05193827673792839
1985-10-09,0.051509033888578415
1985-10-10,0.0545143224298954
1985-10-11,0.05494355410337448
1985-10-14,0.057089634239673615
1985-10-15,0.058377284556627274
1985-10-16,0.06181100010871887
1985-10-17,0.06266941130161285
1985-10-18,0.06095261499285698
1985-10-21,0.05923570692539215
1985-10-22,0.06181100010871887
1985-10-23,0.06181100010871887
1985-10-24,0.06309860944747925
1985-10-25,0.06181100010871887
1985-10-28,0.06181100010871887
1985-10-29,0.061381805688142776
1985-10-30,0.06524474173784256
1985-10-31,0.063957080245018
1985-11-01,0.063957080245018
1985-11-04,0.06438630819320679
1985-11-05,0.063957080245018
1985-11-06,0.06610392779111862
1985-11-07,0.06739159673452377
1985-11-08,0.07039611041545868
1985-11-11,0.06867926567792892
1985-11-12,0.06825003772974014
1985-11-13,0.06653314083814621
1985-11-14,0.06867926567792892
1985-11-15,0.06825003772974014
1985-11-18,0.06825003772974014
1985-11-19,0.06610392779111862
1985-11-20,0.06524474173784256
1985-11-21,0.06524474173784256
1985-11-22,0.06524474173784256
1985-11-25,0.06567394733428955
1985-11-26,0.06653314083814621
1985-11-27,0.06867926567792892
1985-11-29,0.06910841166973114
1985-12-02,0.06953766196966171
1985-12-03,0.06910841166973114
1985-12-04,0.07039611041545868
1985-12-05,0.06910841166973114
1985-12-06,0.06782080978155136
1985-12-09,0.06653314083814621
1985-12-10,0.06696238368749619
1985-12-11,0.06782080978155136
1985-12-12,0.06867926567792892
1985-12-13,0.06867926567792892
1985-12-16,0.07168377935886383
1985-12-17,0.07082533091306686
1985-12-18,0.07640516012907028
1985-12-19,0.07726359367370605
1985-12-20,0.07683436572551727
1985-12-23,0.07511751353740692
1985-12-24,0.07468827813863754
1985-12-26,0.07468827813863754
1985-12-27,0.07683436572551727
1985-12-30,0.07640516012907028
1985-12-31,0.07554671168327332
1986-01-02,0.07640516012907028
1986-01-03,0.07683436572551727
1986-01-06,0.07640516012907028
1986-01-07,0.07898121327161789
1986-01-08,0.07855198532342911
1986-01-09,0.07769277691841125
1986-01-10,0.07812275737524033
1986-01-13,0.07898121327161789
1986-01-14,0.07983963191509247
1986-01-15,0.0819857269525528
1986-01-16,0.08413179963827133
1986-01-17,0.08241492509841919
1986-01-20,0.0819857269525528
1986-01-21,0.08241492509841919
1986-01-22,0.08026885986328125
1986-01-23,0.07898121327161789
1986-01-24,0.07769277691841125
1986-01-27,0.0759759172797203
1986-01-28,0.07640516012907028
1986-01-29,0.08112726360559464
1986-01-30,0.07898121327161789
1986-01-31,0.07941043376922607
1986-02-03,0.0819857269525528
1986-02-04,0.08155649900436401
1986-02-05,0.08155649900436401
1986-02-06,0.08284413069486618
1986-02-07,0.08241492509841919
1986-02-10,0.0819857269525528
1986-02-11,0.0819857269525528
1986-02-12,0.08241492509841919
1986-02-13,0.0819857269525528
1986-02-14,0.08155649900436401
1986-02-18,0.0819857269525528
1986-02-19,0.08584868162870407
1986-02-20,0.08627788722515106
1986-02-21,0.08670709282159805
1986-02-24,0.0884239673614502
1986-02-25,0.090570829808712
1986-02-26,0.08928240090608597
1986-02-27,0.08799473941326141
1986-02-28,0.08584868162870407
1986-03-03,0.08456102013587952
1986-03-04,0.08456102013587952
1986-03-05,0.08670709282159805
1986-03-06,0.08713632822036743
1986-03-07,0.0849902480840683
1986-03-10,0.08456102013587952
1986-03-11,0.08541945368051529
1986-03-12,0.0849902480840683
1986-03-13,0.0849902480840683
1986-03-14,0.08971161395311356
1986-03-17,0.08928240090608597
1986-03-18,0.09228762984275818
1986-03-19,0.0910000428557396
1986-03-20,0.09700904786586761
1986-03-21,0.09486301243305206
1986-03-24,0.09185849875211716
1986-03-25,0.09572139382362366
1986-03-26,0.09700904786586761
1986-03-27,0.09700904786586761
1986-03-31,0.09700904786586761
1986-04-01,0.09357531368732452
1986-04-02,0.09357531368732452
1986-04-03,0.09271688759326935
1986-04-04,0.09185849875211716
1986-04-07,0.09357531368732452
1986-04-08,0.09486301243305206
1986-04-09,0.09314613789319992
1986-04-10,0.09357531368732452
1986-04-11,0.09271688759326935
1986-04-14,0.09228762984275818
1986-04-15,0.09400453418493271
1986-04-16,0.09700904786586761
1986-04-17,0.09958435595035553
1986-04-18,0.10216046124696732
1986-04-21,0.10430651903152466
1986-04-22,0.10258962959051132
1986-04-23,0.10173046588897705
1986-04-24,0.10774024575948715
1986-04-25,0.11074475944042206
1986-04-28,0.10988636314868927
1986-04-29,0.10731102526187897
1986-04-30,0.10387731343507767
1986-05-01,0.10387731343507767
1986-05-02,0.10473572462797165
1986-05-05,0.11031554639339447
1986-05-06,0.11203242838382721
1986-05-07,0.10816942155361176
1986-05-08,0.11332013458013535
1986-05-09,0.11460845172405243
1986-05-12,0.12490963190793991
1986-05-13,0.12362200021743774
1986-05-14,0.1266273409128189
1986-05-15,0.12362200021743774
1986-05-16,0.12362200021743774
1986-05-19,0.12233439087867737
1986-05-20,0.12147592008113861
1986-05-21,0.1270565539598465
1986-05-22,0.12619814276695251
1986-05-23,0.1270565539598465
1986-05-27,0.1266273409128189
1986-05-28,0.12791495025157928
1986-05-29,0.1270565539598465
1986-05-30,0.1270565539598465
1986-06-02,0.1274857074022293
1986-06-03,0.13006103038787842
1986-06-04,0.13306555151939392
1986-06-05,0.1334947943687439
1986-06-06,0.1296318769454956
1986-06-09,0.12362200021743774
1986-06-10,0.12362200021743774
1986-06-11,0.12405123561620712
1986-06-12,0.12362200021743774
1986-06-13,0.12490963190793991
1986-06-16,0.12319278717041016
1986-06-17,0.11761301010847092
1986-06-18,0.11761301010847092
1986-06-19,0.12018823623657227
1986-06-20,0.12362200021743774
1986-06-23,0.11932983994483948
1986-06-24,0.11975906044244766
1986-06-25,0.12319278717041016
1986-06-26,0.1244804635643959
1986-06-27,0.12319278717041016
1986-06-30,0.12319278717041016
1986-07-01,0.12147592008113861
1986-07-02,0.12405123561620712
1986-07-03,0.12920255959033966
1986-07-07,0.12233439087867737
1986-07-08,0.11761301010847092
1986-07-09,0.1189006045460701
1986-07-10,0.12147592008113861
1986-07-11,0.1274857074022293
1986-07-14,0.1244804635643959
1986-07-15,0.11975906044244766
1986-07-16,0.11503776907920837
1986-07-17,0.11074475944042206
1986-07-18,0.1090279147028923
1986-07-21,0.11503776907920837
1986-07-22,0.1189006045460701
1986-07-23,0.11718378961086273
1986-07-24,0.11374933272600174
1986-07-25,0.11675456911325455
1986-07-28,0.11117397993803024
1986-07-29,0.10731102526187897
1986-07-30,0.10473572462797165
1986-07-31,0.10731102526187897
1986-08-01,0.10774024575948715
1986-08-04,0.10816942155361176
1986-08-05,0.11031554639339447
1986-08-06,0.10688182711601257
1986-08-07,0.1090279147028923
1986-08-08,0.10859865695238113
1986-08-11,0.11503776907920837
1986-08-12,0.11761301010847092
1986-08-13,0.12362200021743774
1986-08-14,0.12362200021743774
1986-08-15,0.12276361137628555
1986-08-18,0.12147592008113861
1986-08-19,0.12147592008113861
1986-08-20,0.1244804635643959
1986-08-21,0.12276361137628555
1986-08-22,0.1244804635643959
1986-08-25,0.12490963190793991
1986-08-26,0.12576811015605927
1986-08-27,0.1270565539598465
1986-08-28,0.1296318769454956
1986-08-29,0.1270565539598465
1986-09-02,0.11932983994483948
1986-09-03,0.11932983994483948
1986-09-04,0.12190522998571396
1986-09-05,0.12061749398708344
1986-09-08,0.11932983994483948
1986-09-09,0.12276361137628555
1986-09-10,0.12018823623657227
1986-09-11,0.11203242838382721
1986-09-12,0.1090279147028923
1986-09-15,0.11374933272600174
1986-09-16,0.11975906044244766
1986-09-17,0.11761301010847092
1986-09-18,0.11675456911325455
1986-09-19,0.11546695977449417
1986-09-22,0.12104670703411102
1986-09-23,0.12405123561620712
1986-09-24,0.12061749398708344
1986-09-25,0.1184714138507843
1986-09-26,0.11761301010847092
1986-09-29,0.11160318553447723
1986-09-30,0.11503776907920837
1986-10-01,0.11718378961086273
1986-10-02,0.11718378961086273
1986-10-03,0.11589612811803818
1986-10-06,0.11718378961086273
1986-10-07,0.11332013458013535
1986-10-08,0.1124616414308548
1986-10-09,0.11332013458013535
1986-10-10,0.11417926847934723
1986-10-13,0.1189006045460701
1986-10-14,0.11675456911325455
1986-10-15,0.11460845172405243
1986-10-16,0.11546695977449417
1986-10-17,0.11546695977449417
1986-10-20,0.1128908172249794
1986-10-21,0.1124616414308548
1986-10-22,0.11160318553447723
1986-10-23,0.11374933272600174
1986-10-24,0.11332013458013535
1986-10-27,0.11675456911325455
1986-10-28,0.11460845172405243
1986-10-29,0.11460845172405243
1986-10-30,0.11761301010847092
1986-10-31,0.1189006045460701
1986-11-03,0.12018823623657227
1986-11-04,0.12276361137628555
1986-11-05,0.1270565539598465
1986-11-06,0.12405123561620712
1986-11-07,0.12276361137628555
1986-11-10,0.12147592008113861
1986-11-11,0.12190522998571396
1986-11-12,0.12576811015605927
1986-11-13,0.12190522998571396
1986-11-14,0.12104670703411102
1986-11-17,0.12490963190793991
1986-11-18,0.12147592008113861
1986-11-19,0.12018823623657227
1986-11-20,0.12104670703411102
1986-11-21,0.12362200021743774
1986-11-24,0.13049031794071198
1986-11-25,0.13821682333946228
1986-11-26,0.13907532393932343
1986-11-28,0.13735778629779816
1986-12-01,0.13778693974018097
1986-12-02,0.1425090730190277
1986-12-03,0.14680124819278717
1986-12-04,0.1459428071975708
1986-12-05,0.15023577213287354
1986-12-08,0.1459428071975708
1986-12-09,0.14551357924938202
1986-12-10,0.14937655627727509
1986-12-11,0.14723052084445953
1986-12-12,0.14165066182613373
1986-12-15,0.14336755871772766
1986-12-16,0.1459428071975708
1986-12-17,0.14165066182613373
1986-12-18,0.14207981526851654
1986-12-19,0.14465515315532684
1986-12-22,0.14465515315532684
1986-12-23,0.14465515315532684
1986-12-24,0.14379674196243286
1986-12-26,0.14079222083091736
1986-12-29,0.13907532393932343
1986-12-30,0.14079222083091736
1986-12-31,0.13907532393932343
1987-01-02,0.14036300778388977
1987-01-05,0.14765970408916473
1987-01-06,0.15023577213287354
1987-01-07,0.15366949141025543
1987-01-08,0.15366949141025543
1987-01-09,0.15581557154655457
1987-01-12,0.15624478459358215
1987-01-13,0.15324023365974426
1987-01-14,0.16525912284851074
1987-01-15,0.17126818001270294
1987-01-16,0.16740527749061584
1987-01-19,0.18242844939231873
1987-01-20,0.17727789282798767
1987-01-21,0.16826359927654266
1987-01-22,0.18028247356414795
1987-01-23,0.17255577445030212
1987-01-26,0.17083890736103058
1987-01-27,0.18114089965820312
1987-01-28,0.19015513360500336
1987-01-29,0.18586227297782898
1987-01-30,0.19058440625667572
1987-02-02,0.1918720304965973
1987-02-03,0.19058440625667572
1987-02-04,0.18886752426624298
1987-02-05,0.1850038766860962
1987-02-06,0.18543300032615662
1987-02-09,0.18071171641349792
1987-02-10,0.18114089965820312
1987-02-11,0.19401809573173523
1987-02-12,0.20131546258926392
1987-02-13,0.21333447098731995
1987-02-17,0.2279285341501236
1987-02-18,0.2180558294057846
1987-02-19,0.21419279277324677
1987-02-20,0.21032990515232086
1987-02-23,0.21676813066005707
1987-02-24,0.22492407262325287
1987-02-25,0.23737198114395142
1987-02-26,0.23737198114395142
1987-02-27,0.24037647247314453
1987-03-02,0.23179154098033905
1987-03-03,0.2232072502374649
1987-03-04,0.23222076892852783
1987-03-05,0.23522602021694183
1987-03-06,0.23093312978744507
1987-03-09,0.22191880643367767
1987-03-10,0.22921617329120636
1987-03-11,0.22749945521354675
1987-03-12,0.22406554222106934
1987-03-13,0.2180558294057846
1987-03-16,0.22406554222106934
1987-03-17,0.23007461428642273
1987-03-18,0.22664093971252441
1987-03-19,0.23479677736759186
1987-03-20,0.23436757922172546
1987-03-23,0.23179154098033905
1987-03-24,0.22749945521354675
1987-03-25,0.22921617329120636
1987-03-26,0.23093312978744507
1987-03-27,0.2232072502374649
1987-03-30,0.21462205052375793
1987-03-31,0.22148951888084412
1987-04-01,0.22921617329120636
1987-04-02,0.24638640880584717
1987-04-03,0.24638640880584717
1987-04-06,0.24037647247314453
1987-04-07,0.23264993727207184
1987-04-08,0.2369428277015686
1987-04-09,0.24381045997142792
1987-04-10,0.24123498797416687
1987-04-13,0.23179154098033905
1987-04-14,0.23350831866264343
1987-04-15,0.24381045997142792
1987-04-16,0.2455272227525711
1987-04-20,0.2442394345998764
1987-04-21,0.25668764114379883
1987-04-22,0.2549706697463989
1987-04-23,0.26098063588142395
1987-04-24,0.25668764114379883
1987-04-27,0.2575460374355316
1987-04-28,0.26441413164138794
1987-04-29,0.2669895887374878
1987-04-30,0.2721409201622009
1987-05-01,0.2747163772583008
1987-05-04,0.27385783195495605
1987-05-05,0.2755746841430664
1987-05-06,0.2747163772583008
1987-05-07,0.2755746841430664
1987-05-08,0.27128246426582336
1987-05-11,0.2648168206214905
1987-05-12,0.2596583068370819
1987-05-13,0.26997503638267517
1987-05-14,0.2725551426410675
1987-05-15,0.2691154181957245
1987-05-18,0.26051798462867737
1987-05-19,0.25191977620124817
1987-05-20,0.25621849298477173
1987-05-21,0.25621849298477173
1987-05-22,0.2549290657043457
1987-05-26,0.2682556211948395
1987-05-27,0.2734149694442749
1987-05-28,0.2751343846321106
1987-05-29,0.2716955244541168
1987-06-01,0.26739588379859924
1987-06-02,0.2656765580177307
1987-06-03,0.26739588379859924
1987-06-04,0.26997503638267517
1987-06-05,0.26739588379859924
1987-06-08,0.26739588379859924
1987-06-09,0.26997503638267517
1987-06-10,0.26997503638267517
1987-06-11,0.2716955244541168
1987-06-12,0.2716955244541168
1987-06-15,0.26997503638267517
1987-06-16,0.2854520380496979
1987-06-17,0.2785731554031372
1987-06-18,0.2854520380496979
1987-06-19,0.2820121645927429
1987-06-22,0.2888909876346588
1987-06-23,0.2837325930595398
1987-06-24,0.2888909876346588
1987-06-25,0.2785731554031372
1987-06-26,0.2785731554031372
1987-06-29,0.280292809009552
1987-06-30,0.2785731554031372
1987-07-01,0.2751343846321106
1987-07-02,0.27943307161331177
1987-07-06,0.280292809009552
1987-07-07,0.26997503638267517
1987-07-08,0.25621849298477173
1987-07-09,0.2596583068370819
1987-07-10,0.2613777816295624
1987-07-13,0.2785731554031372
1987-07-14,0.29576969146728516
1987-07-15,0.30264753103256226
1987-07-16,0.30264753103256226
1987-07-17,0.29748910665512085
1987-07-20,0.28717148303985596
1987-07-21,0.28459233045578003
1987-07-22,0.292329877614975
1987-07-23,0.28717148303985596
1987-07-24,0.292329877614975
1987-07-27,0.2906104624271393
1987-07-28,0.2880311906337738
1987-07-29,0.2820121645927429
1987-07-30,0.2854520380496979
1987-07-31,0.2837325930595398
1987-08-03,0.2768537402153015
1987-08-04,0.2906104624271393
1987-08-05,0.29748910665512085
1987-08-06,0.31812363862991333
1987-08-07,0.31984400749206543
1987-08-10,0.3323100507259369
1987-08-11,0.3409186601638794
1987-08-12,0.3357534408569336
1987-08-13,0.33747509121894836
1987-08-14,0.33747509121894836
1987-08-17,0.3409186601638794
1987-08-18,0.3357534408569336
1987-08-19,0.3443628251552582
1987-08-20,0.356415331363678
1987-08-21,0.3650238811969757
1987-08-24,0.3598587214946747
1987-08-25,0.3581371307373047
1987-08-26,0.3581371307373047
1987-08-27,0.3581371307373047
1987-08-28,0.3581371307373047
1987-08-31,0.37191158533096313
1987-09-01,0.3615805506706238
1987-09-02,0.3581371307373047
1987-09-03,0.35297122597694397
1987-09-04,0.3478061854839325
1987-09-08,0.3435019254684448
1987-09-09,0.3633022904396057
1987-09-10,0.3701897859573364
1987-09-11,0.3753546476364136
1987-09-14,0.3650238811969757
1987-09-15,0.356415331363678
1987-09-16,0.356415331363678
1987-09-17,0.3581371307373047
1987-09-18,0.356415331363678
1987-09-21,0.34608450531959534
1987-09-22,0.37277230620384216
1987-09-23,0.38052067160606384
1987-09-24,0.3891291916370392
1987-09-25,0.3960167467594147
1987-09-28,0.38396409153938293
1987-09-29,0.3753546476364136
1987-09-30,0.3891291916370392
1987-10-01,0.4011819064617157
1987-10-02,0.40290358662605286
1987-10-05,0.4080696702003479
1987-10-06,0.38396409153938293
1987-10-07,0.3822424113750458
1987-10-08,0.3736332356929779
1987-10-09,0.37277230620384216
1987-10-12,0.36674559116363525
1987-10-13,0.3753546476364136
1987-10-14,0.36674559116363525
1987-10-15,0.3581371307373047
1987-10-16,0.3323100507259369
1987-10-19,0.25138458609580994
1987-10-20,0.23761022090911865
1987-10-21,0.27893340587615967
1987-10-22,0.2531062960624695
1987-10-23,0.2444971799850464
1987-10-26,0.19284294545650482
1987-10-27,0.20833902060985565
1987-10-28,0.23072262108325958
1987-10-29,0.27204668521881104
1987-10-30,0.26601988077163696
1987-11-02,0.26688066124916077
1987-11-03,0.24966304004192352
1987-11-04,0.24794115126132965
1987-11-05,0.2617156505584717
1987-11-06,0.25999394059181213
1987-11-09,0.25654974579811096
1987-11-10,0.24966304004192352
1987-11-11,0.25654974579811096
1987-11-12,0.26688066124916077
1987-11-13,0.25654974579811096
1987-11-16,0.2531062960624695
1987-11-17,0.24157941341400146
1987-11-18,0.25020742416381836
1987-11-19,0.2381283938884735
1987-11-20,0.2450302243232727
1987-11-23,0.25020742416381836
1987-11-24,0.25538378953933716
1987-11-25,0.2519327998161316
1987-11-27,0.24157941341400146
1987-11-30,0.2277749627828598
1987-12-01,0.2295003980398178
1987-12-02,0.22432401776313782
1987-12-03,0.21051877737045288
1987-12-04,0.21224498748779297
1987-12-07,0.2277749627828598
1987-12-08,0.2381283938884735
1987-12-09,0.24157941341400146
1987-12-10,0.2398538440465927
1987-12-11,0.23467670381069183
1987-12-14,0.25710922479629517
1987-12-15,0.258834570646286
1987-12-16,0.27091366052627563
1987-12-17,0.27091366052627563
1987-12-18,0.27954158186912537
1987-12-21,0.28816983103752136
1987-12-22,0.2864442765712738
1987-12-23,0.2916207015514374
1987-12-24,0.29420894384384155
1987-12-28,0.27781620621681213
1987-12-29,0.29075777530670166
1987-12-30,0.2993859350681305
1987-12-31,0.28989529609680176
1988-01-04,0.3088769316673279
1988-01-05,0.3080141246318817
1988-01-06,0.3019741475582123
1988-01-07,0.30715054273605347
1988-01-08,0.2760908305644989
1988-01-11,0.2933461666107178
1988-01-12,0.28989529609680176
1988-01-13,0.2916207015514374
1988-01-14,0.2916207015514374
1988-01-15,0.29593518376350403
1988-01-18,0.295071542263031
1988-01-19,0.295071542263031
1988-01-20,0.27436524629592896
1988-01-21,0.2769535183906555
1988-01-22,0.27091366052627563
1988-01-25,0.2821299135684967
1988-01-26,0.27436524629592896
1988-01-27,0.27436524629592896
1988-01-28,0.28471890091896057
1988-01-29,0.2864442765712738
1988-02-01,0.28816983103752136
1988-02-02,0.28471890091896057
1988-02-03,0.2726399302482605
1988-02-04,0.27436524629592896
1988-02-05,0.26660001277923584
1988-02-08,0.267462819814682
1988-02-09,0.27436524629592896
1988-02-10,0.2829926013946533
1988-02-11,0.2804044485092163
1988-02-12,0.28355079889297485
1988-02-16,0.2852804660797119
1988-02-17,0.28960251808166504
1988-02-18,0.2887382209300995
1988-02-19,0.2887382209300995
1988-02-22,0.2991120517253876
1988-02-23,0.2956535220146179
1988-02-24,0.29219579696655273
1988-02-25,0.2887382209300995
1988-02-26,0.2887382209300995
1988-02-29,0.2973830997943878
1988-03-01,0.2991120517253876
1988-03-02,0.30948615074157715
1988-03-03,0.3215889036655426
1988-03-04,0.3241821229457855
1988-03-07,0.3241821229457855
1988-03-08,0.319859117269516
1988-03-09,0.32331764698028564
1988-03-10,0.3129437267780304
1988-03-11,0.3164013624191284
1988-03-14,0.319859117269516
1988-03-15,0.3112148642539978
1988-03-16,0.31899479031562805
1988-03-17,0.3112148642539978
1988-03-18,0.30948615074157715
1988-03-21,0.3034343123435974
1988-03-22,0.3042985796928406
1988-03-23,0.2939246892929077
1988-03-24,0.28268635272979736
1988-03-25,0.2774997353553772
1988-03-28,0.28700923919677734
1988-03-29,0.28355079889297485
1988-03-30,0.2731776833534241
1988-03-31,0.27663540840148926
1988-04-04,0.2679903209209442
1988-04-05,0.2714479863643646
1988-04-06,0.2887382209300995
1988-04-07,0.28182193636894226
1988-04-08,0.28355079889297485
1988-04-11,0.28700923919677734
1988-04-12,0.2887382209300995
1988-04-13,0.2852804660797119
1988-04-14,0.2731776833534241
1988-04-15,0.2731776833534241
1988-04-18,0.27663540840148926
1988-04-19,0.2783642113208771
1988-04-20,0.2749063968658447
1988-04-21,0.2731776833534241
1988-04-22,0.2774997353553772
1988-04-25,0.28268635272979736
1988-04-26,0.28700923919677734
1988-04-27,0.2887382209300995
1988-04-28,0.2861449718475342
1988-04-29,0.28355079889297485
1988-05-02,0.28355079889297485
1988-05-03,0.2887382209300995
1988-05-04,0.29046711325645447
1988-05-05,0.2887382209300995
1988-05-06,0.2852804660797119
1988-05-09,0.28182193636894226
1988-05-10,0.28268635272979736
1988-05-11,0.2731776833534241
1988-05-12,0.2749063968658447
1988-05-13,0.2800929546356201
1988-05-16,0.2858448624610901
1988-05-17,0.28064706921577454
1988-05-18,0.2754502296447754
1988-05-19,0.2702527344226837
1988-05-20,0.2685205340385437
1988-05-23,0.263323575258255
1988-05-24,0.2693866193294525
1988-05-25,0.26678821444511414
1988-05-26,0.27285194396972656
1988-05-27,0.2754502296447754
1988-05-31,0.28757718205451965
1988-06-01,0.2945062518119812
1988-06-02,0.2893095314502716
1988-06-03,0.2979714572429657
1988-06-06,0.3049006164073944
1988-06-07,0.3049006164073944
1988-06-08,0.3118305206298828
1988-06-09,0.3014362156391144
1988-06-10,0.30836519598960876
1988-06-13,0.3118305206298828
1988-06-14,0.3135628402233124
1988-06-15,0.31702739000320435
1988-06-16,0.30836519598960876
1988-06-17,0.3100983500480652
1988-06-20,0.3057668209075928
1988-06-21,0.310964435338974
1988-06-22,0.31616130471229553
1988-06-23,0.3118305206298828
1988-06-24,0.3118305206298828
1988-06-27,0.30836519598960876
1988-06-28,0.3204919099807739
1988-06-29,0.3213587701320648
1988-06-30,0.3204919099807739
1988-07-01,0.3222251832485199
1988-07-05,0.32742175459861755
1988-07-06,0.3222251832485199
1988-07-07,0.31789344549179077
1988-07-08,0.3135628402233124
1988-07-11,0.312696635723114
1988-07-12,0.3100983500480652
1988-07-13,0.3100983500480652
1988-07-14,0.3118305206298828
1988-07-15,0.3118305206298828
1988-07-18,0.31529515981674194
1988-07-19,0.3100983500480652
1988-07-20,0.3066328763961792
1988-07-21,0.2979714572429657
1988-07-22,0.2945062518119812
1988-07-25,0.2962384521961212
1988-07-26,0.2962384521961212
1988-07-27,0.2962384521961212
1988-07-28,0.2953724265098572
1988-07-29,0.3074991703033447
1988-08-01,0.3118305206298828
1988-08-02,0.309232234954834
1988-08-03,0.3100983500480652
1988-08-04,0.309232234954834
1988-08-05,0.3066328763961792
1988-08-08,0.3049006164073944
1988-08-09,0.3014362156391144
1988-08-10,0.29017552733421326
1988-08-11,0.29970383644104004
1988-08-12,0.2945062518119812
1988-08-15,0.2863836884498596
1988-08-16,0.2950614094734192
1988-08-17,0.2915904223918915
1988-08-18,0.2950614094734192
1988-08-19,0.28291183710098267
1988-08-22,0.2759694755077362
1988-08-23,0.2742340862751007
1988-08-24,0.28291183710098267
1988-08-25,0.2785729467868805
1988-08-26,0.279440701007843
1988-08-29,0.2837795615196228
1988-08-30,0.2837795615196228
1988-08-31,0.276837557554245
1988-09-01,0.26989448070526123
1988-09-02,0.2759694755077362
1988-09-06,0.26989448070526123
1988-09-07,0.2655555009841919
1988-09-08,0.2690267264842987
1988-09-09,0.2811761200428009
1988-09-12,0.28464728593826294
1988-09-13,0.28464728593826294
1988-09-14,0.2915904223918915
1988-09-15,0.2889869511127472
1988-09-16,0.29332584142684937
1988-09-19,0.28985485434532166
1988-09-20,0.28811925649642944
1988-09-21,0.296796977519989
1988-09-22,0.3054754436016083
1988-09-23,0.3037397861480713
1988-09-26,0.296796977519989
1988-09-27,0.3011365532875061
1988-09-28,0.30200448632240295
1988-09-29,0.3054754436016083
1988-09-30,0.30026882886886597
1988-10-03,0.2950614094734192
1988-10-04,0.28811925649642944
1988-10-05,0.2837795615196228
1988-10-06,0.2759694755077362
1988-10-07,0.2759694755077362
1988-10-10,0.2672911584377289
1988-10-11,0.27076220512390137
1988-10-12,0.2690267264842987
1988-10-13,0.27076220512390137
1988-10-14,0.2690267264842987
1988-10-17,0.2672911584377289
1988-10-18,0.2733663320541382
1988-10-19,0.27770522236824036
1988-10-20,0.28811925649642944
1988-10-21,0.28464728593826294
1988-10-24,0.27770522236824036
1988-10-25,0.276837557554245
1988-10-26,0.2724977731704712
1988-10-27,0.27076220512390137
1988-10-28,0.2672911584377289
1988-10-31,0.26815885305404663
1988-11-01,0.26381993293762207
1988-11-02,0.25861260294914246
1988-11-03,0.257744699716568
1988-11-04,0.26208457350730896
1988-11-07,0.2603481113910675
1988-11-08,0.2672911584377289
1988-11-09,0.2724977731704712
1988-11-10,0.2742340862751007
1988-11-11,0.2672911584377289
1988-11-14,0.26989448070526123
1988-11-15,0.27076220512390137
1988-11-16,0.26381993293762207
1988-11-17,0.2655555009841919
1988-11-18,0.26381993293762207
1988-11-21,0.25494474172592163
1988-11-22,0.2514645457267761
1988-11-23,0.25668492913246155
1988-11-25,0.25407472252845764
1988-11-28,0.25407472252845764
1988-11-29,0.25581473112106323
1988-11-30,0.2619059383869171
1988-12-01,0.26973649859428406
1988-12-02,0.27321693301200867
1988-12-05,0.2749577760696411
1988-12-06,0.2749577760696411
1988-12-07,0.2740876376628876
1988-12-08,0.27234670519828796
1988-12-09,0.27234670519828796
1988-12-12,0.26799654960632324
1988-12-13,0.26973649859428406
1988-12-14,0.27669790387153625
1988-12-15,0.2749577760696411
1988-12-16,0.27930814027786255
1988-12-19,0.2836584448814392
1988-12-20,0.28539833426475525
1988-12-21,0.2906195819377899
1988-12-22,0.28539833426475525
1988-12-23,0.2862693667411804
1988-12-27,0.2819181978702545
1988-12-28,0.28017809987068176
1988-12-29,0.2819181978702545
1988-12-30,0.28017809987068176
1989-01-03,0.2810482382774353
1989-01-04,0.29235973954200745
1989-01-05,0.2941000163555145
1989-01-06,0.29671022295951843
1989-01-09,0.29932111501693726
1989-01-10,0.29671022295951843
1989-01-11,0.2932299077510834
1989-01-12,0.2975802421569824
1989-01-13,0.3010613024234772
1989-01-16,0.3045414984226227
1989-01-17,0.2810482382774353
1989-01-18,0.27669790387153625
1989-01-19,0.2819181978702545
1989-01-20,0.28539833426475525
1989-01-23,0.28539833426475525
1989-01-24,0.2897496223449707
1989-01-25,0.28887948393821716
1989-01-26,0.2906195819377899
1989-01-27,0.2619059383869171
1989-01-30,0.2601650655269623
1989-01-31,0.26277613639831543
1989-02-01,0.27321693301200867
1989-02-02,0.27669790387153625
1989-02-03,0.27321693301200867
1989-02-06,0.26799654960632324
1989-02-07,0.2714768052101135
1989-02-08,0.2662564218044281
1989-02-09,0.2662564218044281
1989-02-10,0.25929513573646545
1989-02-13,0.25755491852760315
1989-02-14,0.24885356426239014
1989-02-15,0.25233450531959534
1989-02-16,0.25320470333099365
1989-02-17,0.2565200924873352
1989-02-21,0.2617548108100891
1989-02-22,0.2565200924873352
1989-02-23,0.2565200924873352
1989-02-24,0.25128546357154846
1989-02-27,0.2547753155231476
1989-02-28,0.2530304491519928
1989-03-01,0.25128546357154846
1989-03-02,0.24430488049983978
1989-03-03,0.24256005883216858
1989-03-06,0.24779479205608368
1989-03-07,0.24953965842723846
1989-03-08,0.24604980647563934
1989-03-09,0.24081499874591827
1989-03-10,0.24430488049983978
1989-03-13,0.24430488049983978
1989-03-14,0.24604980647563934
1989-03-15,0.24430488049983978
1989-03-16,0.24604980647563934
1989-03-17,0.24343237280845642
1989-03-20,0.24343237280845642
1989-03-21,0.24343237280845642
1989-03-22,0.23645202815532684
1989-03-23,0.2399425506591797
1989-03-27,0.2355794906616211
1989-03-28,0.23732446134090424
1989-03-29,0.23907004296779633
1989-03-30,0.24256005883216858
1989-03-31,0.24866710603237152
1989-04-03,0.24430488049983978
1989-04-04,0.24081499874591827
1989-04-05,0.24430488049983978
1989-04-06,0.25128546357154846
1989-04-07,0.26088252663612366
1989-04-10,0.25826507806777954
1989-04-11,0.2635006606578827
1989-04-12,0.2687353193759918
1989-04-13,0.2687353193759918
1989-04-14,0.27048030495643616
1989-04-17,0.27397021651268005
1989-04-18,0.2800781726837158
1989-04-19,0.28531286120414734
1989-04-20,0.2844405174255371
1989-04-21,0.2800781726837158
1989-04-24,0.2800781726837158
1989-04-25,0.27920570969581604
1989-04-26,0.2774607241153717
1989-04-27,0.27484339475631714
1989-04-28,0.2722252607345581
1989-05-01,0.2722252607345581
1989-05-02,0.2783331573009491
1989-05-03,0.2809506058692932
1989-05-04,0.28618544340133667
1989-05-05,0.2896760106086731
1989-05-08,0.2949107587337494
1989-05-09,0.2966556251049042
1989-05-10,0.3018912672996521
1989-05-11,0.3062536418437958
1989-05-12,0.3141065537929535
1989-05-15,0.32108619809150696
1989-05-16,0.31672391295433044
1989-05-17,0.3158514201641083
1989-05-18,0.3123616576194763
1989-05-19,0.3193413019180298
1989-05-22,0.32178962230682373
1989-05-23,0.31829217076301575
1989-05-24,0.3340316712856293
1989-05-25,0.3375300467014313
1989-05-26,0.3392787575721741
1989-05-30,0.33228302001953125
1989-05-31,0.3340316712856293
1989-06-01,0.3410274386405945
1989-06-02,0.3427763283252716
1989-06-05,0.3287854790687561
1989-06-06,0.3270367681980133
1989-06-07,0.3375300467014313
1989-06-08,0.33315733075141907
1989-06-09,0.3287854790687561
1989-06-12,0.33228302001953125
1989-06-13,0.3392787575721741
1989-06-14,0.34714797139167786
1989-06-15,0.33228302001953125
1989-06-16,0.31129634380340576
1989-06-19,0.30779895186424255
1989-06-20,0.3008040189743042
1989-06-21,0.29730555415153503
1989-06-22,0.3025527894496918
1989-06-23,0.30692461133003235
1989-06-26,0.3043014705181122
1989-06-27,0.29818007349967957
1989-06-28,0.2920594811439514
1989-06-29,0.284189373254776
1989-06-30,0.28856202960014343
1989-07-03,0.2850637137889862
1989-07-05,0.283314973115921
1989-07-06,0.28856202960014343
1989-07-07,0.28856202960014343
1989-07-10,0.283314973115921
1989-07-11,0.27806875109672546
1989-07-12,0.2798174321651459
1989-07-13,0.284189373254776
1989-07-14,0.2850637137889862
1989-07-17,0.2850637137889862
1989-07-18,0.27457043528556824
1989-07-19,0.283314973115921
1989-07-20,0.2798174321651459
1989-07-21,0.2798174321651459
1989-07-24,0.27457043528556824
1989-07-25,0.2710728645324707
1989-07-26,0.2675754129886627
1989-07-27,0.27457043528556824
1989-07-28,0.27544546127319336
1989-07-31,0.27806875109672546
1989-08-01,0.27894309163093567
1989-08-02,0.283314973115921
1989-08-03,0.28856202960014343
1989-08-04,0.2990543246269226
1989-08-07,0.306050181388855
1989-08-08,0.308673232793808
1989-08-09,0.30779895186424255
1989-08-10,0.3025527894496918
1989-08-11,0.292933851480484
1989-08-14,0.2850637137889862
1989-08-15,0.289436399936676
1989-08-16,0.28244057297706604
1989-08-17,0.28681227564811707
1989-08-18,0.29555678367614746
1989-08-21,0.2962581217288971
1989-08-22,0.30064114928245544
1989-08-23,0.30677637457847595
1989-08-24,0.30940574407577515
1989-08-25,0.3137887716293335
1989-08-28,0.3137887716293335
1989-08-29,0.30940574407577515
1989-08-30,0.3120350241661072
1989-08-31,0.3120350241661072
1989-09-01,0.31291237473487854
1989-09-05,0.3137887716293335
1989-09-06,0.3137887716293335
1989-09-07,0.3137887716293335
1989-09-08,0.3155415952205658
1989-09-11,0.3208003640174866
1989-09-12,0.3225531578063965
1989-09-13,0.3155415952205658
1989-09-14,0.3137887716293335
1989-09-15,0.3155415952205658
1989-09-18,0.30852919816970825
1989-09-19,0.30327072739601135
1989-09-20,0.31291237473487854
1989-09-21,0.3137887716293335
1989-09-22,0.31466513872146606
1989-09-25,0.31729456782341003
1989-09-26,0.31729456782341003
1989-09-27,0.3137887716293335
1989-09-28,0.3190474212169647
1989-09-29,0.3120350241661072
1989-10-02,0.31115859746932983
1989-10-03,0.305899977684021
1989-10-04,0.31028223037719727
1989-10-05,0.3190474212169647
1989-10-06,0.33745455741882324
1989-10-09,0.3470953106880188
1989-10-10,0.3470953106880188
1989-10-11,0.34271323680877686
1989-10-12,0.34183669090270996
1989-10-13,0.3208003640174866
1989-10-16,0.32781267166137695
1989-10-17,0.3313184380531311
1989-10-18,0.3383308947086334
1989-10-19,0.34183669090270996
1989-10-20,0.33657726645469666
1989-10-23,0.32781267166137695
1989-10-24,0.3339478671550751
1989-10-25,0.32605984807014465
1989-10-26,0.31729456782341003
1989-10-27,0.31729456782341003
1989-10-30,0.3208003640174866
1989-10-31,0.32605984807014465
1989-11-01,0.3234296143054962
1989-11-02,0.30852919816970825
1989-11-03,0.30327072739601135
1989-11-06,0.30327072739601135
1989-11-07,0.30852919816970825
1989-11-08,0.3155415952205658
1989-11-09,0.3225531578063965
1989-11-10,0.32781267166137695
1989-11-13,0.32605984807014465
1989-11-14,0.3137887716293335
1989-11-15,0.31028223037719727
1989-11-16,0.3137887716293335
1989-11-17,0.31456196308135986
1989-11-20,0.31807631254196167
1989-11-21,0.31807631254196167
1989-11-22,0.31456196308135986
1989-11-24,0.31456196308135986
1989-11-27,0.3092893064022064
1989-11-28,0.3101680278778076
1989-11-29,0.3092893064022064
1989-11-30,0.31104668974876404
1989-12-01,0.3092893064022064
1989-12-04,0.31807631254196167
1989-12-05,0.31631898880004883
1989-12-06,0.3005025386810303
1989-12-07,0.3005025386810303
1989-12-08,0.29347366094589233
1989-12-11,0.27590009570121765
1989-12-12,0.25305527448654175
1989-12-13,0.25305527448654175
1989-12-14,0.24514716863632202
1989-12-15,0.23723895847797394
1989-12-18,0.24426865577697754
1989-12-19,0.24602587521076202
1989-12-20,0.2512974441051483
1989-12-21,0.25481268763542175
1989-12-22,0.25656992197036743
1989-12-26,0.24954019486904144
1989-12-27,0.2469044029712677
1989-12-28,0.24338994920253754
1989-12-29,0.24778303503990173
1990-01-02,0.2618415355682373
1990-01-03,0.2635986804962158
1990-01-04,0.2644781470298767
1990-01-05,0.26535674929618835
1990-01-08,0.26711395382881165
1990-01-09,0.2644781470298767
1990-01-10,0.25305527448654175
1990-01-11,0.2425113022327423
1990-01-12,0.2425113022327423
1990-01-15,0.24075418710708618
1990-01-16,0.24514716863632202
1990-01-17,0.23372454941272736
1990-01-18,0.22757424414157867
1990-01-19,0.24075418710708618
1990-01-22,0.23372454941272736
1990-01-23,0.23723895847797394
1990-01-24,0.23899613320827484
1990-01-25,0.23987555503845215
1990-01-26,0.230210080742836
1990-01-29,0.23372454941272736
1990-01-30,0.23899613320827484
1990-01-31,0.23899613320827484
1990-02-01,0.2363603115081787
1990-02-02,0.24075418710708618
1990-02-05,0.24602587521076202
1990-02-06,0.24426865577697754
1990-02-07,0.23372454941272736
1990-02-08,0.23196735978126526
1990-02-09,0.24075418710708618
1990-02-12,0.23899613320827484
1990-02-13,0.2425113022327423
1990-02-14,0.24075418710708618
1990-02-15,0.24075418710708618
1990-02-16,0.2380032241344452
1990-02-20,0.23624031245708466
1990-02-21,0.23976609110832214
1990-02-22,0.23271460831165314
1990-02-23,0.2344774752855301
1990-02-26,0.23976609110832214
1990-02-27,0.23624031245708466
1990-02-28,0.23976609110832214
1990-03-01,0.24152971804141998
1990-03-02,0.2380032241344452
1990-03-05,0.24329262971878052
1990-03-06,0.24858133494853973
1990-03-07,0.24946270883083344
1990-03-08,0.2591591775417328
1990-03-09,0.26004067063331604
1990-03-12,0.2582778334617615
1990-03-13,0.26004067063331604
1990-03-14,0.2609221041202545
1990-03-15,0.2591591775417328
1990-03-16,0.283841073513031
1990-03-19,0.29882630705833435
1990-03-20,0.29177483916282654
1990-03-21,0.2935376763343811
1990-03-22,0.2873671054840088
1990-03-23,0.2979448139667511
1990-03-26,0.2979448139667511
1990-03-27,0.2961820363998413
1990-03-28,0.29089346528053284
1990-03-29,0.29001209139823914
1990-03-30,0.283841073513031
1990-04-02,0.283841073513031
1990-04-03,0.29441913962364197
1990-04-04,0.29089346528053284
1990-04-05,0.283841073513031
1990-04-06,0.28119680285453796
1990-04-09,0.29001209139823914
1990-04-10,0.29089346528053284
1990-04-11,0.2997078001499176
1990-04-12,0.3049972653388977
1990-04-16,0.30852288007736206
1990-04-17,0.3049972653388977
1990-04-18,0.3049972653388977
1990-04-19,0.283841073513031
1990-04-20,0.283841073513031
1990-04-23,0.2803155183792114
1990-04-24,0.27326300740242004
1990-04-25,0.27326300740242004
1990-04-26,0.2741445004940033
1990-04-27,0.2759072482585907
1990-04-30,0.27767112851142883
1990-05-01,0.2794339060783386
1990-05-02,0.2803155183792114
1990-05-03,0.2820783257484436
1990-05-04,0.2820783257484436
1990-05-07,0.2926562428474426
1990-05-08,0.29441913962364197
1990-05-09,0.29530069231987
1990-05-10,0.29177483916282654
1990-05-11,0.3005892336368561
1990-05-14,0.29441913962364197
1990-05-15,0.29441913962364197
1990-05-16,0.2935376763343811
1990-05-17,0.2926562428474426
1990-05-18,0.2803155183792114
1990-05-21,0.2793252766132355
1990-05-22,0.2925843298435211
1990-05-23,0.29700371623039246
1990-05-24,0.29700371623039246
1990-05-25,0.2828608453273773
1990-05-29,0.28993189334869385
1990-05-30,0.2925843298435211
1990-05-31,0.2917005717754364
1990-06-01,0.28816431760787964
1990-06-04,0.28816431760787964
1990-06-05,0.2793252766132355
1990-06-06,0.2793252766132355
1990-06-07,0.2757890522480011
1990-06-08,0.2704857289791107
1990-06-11,0.2757890522480011
1990-06-12,0.2863963544368744
1990-06-13,0.28109312057495117
1990-06-14,0.28109312057495117
1990-06-15,0.2793252766132355
1990-06-18,0.27755680680274963
1990-06-19,0.2802092134952545
1990-06-20,0.2828608453273773
1990-06-21,0.29611989855766296
1990-06-22,0.2934682071208954
1990-06-25,0.2917005717754364
1990-06-26,0.287280410528183
1990-06-27,0.2934682071208954
1990-06-28,0.3040757179260254
1990-06-29,0.3164510130882263
1990-07-02,0.31114670634269714
1990-07-03,0.31114670634269714
1990-07-05,0.30761122703552246
1990-07-06,0.3164510130882263
1990-07-09,0.3297100067138672
1990-07-10,0.3323615789413452
1990-07-11,0.3323615789413452
1990-07-12,0.3350130617618561
1990-07-13,0.33059385418891907
1990-07-16,0.3226380944252014
1990-07-17,0.31291455030441284
1990-07-18,0.3155670464038849
1990-07-19,0.29523593187332153
1990-07-20,0.28993189334869385
1990-07-23,0.2934682071208954
1990-07-24,0.2978877127170563
1990-07-25,0.298771470785141
1990-07-26,0.2925843298435211
1990-07-27,0.2925843298435211
1990-07-30,0.29965540766716003
1990-07-31,0.29700371623039246
1990-08-01,0.29965540766716003
1990-08-02,0.30761122703552246
1990-08-03,0.2917005717754364
1990-08-06,0.2793252766132355
1990-08-07,0.2793252766132355
1990-08-08,0.28374478220939636
1990-08-09,0.2793252766132355
1990-08-10,0.274021178483963
1990-08-13,0.28197699785232544
1990-08-14,0.28109312057495117
1990-08-15,0.27755680680274963
1990-08-16,0.27225351333618164
1990-08-17,0.2581106126308441
1990-08-20,0.260663777589798
1990-08-21,0.2571175694465637
1990-08-22,0.2491377592086792
1990-08-23,0.24470509588718414
1990-08-24,0.2517974376678467
1990-08-27,0.2677570581436157
1990-08-28,0.270416796207428
1990-08-29,0.2642100155353546
1990-08-30,0.2571175694465637
1990-08-31,0.2624368369579315
1990-09-04,0.2624368369579315
1990-09-05,0.255344420671463
1990-09-06,0.2535706162452698
1990-09-07,0.2580041289329529
1990-09-10,0.2535706162452698
1990-09-11,0.24115808308124542
1990-09-12,0.24115808308124542
1990-09-13,0.23938488960266113
1990-09-14,0.24115808308124542
1990-09-17,0.23938488960266113
1990-09-18,0.23672525584697723
1990-09-19,0.23051947355270386
1990-09-20,0.2243126779794693
1990-09-21,0.22342613339424133
1990-09-24,0.21455973386764526
1990-09-25,0.21278667449951172
1990-09-26,0.2110135555267334
1990-09-27,0.20037414133548737
1990-09-28,0.20569419860839844
1990-10-01,0.21633291244506836
1990-10-02,0.21012696623802185
1990-10-03,0.19150781631469727
1990-10-04,0.19860102236270905
1990-10-05,0.19860102236270905
1990-10-08,0.2065807729959488
1990-10-09,0.19860102236270905
1990-10-10,0.18796154856681824
1990-10-11,0.1968279331922531
1990-10-12,0.20037414133548737
1990-10-15,0.1968279331922531
1990-10-16,0.17732205986976624
1990-10-17,0.18796154856681824
1990-10-18,0.2021472007036209
1990-10-19,0.22253955900669098
1990-10-22,0.22076644003391266
1990-10-23,0.2198799103498459
1990-10-24,0.21633291244506836
1990-10-25,0.21278667449951172
1990-10-26,0.21278667449951172
1990-10-29,0.21190010011196136
1990-10-30,0.215446338057518
1990-10-31,0.21810688078403473
1990-11-01,0.21633291244506836
1990-11-02,0.22519931197166443
1990-11-05,0.23583866655826569
1990-11-06,0.23761190474033356
1990-11-07,0.23583866655826569
1990-11-08,0.24470509588718414
1990-11-09,0.2517974376678467
1990-11-12,0.2571175694465637
1990-11-13,0.255344420671463
1990-11-14,0.2624368369579315
1990-11-15,0.255344420671463
1990-11-16,0.24997062981128693
1990-11-19,0.25886663794517517
1990-11-20,0.25263917446136475
1990-11-21,0.2570875287055969
1990-11-23,0.25886663794517517
1990-11-26,0.26153507828712463
1990-11-27,0.2668723464012146
1990-11-28,0.26153507828712463
1990-11-29,0.26153507828712463
1990-11-30,0.26153507828712463
1990-12-03,0.27132073044776917
1990-12-04,0.2739892899990082
1990-12-05,0.28555384278297424
1990-12-06,0.29356035590171814
1990-12-07,0.30245548486709595
1990-12-10,0.297118216753006
1990-12-11,0.2846643626689911
1990-12-12,0.28199565410614014
1990-12-13,0.2900015115737915
1990-12-14,0.28377482295036316
1990-12-17,0.28555384278297424
1990-12-18,0.3006763756275177
1990-12-19,0.2980077564716339
1990-12-20,0.3131304085254669
1990-12-21,0.3202473819255829
1990-12-24,0.3131304085254669
1990-12-26,0.3113514184951782
1990-12-27,0.3095724582672119
1990-12-28,0.3060142993927002
1990-12-31,0.3060142993927002
1991-01-02,0.3095724582672119
1991-01-03,0.3060142993927002
1991-01-04,0.30779343843460083
1991-01-07,0.30779343843460083
1991-01-08,0.30779343843460083
1991-01-09,0.32202649116516113
1991-01-10,0.33536991477012634
1991-01-11,0.33448055386543274
1991-01-14,0.3291425108909607
1991-01-15,0.33270153403282166
1991-01-16,0.35405075550079346
1991-01-17,0.364725798368454
1991-01-18,0.3576095998287201
1991-01-21,0.36116766929626465
1991-01-22,0.364725798368454
1991-01-23,0.36828458309173584
1991-01-24,0.3709533214569092
1991-01-25,0.38073858618736267
1991-01-28,0.38785478472709656
1991-01-29,0.3825176954269409
1991-01-30,0.39497193694114685
1991-01-31,0.39497193694114685
1991-02-01,0.39675086736679077
1991-02-04,0.393192857503891
1991-02-05,0.41098394989967346
1991-02-06,0.4047572910785675
1991-02-07,0.41098394989967346
1991-02-08,0.4261065125465393
1991-02-11,0.4367813766002655
1991-02-12,0.4269960820674896
1991-02-13,0.4269960820674896
1991-02-14,0.4065363109111786
1991-02-15,0.410957396030426
1991-02-19,0.42789456248283386
1991-02-20,0.4350265562534332
1991-02-21,0.42076340317726135
1991-02-22,0.4261118173599243
1991-02-25,0.4136315584182739
1991-02-26,0.41541415452957153
1991-02-27,0.41541415452957153
1991-02-28,0.40828314423561096
1991-03-01,0.4118487536907196
1991-03-04,0.4163058400154114
1991-03-05,0.45018088817596436
1991-03-06,0.44928956031799316
1991-03-07,0.47959864139556885
1991-03-08,0.4635528326034546
1991-03-11,0.4528551995754242
1991-03-12,0.4483981430530548
1991-03-13,0.4724675416946411
1991-03-14,0.46533527970314026
1991-03-15,0.4724675416946411
1991-03-18,0.4831647276878357
1991-03-19,0.495645135641098
1991-03-20,0.4831647276878357
1991-03-21,0.46176978945732117
1991-03-22,0.4510723650455475
1991-03-25,0.45998701453208923
1991-03-26,0.49921077489852905
1991-03-27,0.493862122297287
1991-03-28,0.4849475920200348
1991-04-01,0.48851311206817627
1991-04-02,0.5188226699829102
1991-04-03,0.49921077489852905
1991-04-04,0.509908139705658
1991-04-05,0.494753897190094
1991-04-08,0.49921077489852905
1991-04-09,0.4902960956096649
1991-04-10,0.47692427039146423
1991-04-11,0.506342351436615
1991-04-12,0.5116908550262451
1991-04-15,0.443941205739975
1991-04-16,0.458204060792923
1991-04-17,0.4510723650455475
1991-04-18,0.4350265562534332
1991-04-19,0.42522040009498596
1991-04-22,0.4385921359062195
1991-04-23,0.4385921359062195
1991-04-24,0.4332438111305237
1991-04-25,0.41719725728034973
1991-04-26,0.4180891811847687
1991-04-29,0.41541415452957153
1991-04-30,0.3922365605831146
1991-05-01,0.33696720004081726
1991-05-02,0.34944748878479004
1991-05-03,0.34944748878479004
1991-05-06,0.3583621382713318
1991-05-07,0.3610363006591797
1991-05-08,0.3547957241535187
1991-05-09,0.3619276285171509
1991-05-10,0.3654932379722595
1991-05-13,0.37619078159332275
1991-05-14,0.38153979182243347
1991-05-15,0.3601449429988861
1991-05-16,0.34944748878479004
1991-05-17,0.33518433570861816
1991-05-20,0.31637969613075256
1991-05-21,0.32352980971336365
1991-05-22,0.3306790590286255
1991-05-23,0.3226361572742462
1991-05-24,0.3279981017112732
1991-05-28,0.32889169454574585
1991-05-29,0.33604198694229126
1991-05-30,0.3405103087425232
1991-05-31,0.33604198694229126
1991-06-03,0.3521288335323334
1991-06-04,0.35123515129089355
1991-06-05,0.34319135546684265
1991-06-06,0.33336108922958374
1991-06-07,0.3297854959964752
1991-06-10,0.32889169454574585
1991-06-11,0.3190614581108093
1991-06-12,0.30297359824180603
1991-06-13,0.30118653178215027
1991-06-14,0.2940371632575989
1991-06-17,0.3002927899360657
1991-06-18,0.30118653178215027
1991-06-19,0.2985052764415741
1991-06-20,0.3002927899360657
1991-06-21,0.3002927899360657
1991-06-24,0.2985052764415741
1991-06-25,0.30297359824180603
1991-06-26,0.30744290351867676
1991-06-27,0.30386748909950256
1991-06-28,0.29671797156333923
1991-07-01,0.30386748909950256
1991-07-02,0.30208003520965576
1991-07-03,0.30833661556243896
1991-07-05,0.3262108862400055
1991-07-08,0.3342546820640564
1991-07-09,0.3351483643054962
1991-07-10,0.3378293514251709
1991-07-11,0.3342546820640564
1991-07-12,0.3342546820640564
1991-07-15,0.3253171443939209
1991-07-16,0.3128048777580261
1991-07-17,0.30386748909950256
1991-07-18,0.3208487629890442
1991-07-19,0.32889169454574585
1991-07-22,0.32889169454574585
1991-07-23,0.32174235582351685
1991-07-24,0.32174235582351685
1991-07-25,0.32352980971336365
1991-07-26,0.3208487629890442
1991-07-29,0.3253171443939209
1991-07-30,0.33246728777885437
1991-07-31,0.3306790590286255
1991-08-01,0.35123515129089355
1991-08-02,0.35749176144599915
1991-08-05,0.346766859292984
1991-08-06,0.3539161682128906
1991-08-07,0.3601727783679962
1991-08-08,0.36106643080711365
1991-08-09,0.3628537058830261
1991-08-12,0.370003879070282
1991-08-13,0.3825160264968872
1991-08-14,0.39234659075737
1991-08-15,0.38072800636291504
1991-08-16,0.38072800636291504
1991-08-19,0.36188164353370667
1991-08-20,0.36546432971954346
1991-08-21,0.38517120480537415
1991-08-22,0.3887539505958557
1991-08-23,0.37979620695114136
1991-08-26,0.37979620695114136
1991-08-27,0.38696256279945374
1991-08-28,0.38158759474754333
1991-08-29,0.37979620695114136
1991-08-30,0.37979620695114136
1991-09-03,0.3762133717536926
1991-09-04,0.36904701590538025
1991-09-05,0.36546432971954346
1991-09-06,0.36904701590538025
1991-09-09,0.38158759474754333
1991-09-10,0.3591946065425873
1991-09-11,0.36188164353370667
1991-09-12,0.36277738213539124
1991-09-13,0.34844550490379333
1991-09-16,0.3385920226573944
1991-09-17,0.35113248229026794
1991-09-18,0.3591946065425873
1991-09-19,0.35650667548179626
1991-09-20,0.36277738213539124
1991-09-23,0.3547152280807495
1991-09-24,0.3600902259349823
1991-09-25,0.36188164353370667
1991-09-26,0.3582988381385803
1991-09-27,0.35113248229026794
1991-09-30,0.3547152280807495
1991-10-01,0.36367300152778625
1991-10-02,0.35650667548179626
1991-10-03,0.3421748876571655
1991-10-04,0.34575843811035156
1991-10-07,0.3448627293109894
1991-10-08,0.34575843811035156
1991-10-09,0.34396621584892273
1991-10-10,0.3421748876571655
1991-10-11,0.3475498557090759
1991-10-14,0.35740309953689575
1991-10-15,0.3762133717536926
1991-10-16,0.38337966799736023
1991-10-17,0.37531769275665283
1991-10-18,0.39412790536880493
1991-10-21,0.3923366069793701
1991-10-22,0.39054515957832336
1991-10-23,0.380691796541214
1991-10-24,0.37352633476257324
1991-10-25,0.3672557473182678
1991-10-28,0.36904701590538025
1991-10-29,0.37083929777145386
1991-10-30,0.35650667548179626
1991-10-31,0.36904701590538025
1991-11-01,0.36546432971954346
1991-11-04,0.35650667548179626
1991-11-05,0.3493410348892212
1991-11-06,0.34396621584892273
1991-11-07,0.35650667548179626
1991-11-08,0.38158759474754333
1991-11-11,0.38517120480537415
1991-11-12,0.39054515957832336
1991-11-13,0.387858122587204
1991-11-14,0.3923366069793701
1991-11-15,0.3582988381385803
1991-11-18,0.3744245767593384
1991-11-19,0.3681388795375824
1991-11-20,0.36275190114974976
1991-11-21,0.3663431704044342
1991-11-22,0.3681388795375824
1991-11-25,0.3681388795375824
1991-11-26,0.3699344992637634
1991-11-27,0.3663431704044342
1991-11-29,0.36454758048057556
1991-12-02,0.37173110246658325
1991-12-03,0.36275190114974976
1991-12-04,0.36275190114974976
1991-12-05,0.35916048288345337
1991-12-06,0.35018110275268555
1991-12-09,0.352874755859375
1991-12-10,0.352874755859375
1991-12-11,0.35197684168815613
1991-12-12,0.3546704053878784
1991-12-13,0.36185401678085327
1991-12-16,0.36275190114974976
1991-12-17,0.36275190114974976
1991-12-18,0.37173110246658325
1991-12-19,0.36454758048057556
1991-12-20,0.3609561622142792
1991-12-23,0.3699344992637634
1991-12-24,0.37532246112823486
1991-12-26,0.39417794346809387
1991-12-27,0.3950757086277008
1991-12-30,0.40764641761779785
1991-12-31,0.40495288372039795
1992-01-02,0.42740049958229065
1992-01-03,0.4238089919090271
1992-01-06,0.4166257381439209
1992-01-07,0.42470690608024597
1992-01-08,0.4345841705799103
1992-01-09,0.4471547603607178
1992-01-10,0.4471547603607178
1992-01-13,0.44535815715789795
1992-01-14,0.4633164703845978
1992-01-15,0.4561331570148468
1992-01-16,0.45074599981307983
1992-01-17,0.46511223912239075
1992-01-20,0.45972543954849243
1992-01-21,0.4390731751918793
1992-01-22,0.4561331570148468
1992-01-23,0.4633164703845978
1992-01-24,0.4642145335674286
1992-01-27,0.4633164703845978
1992-01-28,0.46870362758636475
1992-01-29,0.45433738827705383
1992-01-30,0.4579288363456726
1992-01-31,0.46511223912239075
1992-02-03,0.47229570150375366
1992-02-04,0.47229570150375366
1992-02-05,0.4749895930290222
1992-02-06,0.4606231153011322
1992-02-07,0.45972543954849243
1992-02-10,0.45343950390815735
1992-02-11,0.4516439437866211
1992-02-12,0.46870362758636475
1992-02-13,0.46152105927467346
1992-02-14,0.4614847004413605
1992-02-18,0.4515889883041382
1992-02-19,0.44619110226631165
1992-02-20,0.46508291363716125
1992-02-21,0.4677813947200775
1992-02-24,0.47587788105010986
1992-02-25,0.4929696321487427
1992-02-26,0.5028655529022217
1992-02-27,0.4929696321487427
1992-02-28,0.4857734739780426
1992-03-02,0.4839736521244049
1992-03-03,0.4776769280433655
1992-03-04,0.4677813947200775
1992-03-05,0.4569862484931946
1992-03-06,0.46058526635169983
1992-03-09,0.4587852954864502
1992-03-10,0.4587852954864502
1992-03-11,0.45518726110458374
1992-03-12,0.4515889883041382
1992-03-13,0.4542875289916992
1992-03-16,0.4560866951942444
1992-03-17,0.4524886906147003
1992-03-18,0.4587852954864502
1992-03-19,0.45338815450668335
1992-03-20,0.45518726110458374
1992-03-23,0.45338815450668335
1992-03-24,0.4677813947200775
1992-03-25,0.4641832709312439
1992-03-26,0.46058526635169983
1992-03-27,0.4389950633049011
1992-03-30,0.41830429434776306
1992-03-31,0.41920390725135803
1992-04-01,0.42460188269615173
1992-04-02,0.4228028357028961
1992-04-03,0.42460188269615173
1992-04-06,0.43719592690467834
1992-04-07,0.41200774908065796
1992-04-08,0.4021121561527252
1992-04-09,0.41200774908065796
1992-04-10,0.3994136452674866
1992-04-13,0.40660974383354187
1992-04-14,0.4228028357028961
1992-04-15,0.4353969991207123
1992-04-16,0.42460188269615173
1992-04-20,0.4084088206291199
1992-04-21,0.40481090545654297
1992-04-22,0.41470634937286377
1992-04-23,0.4102087616920471
1992-04-24,0.40660974383354187
1992-04-27,0.40121281147003174
1992-04-28,0.39041754603385925
1992-04-29,0.4102087616920471
1992-04-30,0.4326976239681244
1992-05-01,0.42640089988708496
1992-05-04,0.4353969991207123
1992-05-05,0.4353969991207123
1992-05-06,0.44439202547073364
1992-05-07,0.43719592690467834
1992-05-08,0.44619110226631165
1992-05-11,0.44799113273620605
1992-05-12,0.44799113273620605
1992-05-13,0.4515889883041382
1992-05-14,0.4416935443878174
1992-05-15,0.4362964630126953
1992-05-18,0.4344974160194397
1992-05-19,0.42730051279067993
1992-05-20,0.43179798126220703
1992-05-21,0.42550143599510193
1992-05-22,0.4282000958919525
1992-05-26,0.42640089988708496
1992-05-27,0.4335971474647522
1992-05-28,0.4282000958919525
1992-05-29,0.42999905347824097
1992-06-01,0.4146392047405243
1992-06-02,0.40742769837379456
1992-06-03,0.3903016149997711
1992-06-04,0.3930056095123291
1992-06-05,0.3957096040248871
1992-06-08,0.3912029564380646
1992-06-09,0.3894003629684448
1992-06-10,0.38759762048721313
1992-06-11,0.3884989619255066
1992-06-12,0.39390701055526733
1992-06-15,0.3794849216938019
1992-06-16,0.3551473915576935
1992-06-17,0.3425278961658478
1992-06-18,0.32630306482315063
1992-06-19,0.3226977288722992
1992-06-22,0.3190915584564209
1992-06-23,0.32630306482315063
1992-06-24,0.3317110240459442
1992-06-25,0.3290071189403534
1992-06-26,0.32630306482315063
1992-06-29,0.33711984753608704
1992-06-30,0.3461330831050873
1992-07-01,0.35334455966949463
1992-07-02,0.3335137963294983
1992-07-06,0.3335137963294983
1992-07-07,0.3190915584564209
1992-07-08,0.3299084007740021
1992-07-09,0.3308097720146179
1992-07-10,0.3299084007740021
1992-07-13,0.3389224410057068
1992-07-14,0.3425278961658478
1992-07-15,0.3461330831050873
1992-07-16,0.35154205560684204
1992-07-17,0.32450032234191895
1992-07-20,0.3226977288722992
1992-07-21,0.3299084007740021
1992-07-22,0.3190915584564209
1992-07-23,0.3226977288722992
1992-07-24,0.3308097720146179
1992-07-27,0.32630306482315063
1992-07-28,0.33531731367111206
1992-07-29,0.34072524309158325
1992-07-30,0.34072524309158325
1992-07-31,0.33711984753608704
1992-08-03,0.3299084007740021
1992-08-04,0.32810577750205994
1992-08-05,0.3226977288722992
1992-08-06,0.3172888159751892
1992-08-07,0.31278228759765625
1992-08-10,0.31819018721580505
1992-08-11,0.31368371844291687
1992-08-12,0.31819018721580505
1992-08-13,0.3226977288722992
1992-08-14,0.3226977288722992
1992-08-17,0.32356512546539307
1992-08-18,0.32356512546539307
1992-08-19,0.32175666093826294
1992-08-20,0.32356512546539307
1992-08-21,0.3226613402366638
1992-08-24,0.3127191662788391
1992-08-25,0.32085299491882324
1992-08-26,0.3199491500854492
1992-08-27,0.32175666093826294
1992-08-28,0.32537251710891724
1992-08-31,0.3326025605201721
1992-09-01,0.3362185060977936
1992-09-02,0.35067933797836304
1992-09-03,0.3452560603618622
1992-09-04,0.34164097905158997
1992-09-08,0.3452560603618622
1992-09-09,0.3542943000793457
1992-09-10,0.35610195994377136
1992-09-11,0.34435218572616577
1992-09-14,0.35790929198265076
1992-09-15,0.3488718271255493
1992-09-16,0.33983340859413147
1992-09-17,0.3326025605201721
1992-09-18,0.3362185060977936
1992-09-21,0.3362185060977936
1992-09-22,0.33079516887664795
1992-09-23,0.3434484899044037
1992-09-24,0.3344101905822754
1992-09-25,0.32898762822151184
1992-09-28,0.32356512546539307
1992-09-29,0.3244687020778656
1992-09-30,0.3262763023376465
1992-10-01,0.3199491500854492
1992-10-02,0.31633415818214417
1992-10-05,0.3145267367362976
1992-10-06,0.32356512546539307
1992-10-07,0.31633415818214417
1992-10-08,0.3145267367362976
1992-10-09,0.3136228919029236
1992-10-12,0.3181416094303131
1992-10-13,0.3280838429927826
1992-10-14,0.3326025605201721
1992-10-15,0.32898762822151184
1992-10-16,0.3542943000793457
1992-10-19,0.3542943000793457
1992-10-20,0.35519805550575256
1992-10-21,0.35067933797836304
1992-10-22,0.35248681902885437
1992-10-23,0.35248681902885437
1992-10-26,0.37237024307250977
1992-10-27,0.37237024307250977
1992-10-28,0.37779349088668823
1992-10-29,0.38502365350723267
1992-10-30,0.3796010911464691
1992-11-02,0.37779349088668823
1992-11-03,0.37598609924316406
1992-11-04,0.3796010911464691
1992-11-05,0.39767706394195557
1992-11-06,0.4031004309654236
1992-11-09,0.399485319852829
1992-11-10,0.40671542286872864
1992-11-11,0.41033023595809937
1992-11-12,0.4112347662448883
1992-11-13,0.40671542286872864
1992-11-16,0.41484975814819336
1992-11-17,0.399485319852829
1992-11-18,0.4175613224506378
1992-11-19,0.42117610573768616
1992-11-20,0.41575363278388977
1992-11-23,0.41033023595809937
1992-11-24,0.41575363278388977
1992-11-25,0.40852272510528564
1992-11-27,0.40852272510528564
1992-11-30,0.41663816571235657
1992-12-01,0.4220721423625946
1992-12-02,0.41482681035995483
1992-12-03,0.41663816571235657
1992-12-04,0.4121096730232239
1992-12-07,0.4184497892856598
1992-12-08,0.4211665093898773
1992-12-09,0.417543888092041
1992-12-10,0.41482681035995483
1992-12-11,0.41663816571235657
1992-12-14,0.41482681035995483
1992-12-15,0.40848633646965027
1992-12-16,0.3985230326652527
1992-12-17,0.4121096730232239
1992-12-18,0.4220721423625946
1992-12-21,0.4320356249809265
1992-12-22,0.4392816722393036
1992-12-23,0.4329412281513214
1992-12-24,0.42750707268714905
1992-12-28,0.43112993240356445
1992-12-29,0.4320356249809265
1992-12-30,0.4256958067417145
1992-12-31,0.4329412281513214
1993-01-04,0.4220721423625946
1993-01-05,0.42931845784187317
1993-01-06,0.4474326968193054
1993-01-07,0.44199877977371216
1993-01-08,0.4510563611984253
1993-01-11,0.4646422564983368
1993-01-12,0.44562146067619324
1993-01-13,0.4601131081581116
1993-01-14,0.470982164144516
1993-01-15,0.4365639090538025
1993-01-18,0.43112993240356445
1993-01-19,0.4329412281513214
1993-01-20,0.4347524642944336
1993-01-21,0.4347524642944336
1993-01-22,0.43112993240356445
1993-01-25,0.4347524642944336
1993-01-26,0.44018733501434326
1993-01-27,0.4365639090538025
1993-01-28,0.43384698033332825
1993-01-29,0.43112993240356445
1993-02-01,0.44381028413772583
1993-02-02,0.4365639090538025
1993-02-03,0.4347524642944336
1993-02-04,0.43112993240356445
1993-02-05,0.41482681035995483
1993-02-08,0.4093918800354004
1993-02-09,0.4121096730232239
1993-02-10,0.4039580225944519
1993-02-11,0.399429589509964
1993-02-12,0.39122316241264343
1993-02-16,0.38486891984939575
1993-02-17,0.39122316241264343
1993-02-18,0.39939212799072266
1993-02-19,0.39939212799072266
1993-02-22,0.40030062198638916
1993-02-23,0.3939461410045624
1993-02-24,0.38940784335136414
1993-02-25,0.39757683873176575
1993-02-26,0.38486891984939575
1993-03-01,0.3866841197013855
1993-03-02,0.3939461410045624
1993-03-03,0.3966691195964813
1993-03-04,0.39939212799072266
1993-03-05,0.39939212799072266
1993-03-08,0.41028469800949097
1993-03-09,0.4120999574661255
1993-03-10,0.4120999574661255
1993-03-11,0.41300833225250244
1993-03-12,0.4084694981575012
1993-03-15,0.4139162003993988
1993-03-16,0.41028469800949097
1993-03-17,0.40030062198638916
1993-03-18,0.3957614302635193
1993-03-19,0.39031559228897095
1993-03-22,0.3866841197013855
1993-03-23,0.3830534815788269
1993-03-24,0.39031559228897095
1993-03-25,0.39757683873176575
1993-03-26,0.3866841197013855
1993-03-29,0.3703456223011017
1993-03-30,0.3794228434562683
1993-03-31,0.3739761412143707
1993-04-01,0.3757922947406769
1993-04-02,0.3639921247959137
1993-04-05,0.3630843162536621
1993-04-06,0.3540070950984955
1993-04-07,0.36671504378318787
1993-04-08,0.3612682521343231
1993-04-12,0.3630843162536621
1993-04-13,0.3521917760372162
1993-04-14,0.3540070950984955
1993-04-15,0.34311458468437195
1993-04-16,0.34946879744529724
1993-04-19,0.3521917760372162
1993-04-20,0.3630843162536621
1993-04-21,0.36036059260368347
1993-04-22,0.3630843162536621
1993-04-23,0.3576377332210541
1993-04-26,0.3558223843574524
1993-04-27,0.3648996949195862
1993-04-28,0.37306854128837585
1993-04-29,0.3685302436351776
1993-04-30,0.3721609115600586
1993-05-03,0.37669986486434937
1993-05-04,0.3875925838947296
1993-05-05,0.3957614302635193
1993-05-06,0.39031559228897095
1993-05-07,0.39757683873176575
1993-05-10,0.39939212799072266
1993-05-11,0.3957614302635193
1993-05-12,0.3866841197013855
1993-05-13,0.40302348136901855
1993-05-14,0.40302348136901855
1993-05-17,0.4048389494419098
1993-05-18,0.40302348136901855
1993-05-19,0.41573143005371094
1993-05-20,0.4266241192817688
1993-05-21,0.41754668951034546
1993-05-24,0.4184544086456299
1993-05-25,0.4093770980834961
1993-05-26,0.41936224699020386
1993-05-27,0.41754668951034546
1993-05-28,0.4120519161224365
1993-06-01,0.41478148102760315
1993-06-02,0.41478148102760315
1993-06-03,0.41023293137550354
1993-06-04,0.3993174433708191
1993-06-07,0.36930063366889954
1993-06-08,0.3602043688297272
1993-06-09,0.3220009505748749
1993-06-10,0.32381996512413025
1993-06-11,0.3183627426624298
1993-06-14,0.32473039627075195
1993-06-15,0.3056281507015228
1993-06-16,0.30744725465774536
1993-06-17,0.3001708984375
1993-06-18,0.2983509302139282
1993-06-21,0.2883458137512207
1993-06-22,0.30108028650283813
1993-06-23,0.2947128117084503
1993-06-24,0.30380919575691223
1993-06-25,0.2910744547843933
1993-06-28,0.29198408126831055
1993-06-29,0.28379717469215393
1993-06-30,0.28743645548820496
1993-07-01,0.27652105689048767
1993-07-02,0.2801591157913208
1993-07-06,0.2747017443180084
1993-07-07,0.2656055688858032
1993-07-08,0.2656055688858032
1993-07-09,0.2674245834350586
1993-07-12,0.27652105689048767
1993-07-13,0.27106285095214844
1993-07-14,0.27106285095214844
1993-07-15,0.2601473927497864
1993-07-16,0.2001139223575592
1993-07-19,0.18646983802318573
1993-07-20,0.19556531310081482
1993-07-21,0.19101764261722565
1993-07-22,0.1928367018699646
1993-07-23,0.19101764261722565
1993-07-26,0.19556531310081482
1993-07-27,0.1928367018699646
1993-07-28,0.19556531310081482
1993-07-29,0.19829478859901428
1993-07-30,0.20193301141262054
1993-08-02,0.20739030838012695
1993-08-03,0.2110293060541153
1993-08-04,0.2201247662305832
1993-08-05,0.21466748416423798
1993-08-06,0.2128484845161438
1993-08-09,0.21648670732975006
1993-08-10,0.20739030838012695
1993-08-11,0.2001139223575592
1993-08-12,0.1928367018699646
1993-08-13,0.19920434057712555
1993-08-16,0.200994610786438
1993-08-17,0.20738941431045532
1993-08-18,0.2083030790090561
1993-08-19,0.200994610786438
1993-08-20,0.20464885234832764
1993-08-23,0.20738941431045532
1993-08-24,0.20464885234832764
1993-08-25,0.19916747510433197
1993-08-26,0.19642606377601624
1993-08-27,0.1936854124069214
1993-08-30,0.19003118574619293
1993-08-31,0.1936854124069214
1993-09-01,0.19094473123550415
1993-09-02,0.18820413947105408
1993-09-03,0.18820413947105408
1993-09-07,0.19185824692249298
1993-09-08,0.19551248848438263
1993-09-09,0.19003118574619293
1993-09-10,0.19185824692249298
1993-09-13,0.18454904854297638
1993-09-14,0.17724063992500305
1993-09-15,0.1790677309036255
1993-09-16,0.18089479207992554
1993-09-17,0.18454904854297638
1993-09-20,0.18180838227272034
1993-09-21,0.1790677309036255
1993-09-22,0.18637694418430328
1993-09-23,0.18089479207992554
1993-09-24,0.18272195756435394
1993-09-27,0.18089479207992554
1993-09-28,0.18089479207992554
1993-09-29,0.17449994385242462
1993-09-30,0.1708449423313141
1993-10-01,0.1662771850824356
1993-10-04,0.1662771850824356
1993-10-05,0.1717585176229477
1993-10-06,0.17267288267612457
1993-10-07,0.16810429096221924
1993-10-08,0.16536368429660797
1993-10-11,0.1735863834619522
1993-10-12,0.17541348934173584
1993-10-13,0.17541348934173584
1993-10-14,0.1735863834619522
1993-10-15,0.20647595822811127
1993-10-18,0.20738941431045532
1993-10-19,0.2028217613697052
1993-10-20,0.2028217613697052
1993-10-21,0.22109359502792358
1993-10-22,0.22109359502792358
1993-10-25,0.21926644444465637
1993-10-26,0.2174394726753235
1993-10-27,0.2320571094751358
1993-10-28,0.22657570242881775
1993-10-29,0.22474870085716248
1993-11-01,0.2302299439907074
1993-11-02,0.23936624825000763
1993-11-03,0.23114344477653503
1993-11-04,0.2357112169265747
1993-11-05,0.23297055065631866
1993-11-08,0.22474870085716248
1993-11-09,0.22018007934093475
1993-11-10,0.22474870085716248
1993-11-11,0.2293163388967514
1993-11-12,0.2320571094751358
1993-11-15,0.23388417065143585
1993-11-16,0.24850188195705414
1993-11-17,0.24484753608703613
1993-11-18,0.24484753608703613
1993-11-19,0.2420601099729538
1993-11-22,0.2383928894996643
1993-11-23,0.2420601099729538
1993-11-24,0.2420601099729538
1993-11-26,0.23930960893630981
1993-11-29,0.2328910082578659
1993-11-30,0.2310572862625122
1993-12-01,0.2310572862625122
1993-12-02,0.2328910082578659
1993-12-03,0.2310572862625122
1993-12-06,0.2365582436323166
1993-12-07,0.2365582436323166
1993-12-08,0.23380769789218903
1993-12-09,0.22005438804626465
1993-12-10,0.20721790194511414
1993-12-13,0.2163870483636856
1993-12-14,0.21363656222820282
1993-12-15,0.21822082996368408
1993-12-16,0.21547026932239532
1993-12-17,0.2163870483636856
1993-12-20,0.2090516835451126
1993-12-21,0.20171689987182617
1993-12-22,0.20538429915905
1993-12-23,0.19988317787647247
1993-12-27,0.2090516835451126
1993-12-28,0.21363656222820282
1993-12-29,0.2090516835451126
1993-12-30,0.21822082996368408
1993-12-31,0.21455350518226624
1994-01-03,0.21913760900497437
1994-01-04,0.2310572862625122
1994-01-05,0.2475612610578537
1994-01-06,0.2402263879776001
1994-01-07,0.24297699332237244
1994-01-10,0.24664419889450073
1994-01-11,0.23380769789218903
1994-01-12,0.22372180223464966
1994-01-13,0.22463947534561157
1994-01-14,0.22738991677761078
1994-01-17,0.22280491888523102
1994-01-18,0.21547026932239532
1994-01-19,0.21455350518226624
1994-01-20,0.21913760900497437
1994-01-21,0.24481065571308136
1994-01-24,0.25673022866249084
1994-01-25,0.24847793579101562
1994-01-26,0.2457275241613388
1994-01-27,0.2503124177455902
1994-01-28,0.24939493834972382
1994-01-31,0.2402263879776001
1994-02-01,0.2438937872648239
1994-02-02,0.2420601099729538
1994-02-03,0.2457275241613388
1994-02-04,0.2457275241613388
1994-02-07,0.26869529485702515
1994-02-08,0.2631736397743225
1994-02-09,0.26685500144958496
1994-02-10,0.26869529485702515
1994-02-11,0.2723757326602936
1994-02-14,0.2723757326602936
1994-02-15,0.2732960283756256
1994-02-16,0.27053552865982056
1994-02-17,0.2723757326602936
1994-02-18,0.26685500144958496
1994-02-22,0.27421602606773376
1994-02-23,0.27421602606773376
1994-02-24,0.2696155607700348
1994-02-25,0.2650148570537567
1994-02-28,0.26869529485702515
1994-03-01,0.26685500144958496
1994-03-02,0.2622534930706024
1994-03-03,0.2631736397743225
1994-03-04,0.27053552865982056
1994-03-07,0.2788175642490387
1994-03-08,0.2723757326602936
1994-03-09,0.27605628967285156
1994-03-10,0.27421602606773376
1994-03-11,0.27421602606773376
1994-03-14,0.2806577682495117
1994-03-15,0.2769772410392761
1994-03-16,0.27053552865982056
1994-03-17,0.26869529485702515
1994-03-18,0.2677750289440155
1994-03-21,0.2613333463668823
1994-03-22,0.25765278935432434
1994-03-23,0.25857293605804443
1994-03-24,0.2548924684524536
1994-03-25,0.2410896271467209
1994-03-28,0.24477022886276245
1994-03-29,0.2410896271467209
1994-03-30,0.23924952745437622
1994-03-31,0.24477022886276245
1994-04-04,0.24477022886276245
1994-04-05,0.24661050736904144
1994-04-06,0.24661050736904144
1994-04-07,0.24569037556648254
1994-04-08,0.24661050736904144
1994-04-11,0.24661050736904144
1994-04-12,0.2355680912733078
1994-04-13,0.23372787237167358
1994-04-14,0.23188762366771698
1994-04-15,0.22268542647361755
1994-04-18,0.21808479726314545
1994-04-19,0.21348418295383453
1994-04-20,0.2079625427722931
1994-04-21,0.21808479726314545
1994-04-22,0.2190050184726715
1994-04-25,0.228207066655159
1994-04-26,0.23004727065563202
1994-04-28,0.22268542647361755
1994-04-29,0.22084514796733856
1994-05-02,0.228207066655159
1994-05-03,0.22268542647361755
1994-05-04,0.24292995035648346
1994-05-05,0.24200975894927979
1994-05-06,0.23786833882331848
1994-05-09,0.23004727065563202
1994-05-10,0.228207066655159
1994-05-11,0.22268542647361755
1994-05-12,0.2185448259115219
1994-05-13,0.22084514796733856
1994-05-16,0.21716463565826416
1994-05-17,0.21624457836151123
1994-05-18,0.22544673085212708
1994-05-19,0.23648828268051147
1994-05-20,0.22866705060005188
1994-05-23,0.22452571988105774
1994-05-24,0.22636684775352478
1994-05-25,0.23004727065563202
1994-05-26,0.22452571988105774
1994-05-27,0.22125530242919922
1994-05-31,0.2161746472120285
1994-06-01,0.20878365635871887
1994-06-02,0.20231731235980988
1994-06-03,0.20416486263275146
1994-06-06,0.20231731235980988
1994-06-07,0.20324109494686127
1994-06-08,0.19307884573936462
1994-06-09,0.19954518973827362
1994-06-10,0.1958501636981964
1994-06-13,0.19954518973827362
1994-06-14,0.2000071108341217
1994-06-15,0.20555050671100616
1994-06-16,0.19492636620998383
1994-06-17,0.1958501636981964
1994-06-20,0.2004697471857071
1994-06-21,0.192155122756958
1994-06-22,0.19400262832641602
1994-06-23,0.18568791449069977
1994-06-24,0.18926796317100525
1994-06-27,0.19400262832641602
1994-06-28,0.19769762456417084
1994-06-29,0.19307884573936462
1994-06-30,0.1958501636981964
1994-07-01,0.1903076469898224
1994-07-05,0.1958501636981964
1994-07-06,0.19307884573936462
1994-07-07,0.19815953075885773
1994-07-08,0.2000071108341217
1994-07-11,0.19954518973827362
1994-07-12,0.2097073495388031
1994-07-13,0.21940773725509644
1994-07-14,0.2115548998117447
1994-07-15,0.20878365635871887
1994-07-18,0.2097073495388031
1994-07-19,0.20462672412395477
1994-07-20,0.1967739313840866
1994-07-21,0.20693615078926086
1994-07-22,0.22910809516906738
1994-07-25,0.2341887652873993
1994-07-26,0.2318793088197708
1994-07-27,0.22956989705562592
1994-07-28,0.2355743795633316
1994-07-29,0.24896977841854095
1994-08-01,0.24666057527065277
1994-08-02,0.24065594375133514
1994-08-03,0.2448129802942276
1994-08-04,0.24573668837547302
1994-08-05,0.24573668837547302
1994-08-08,0.24943184852600098
1994-08-09,0.24850791692733765
1994-08-10,0.2558988928794861
1994-08-11,0.2535895109176636
1994-08-12,0.25682273507118225
1994-08-15,0.2567852735519409
1994-08-16,0.25771233439445496
1994-08-17,0.2595660984516144
1994-08-18,0.2567852735519409
1994-08-19,0.2586390972137451
1994-08-22,0.2586390972137451
1994-08-23,0.2595660984516144
1994-08-24,0.2586390972137451
1994-08-25,0.2600296139717102
1994-08-26,0.26512786746025085
1994-08-29,0.2623470425605774
1994-08-30,0.2688366174697876
1994-08-31,0.26837313175201416
1994-09-01,0.2595660984516144
1994-09-02,0.2623470425605774
1994-09-06,0.2637374699115753
1994-09-07,0.2679097056388855
1994-09-08,0.2679097056388855
1994-09-09,0.26512786746025085
1994-09-12,0.26512786746025085
1994-09-13,0.2655915319919586
1994-09-14,0.26049306988716125
1994-09-15,0.266982764005661
1994-09-16,0.2697635591030121
1994-09-19,0.2632739543914795
1994-09-20,0.2563216984272003
1994-09-21,0.25307735800743103
1994-09-22,0.2512226998806
1994-09-23,0.2516860365867615
1994-09-26,0.2516860365867615
1994-09-27,0.2512226998806
1994-09-28,0.2512226998806
1994-09-29,0.25307735800743103
1994-09-30,0.2498321831226349
1994-10-03,0.2456609606742859
1994-10-04,0.25029581785202026
1994-10-05,0.28088799118995667
1994-10-06,0.2688366174697876
1994-10-07,0.2743983566761017
1994-10-10,0.2883037328720093
1994-10-11,0.29386621713638306
1994-10-12,0.3124063014984131
1994-10-13,0.3049905598163605
1994-10-14,0.3049905598163605
1994-10-17,0.2947932183742523
1994-10-18,0.3059176504611969
1994-10-19,0.3059176504611969
1994-10-20,0.3040628731250763
1994-10-21,0.31611424684524536
1994-10-24,0.31333327293395996
1994-10-25,0.31611424684524536
1994-10-26,0.3207498788833618
1994-10-27,0.3170411288738251
1994-10-28,0.3124063014984131
1994-10-31,0.320286363363266
1994-11-01,0.31982290744781494
1994-11-02,0.306844562292099
1994-11-03,0.30777159333229065
1994-11-04,0.29942813515663147
1994-11-07,0.3022090494632721
1994-11-08,0.31333327293395996
1994-11-09,0.30869850516319275
1994-11-10,0.3063810169696808
1994-11-11,0.3049905598163605
1994-11-14,0.3151872456073761
1994-11-15,0.306844562292099
1994-11-16,0.30359938740730286
1994-11-17,0.2966471314430237
1994-11-18,0.2975394129753113
1994-11-21,0.2835923135280609
1994-11-22,0.2780129611492157
1994-11-23,0.2742939591407776
1994-11-25,0.28080296516418457
1994-11-28,0.2812678813934326
1994-11-29,0.28452205657958984
1994-11-30,0.27708327770233154
1994-12-01,0.26918038725852966
1994-12-02,0.27196958661079407
1994-12-05,0.27661842107772827
1994-12-06,0.2794075906276703
1994-12-07,0.2724345624446869
1994-12-08,0.266855925321579
1994-12-09,0.26964515447616577
1994-12-12,0.27150478959083557
1994-12-13,0.2705749571323395
1994-12-14,0.28173285722732544
1994-12-15,0.2761535048484802
1994-12-16,0.27708327770233154
1994-12-19,0.29103025794029236
1994-12-20,0.2863815426826477
1994-12-21,0.2854517698287964
1994-12-22,0.2873113453388214
1994-12-23,0.28917092084884644
1994-12-27,0.29103025794029236
1994-12-28,0.29103025794029236
1994-12-29,0.29382041096687317
1994-12-30,0.29010042548179626
1995-01-03,0.2854517698287964
1995-01-04,0.2928907573223114
1995-01-05,0.28917092084884644
1995-01-06,0.3124162554740906
1995-01-09,0.3064887225627899
1995-01-10,0.32496875524520874
1995-01-11,0.347749263048172
1995-01-12,0.3375210464000702
1995-01-13,0.333802193403244
1995-01-16,0.3310120701789856
1995-01-17,0.33473193645477295
1995-01-18,0.33938080072402954
1995-01-19,0.3412402272224426
1995-01-20,0.31706494092941284
1995-01-23,0.3142756521701813
1995-01-24,0.3096269369125366
1995-01-25,0.3048616349697113
1995-01-26,0.29382041096687317
1995-01-27,0.29660969972610474
1995-01-30,0.2984691262245178
1995-01-31,0.30032873153686523
1995-02-01,0.2984691262245178
1995-02-02,0.3096269369125366
1995-02-03,0.3012584447860718
1995-02-06,0.3012584447860718
1995-02-07,0.3035828173160553
1995-02-08,0.3147406280040741
1995-02-09,0.3245038092136383
1995-02-10,0.325433611869812
1995-02-13,0.326328307390213
1995-02-14,0.32026827335357666
1995-02-15,0.317470520734787
1995-02-16,0.32213294506073
1995-02-17,0.3170044422149658
1995-02-21,0.30581575632095337
1995-02-22,0.3044174313545227
1995-02-23,0.2997558116912842
1995-02-24,0.2908981740474701
1995-02-27,0.2853042483329773
1995-02-28,0.2946282625198364
1995-03-01,0.29835742712020874
1995-03-02,0.29835742712020874
1995-03-03,0.30022209882736206
1995-03-06,0.29649266600608826
1995-03-07,0.2857704162597656
1995-03-08,0.29509437084198
1995-03-09,0.29649266600608826
1995-03-10,0.2946282625198364
1995-03-13,0.28437191247940063
1995-03-14,0.2610626816749573
1995-03-15,0.2610626816749573
1995-03-16,0.2629272937774658
1995-03-17,0.2619949281215668
1995-03-20,0.2629272937774658
1995-03-21,0.27038654685020447
1995-03-22,0.28390586376190186
1995-03-23,0.27691274881362915
1995-03-24,0.2815750539302826
1995-03-27,0.27737894654273987
1995-03-28,0.2564009726047516
1995-03-29,0.2564009726047516
1995-03-30,0.2638595700263977
1995-03-31,0.2629272937774658
1995-04-03,0.2647918462753296
1995-04-04,0.2526710629463196
1995-04-05,0.25919798016548157
1995-04-06,0.2741158902645111
1995-04-07,0.2741158902645111
1995-04-10,0.27318352460861206
1995-04-11,0.2815750539302826
1995-04-12,0.2908981740474701
1995-04-13,0.2853042483329773
1995-04-17,0.2862366735935211
1995-04-18,0.27970966696739197
1995-04-19,0.2713189125061035
1995-04-20,0.28064271807670593
1995-04-21,0.2918304204940796
1995-04-24,0.2908981740474701
1995-04-25,0.2815750539302826
1995-04-26,0.2853042483329773
1995-04-27,0.28250744938850403
1995-04-28,0.2853042483329773
1995-05-01,0.2853042483329773
1995-05-02,0.28437191247940063
1995-05-03,0.28437191247940063
1995-05-04,0.28716883063316345
1995-05-05,0.28996580839157104
1995-05-08,0.30208665132522583
1995-05-09,0.3076813817024231
1995-05-10,0.3090798258781433
1995-05-11,0.30581575632095337
1995-05-12,0.32539603114128113
1995-05-15,0.32539603114128113
1995-05-16,0.326328307390213
1995-05-17,0.3281927704811096
1995-05-18,0.3235313892364502
1995-05-19,0.31886905431747437
1995-05-22,0.32912519574165344
1995-05-23,0.32726067304611206
1995-05-24,0.3244636654853821
1995-05-25,0.3235313892364502
1995-05-26,0.3192858099937439
1995-05-30,0.3141438663005829
1995-05-31,0.31087177991867065
1995-06-01,0.3155462443828583
1995-06-02,0.3150787949562073
1995-06-05,0.3253634572029114
1995-06-06,0.3291029930114746
1995-06-07,0.32255876064300537
1995-06-08,0.32115644216537476
1995-06-09,0.3253634572029114
1995-06-12,0.3303890824317932
1995-06-13,0.3291029930114746
1995-06-14,0.32629841566085815
1995-06-15,0.32629841566085815
1995-06-16,0.3281680941581726
1995-06-19,0.3319076597690582
1995-06-20,0.35434675216674805
1995-06-21,0.3693059980869293
1995-06-22,0.36743614077568054
1995-06-23,0.3646315336227417
1995-06-26,0.3599570691585541
1995-06-27,0.3468676507472992
1995-06-28,0.3487373888492584
1995-06-29,0.3534119427204132
1995-06-30,0.3473350703716278
1995-07-03,0.3510746955871582
1995-07-05,0.3478024899959564
1995-07-06,0.3515421450138092
1995-07-07,0.36369651556015015
1995-07-10,0.36369651556015015
1995-07-11,0.35247698426246643
1995-07-12,0.3515421450138092
1995-07-13,0.35621654987335205
1995-07-14,0.3646315336227417
1995-07-17,0.3665012717247009
1995-07-18,0.3599570691585541
1995-07-19,0.34032267332077026
1995-07-20,0.35200953483581543
1995-07-21,0.3272331655025482
1995-07-24,0.33938780426979065
1995-07-25,0.3421923518180847
1995-07-26,0.33938780426979065
1995-07-27,0.3501397967338562
1995-07-28,0.34032267332077026
1995-07-31,0.3365829586982727
1995-08-01,0.3253634572029114
1995-08-02,0.3319076597690582
1995-08-03,0.3365829586982727
1995-08-04,0.3309728503227234
1995-08-07,0.32442858815193176
1995-08-08,0.31788352131843567
1995-08-09,0.32255876064300537
1995-08-10,0.3197532892227173
1995-08-11,0.3220912218093872
1995-08-14,0.32442858815193176
1995-08-15,0.3295705020427704
1995-08-16,0.33375120162963867
1995-08-17,0.33468949794769287
1995-08-18,0.3365643620491028
1995-08-21,0.33093884587287903
1995-08-22,0.335627019405365
1995-08-23,0.3412516713142395
1995-08-24,0.34312647581100464
1995-08-25,0.335627019405365
1995-08-28,0.3225018382072449
1995-08-29,0.32343927025794983
1995-08-30,0.32531416416168213
1995-08-31,0.3225018382072449
1995-09-01,0.3220331370830536
1995-09-05,0.32625165581703186
1995-09-06,0.32812654972076416
1995-09-07,0.335627019405365
1995-09-08,0.335627019405365
1995-09-11,0.331876277923584
1995-09-12,0.3220331370830536
1995-09-13,0.31781378388404846
1995-09-14,0.3000013828277588
1995-09-15,0.26906418800354004
1995-09-18,0.2751575708389282
1995-09-19,0.2756262719631195
1995-09-20,0.27468883991241455
1995-09-21,0.2775011658668518
1995-09-22,0.27796992659568787
1995-09-25,0.28136855363845825
1995-09-26,0.28031355142593384
1995-09-27,0.27187657356262207
1995-09-28,0.28312668204307556
1995-09-29,0.27937597036361694
1995-10-02,0.2821893095970154
1995-10-03,0.2821893095970154
1995-10-04,0.272814005613327
1995-10-05,0.27375128865242004
1995-10-06,0.26765716075897217
1995-10-09,0.26109498739242554
1995-10-10,0.2601577341556549
1995-10-11,0.26156380772590637
1995-10-12,0.2648449242115021
1995-10-13,0.27000167965888977
1995-10-16,0.27093908190727234
1995-10-17,0.27468883991241455
1995-10-18,0.28031355142593384
1995-10-19,0.26062634587287903
1995-10-20,0.2634386420249939
1995-10-23,0.2634386420249939
1995-10-24,0.2634386420249939
1995-10-25,0.26062634587287903
1995-10-26,0.26156380772590637
1995-10-27,0.26062634587287903
1995-10-30,0.264376163482666
1995-10-31,0.27234524488449097
1995-11-01,0.27468883991241455
1995-11-02,0.27468883991241455
1995-11-03,0.27375128865242004
1995-11-06,0.2859390377998352
1995-11-07,0.2971891760826111
1995-11-08,0.2915636897087097
1995-11-09,0.29531434178352356
1995-11-10,0.29812654852867126
1995-11-13,0.30656367540359497
1995-11-14,0.311251699924469
1995-11-15,0.30750101804733276
1995-11-16,0.2995329201221466
1995-11-17,0.3009389340877533
1995-11-20,0.2896888256072998
1995-11-21,0.29059121012687683
1995-11-22,0.29059121012687683
1995-11-24,0.3023466169834137
1995-11-27,0.29623422026634216
1995-11-28,0.3009360730648041
1995-11-29,0.29529309272766113
1995-11-30,0.28682976961135864
1995-12-01,0.28306835889816284
1995-12-04,0.2971747815608978
1995-12-05,0.2971747815608978
1995-12-06,0.29153159260749817
1995-12-07,0.2901211380958557
1995-12-08,0.29623422026634216
1995-12-11,0.29059121012687683
1995-12-12,0.2858894467353821
1995-12-13,0.2887105643749237
1995-12-14,0.28777024149894714
1995-12-15,0.2651997208595276
1995-12-18,0.2426293045282364
1995-12-19,0.24639149010181427
1995-12-20,0.2454511821269989
1995-12-21,0.2445109337568283
1995-12-22,0.2426293045282364
1995-12-26,0.2412186861038208
1995-12-27,0.2435705065727234
1995-12-28,0.2407485395669937
1995-12-29,0.23980820178985596
1996-01-02,0.24168892204761505
1996-01-03,0.24168892204761505
1996-01-04,0.2374572902917862
1996-01-05,0.25767672061920166
1996-01-08,0.26049792766571045
1996-01-09,0.24639149010181427
1996-01-10,0.25767672061920166
1996-01-11,0.2633190155029297
1996-01-12,0.25485482811927795
1996-01-15,0.2567363977432251
1996-01-16,0.26002776622772217
1996-01-17,0.25579527020454407
1996-01-18,0.24027836322784424
1996-01-19,0.22476156055927277
1996-01-22,0.2294633388519287
1996-01-23,0.23792748153209686
1996-01-24,0.2426293045282364
1996-01-25,0.22758257389068604
1996-01-26,0.23040460050106049
1996-01-29,0.21911932528018951
1996-01-30,0.2054831087589264
1996-01-31,0.20783407986164093
1996-02-01,0.2134762704372406
1996-02-02,0.22005967795848846
1996-02-05,0.22005967795848846
1996-02-06,0.22288073599338531
1996-02-07,0.21253590285778046
1996-02-08,0.2097148597240448
1996-02-09,0.20877447724342346
1996-02-12,0.2134762704372406
1996-02-13,0.21159546077251434
1996-02-14,0.20783407986164093
1996-02-15,0.21065524220466614
1996-02-16,0.2068937122821808
1996-02-20,0.21817897260189056
1996-02-21,0.22288073599338531
1996-02-22,0.22476156055927277
1996-02-23,0.22476156055927277
1996-02-26,0.22194044291973114
1996-02-27,0.2153569906949997
1996-02-28,0.20877447724342346
1996-02-29,0.2068937122821808
1996-03-01,0.2021910846233368
1996-03-04,0.19748923182487488
1996-03-05,0.2003103345632553
1996-03-06,0.1970190554857254
1996-03-07,0.19419798254966736
1996-03-08,0.1956084817647934
1996-03-11,0.1946682184934616
1996-03-12,0.19419798254966736
1996-03-13,0.1937277764081955
1996-03-14,0.19278745353221893
1996-03-15,0.1946682184934616
1996-03-18,0.19654884934425354
1996-03-19,0.1937277764081955
1996-03-20,0.18996547162532806
1996-03-21,0.18902507424354553
1996-03-22,0.19090664386749268
1996-03-25,0.1805618554353714
1996-03-26,0.17962147295475006
1996-03-27,0.18996547162532806
1996-03-28,0.18197236955165863
1996-03-29,0.18479344248771667
1996-04-01,0.1918470412492752
1996-04-02,0.18808479607105255
1996-04-03,0.18479344248771667
1996-04-04,0.18150220811367035
1996-04-08,0.18338294327259064
1996-04-09,0.1956084817647934
1996-04-10,0.1956084817647934
1996-04-11,0.1937277764081955
1996-04-12,0.1918470412492752
1996-04-15,0.1937277764081955
1996-04-16,0.1946682184934616
1996-04-17,0.18996547162532806
1996-04-18,0.18620403110980988
1996-04-19,0.18855494260787964
1996-04-22,0.18902507424354553
1996-04-23,0.18620403110980988
1996-04-24,0.18244248628616333
1996-04-25,0.18714438378810883
1996-04-26,0.18620403110980988
1996-04-29,0.18620403110980988
1996-04-30,0.18338294327259064
1996-05-01,0.18338294327259064
1996-05-02,0.17868109047412872
1996-05-03,0.17962147295475006
1996-05-06,0.19278745353221893
1996-05-07,0.2021910846233368
1996-05-08,0.20125071704387665
1996-05-09,0.19654884934425354
1996-05-10,0.2050129622220993
1996-05-13,0.2036016285419464
1996-05-14,0.2068937122821808
1996-05-15,0.21441662311553955
1996-05-16,0.2134762704372406
1996-05-17,0.20783407986164093
1996-05-20,0.2101850062608719
1996-05-21,0.20407263934612274
1996-05-22,0.19607865810394287
1996-05-23,0.19748923182487488
1996-05-24,0.20125071704387665
1996-05-28,0.19842961430549622
1996-05-29,0.18714438378810883
1996-05-30,0.1918470412492752
1996-05-31,0.19654884934425354
1996-06-03,0.18620403110980988
1996-06-04,0.18197236955165863
1996-06-05,0.18902507424354553
1996-06-06,0.18244248628616333
1996-06-07,0.18338294327259064
1996-06-10,0.18150220811367035
1996-06-11,0.1805618554353714
1996-06-12,0.18244248628616333
1996-06-13,0.18526366353034973
1996-06-14,0.18009164929389954
1996-06-17,0.17774072289466858
1996-06-18,0.1711573451757431
1996-06-19,0.17397844791412354
1996-06-20,0.1711573451757431
1996-06-21,0.17021697759628296
1996-06-24,0.16739588975906372
1996-06-25,0.15517032146453857
1996-06-26,0.14952722191810608
1996-06-27,0.15517032146453857
1996-06-28,0.15799131989479065
1996-07-01,0.1617528647184372
1996-07-02,0.15799131989479065
1996-07-03,0.14576579630374908
1996-07-05,0.14670617878437042
1996-07-08,0.14388512074947357
1996-07-09,0.14294472336769104
1996-07-10,0.14106400310993195
1996-07-11,0.13448059558868408
1996-07-12,0.1358911693096161
1996-07-15,0.12930861115455627
1996-07-16,0.1269576996564865
1996-07-17,0.1269576996564865
1996-07-18,0.15705102682113647
1996-07-19,0.15611065924167633
1996-07-22,0.15234923362731934
1996-07-23,0.15422987937927246
1996-07-24,0.1565808355808258
1996-07-25,0.15799131989479065
1996-07-26,0.16551509499549866
1996-07-29,0.16739588975906372
1996-07-30,0.16081251204013824
1996-07-31,0.16551509499549866
1996-08-01,0.15987209975719452
1996-08-02,0.16269321739673615
1996-08-05,0.15799131989479065
1996-08-06,0.1617528647184372
1996-08-07,0.16833625733852386
1996-08-08,0.16645552217960358
1996-08-09,0.17397844791412354
1996-08-12,0.173038050532341
1996-08-13,0.169276624917984
1996-08-14,0.1711573451757431
1996-08-15,0.16739588975906372
1996-08-16,0.169276624917984
1996-08-19,0.17774072289466858
1996-08-20,0.17679956555366516
1996-08-21,0.173038050532341
1996-08-22,0.1749187707901001
1996-08-23,0.17962147295475006
1996-08-26,0.18150220811367035
1996-08-27,0.187027245759964
1996-08-28,0.18714438378810883
1996-08-29,0.18432334065437317
1996-08-30,0.18244248628616333
1996-09-03,0.18150220811367035
1996-09-04,0.18150220811367035
1996-09-05,0.17209769785404205
1996-09-06,0.173038050532341
1996-09-09,0.16551509499549866
1996-09-10,0.1617528647184372
1996-09-11,0.15893174707889557
1996-09-12,0.1532895267009735
1996-09-13,0.15799131989479065
1996-09-16,0.16833625733852386
1996-09-17,0.173038050532341
1996-09-18,0.17679956555366516
1996-09-19,0.17585918307304382
1996-09-20,0.17209769785404205
1996-09-23,0.16833625733852386
1996-09-24,0.169276624917984
1996-09-25,0.16833625733852386
1996-09-26,0.16833625733852386
1996-09-27,0.1678660660982132
1996-09-30,0.16692571341991425
1996-10-01,0.18526366353034973
1996-10-02,0.17774072289466858
1996-10-03,0.16833625733852386
1996-10-04,0.17162750661373138
1996-10-07,0.17397844791412354
1996-10-08,0.1749187707901001
1996-10-09,0.173038050532341
1996-10-10,0.18197236955165863
1996-10-11,0.18244248628616333
1996-10-14,0.18996547162532806
1996-10-15,0.18996547162532806
1996-10-16,0.1937277764081955
1996-10-17,0.19842961430549622
1996-10-18,0.19984014332294464
1996-10-21,0.19278745353221893
1996-10-22,0.18714438378810883
1996-10-23,0.18620403110980988
1996-10-24,0.18620403110980988
1996-10-25,0.18432334065437317
1996-10-28,0.18432334065437317
1996-10-29,0.1749187707901001
1996-10-30,0.17209769785404205
1996-10-31,0.173038050532341
1996-11-01,0.18244248628616333
1996-11-04,0.18338294327259064
1996-11-05,0.1918470412492752
1996-11-06,0.1918470412492752
1996-11-07,0.1946682184934616
1996-11-08,0.19748923182487488
1996-11-11,0.1956084817647934
1996-11-12,0.18996547162532806
1996-11-13,0.19231723248958588
1996-11-14,0.19278745353221893
1996-11-15,0.18808479607105255
1996-11-18,0.18620403110980988
1996-11-19,0.18714438378810883
1996-11-20,0.18808479607105255
1996-11-21,0.18432334065437317
1996-11-22,0.18996547162532806
1996-11-25,0.18808479607105255
1996-11-26,0.18244248628616333
1996-11-27,0.18432334065437317
1996-11-29,0.18150220811367035
1996-12-02,0.18902507424354553
1996-12-03,0.18902507424354553
1996-12-04,0.18808479607105255
1996-12-05,0.18808479607105255
1996-12-06,0.18902507424354553
1996-12-09,0.18808479607105255
1996-12-10,0.18432334065437317
1996-12-11,0.1805618554353714
1996-12-12,0.17962147295475006
1996-12-13,0.1749187707901001
1996-12-16,0.17021697759628296
1996-12-17,0.169276624917984
1996-12-18,0.17397844791412354
1996-12-19,0.16739588975906372
1996-12-20,0.17679956555366516
1996-12-23,0.1749187707901001
1996-12-24,0.17397844791412354
1996-12-26,0.173038050532341
1996-12-27,0.17397844791412354
1996-12-30,0.1636335551738739
1996-12-31,0.15705102682113647
1997-01-02,0.15799131989479065
1997-01-03,0.1636335551738739
1997-01-06,0.13448059558868408
1997-01-07,0.13165950775146484
1997-01-08,0.1325998604297638
1997-01-09,0.13354016840457916
1997-01-10,0.13730168342590332
1997-01-13,0.1363612711429596
1997-01-14,0.13448059558868408
1997-01-15,0.12977872788906097
1997-01-16,0.1260172724723816
1997-01-17,0.1260172724723816
1997-01-20,0.127427875995636
1997-01-21,0.12977872788906097
1997-01-22,0.12930861115455627
1997-01-23,0.12977872788906097
1997-01-24,0.1269576996564865
1997-01-27,0.1250769942998886
1997-01-28,0.1250769942998886
1997-01-29,0.1250769942998886
1997-01-30,0.1260172724723816
1997-01-31,0.1250769942998886
1997-02-03,0.12272518128156662
1997-02-04,0.11567245423793793
1997-02-05,0.11473209410905838
1997-02-06,0.12037426978349686
1997-02-07,0.11896374076604843
1997-02-10,0.1175532266497612
1997-02-11,0.1180233508348465
1997-02-12,0.11849354207515717
1997-02-13,0.1213146522641182
1997-02-14,0.12272518128156662
1997-02-18,0.13448059558868408
1997-02-19,0.1325998604297638
1997-02-20,0.12789802253246307
1997-02-21,0.12319532781839371
1997-02-24,0.1250769942998886
1997-02-25,0.1269576996564865
1997-02-26,0.12883836030960083
1997-02-27,0.12789802253246307
1997-02-28,0.12225503474473953
1997-03-03,0.1213146522641182
1997-03-04,0.12413572520017624
1997-03-05,0.12789802253246307
1997-03-06,0.1250769942998886
1997-03-07,0.12413572520017624
1997-03-10,0.1250769942998886
1997-03-11,0.12319532781839371
1997-03-12,0.12225503474473953
1997-03-13,0.12319532781839371
1997-03-14,0.12460589408874512
1997-03-17,0.12413572520017624
1997-03-18,0.12225503474473953
1997-03-19,0.1213146522641182
1997-03-20,0.12977872788906097
1997-03-21,0.1250769942998886
1997-03-24,0.12413572520017624
1997-03-25,0.12413572520017624
1997-03-26,0.1260172724723816
1997-03-27,0.1401236355304718
1997-03-31,0.13730168342590332
1997-04-01,0.13165950775146484
1997-04-02,0.13542093336582184
1997-04-03,0.1420043408870697
1997-04-04,0.14482539892196655
1997-04-07,0.14670617878437042
1997-04-08,0.14388512074947357
1997-04-09,0.14294472336769104
1997-04-10,0.1420043408870697
1997-04-11,0.13730168342590332
1997-04-14,0.14106400310993195
1997-04-15,0.1387130171060562
1997-04-16,0.13965348899364471
1997-04-17,0.14294472336769104
1997-04-18,0.1382429003715515
1997-04-21,0.13542093336582184
1997-04-22,0.13918325304985046
1997-04-23,0.1363612711429596
1997-04-24,0.13448059558868408
1997-04-25,0.13165950775146484
1997-04-28,0.1325998604297638
1997-04-29,0.13307003676891327
1997-04-30,0.12789802253246307
1997-05-01,0.12789802253246307
1997-05-02,0.12789802253246307
1997-05-05,0.12789802253246307
1997-05-06,0.1269576996564865
1997-05-07,0.12413572520017624
1997-05-08,0.12789802253246307
1997-05-09,0.12836819887161255
1997-05-12,0.13212966918945312
1997-05-13,0.13212966918945312
1997-05-14,0.13307003676891327
1997-05-15,0.13354016840457916
1997-05-16,0.12977872788906097
1997-05-19,0.12789802253246307
1997-05-20,0.12977872788906097
1997-05-21,0.1269576996564865
1997-05-22,0.1250769942998886
1997-05-23,0.1269576996564865
1997-05-27,0.12977872788906097
1997-05-28,0.12789802253246307
1997-05-29,0.1250769942998886
1997-05-30,0.1250769942998886
1997-06-02,0.127427875995636
1997-06-03,0.1255471557378769
1997-06-04,0.1250769942998886
1997-06-05,0.1255471557378769
1997-06-06,0.1260172724723816
1997-06-09,0.1250769942998886
1997-06-10,0.12225503474473953
1997-06-11,0.12272518128156662
1997-06-12,0.12084446102380753
1997-06-13,0.11896374076604843
1997-06-16,0.11661281436681747
1997-06-17,0.12296030670404434
1997-06-18,0.11990410089492798
1997-06-19,0.11849354207515717
1997-06-20,0.11708297580480576
1997-06-23,0.11567245423793793
1997-06-24,0.11520230025053024
1997-06-25,0.11379171907901764
1997-06-26,0.11049956828355789
1997-06-27,0.11049956828355789
1997-06-30,0.10720831155776978
1997-07-01,0.09921523928642273
1997-07-02,0.09827401489019394
1997-07-03,0.10297669470310211
1997-07-07,0.10391703993082047
1997-07-08,0.1034468561410904
1997-07-09,0.10297669470310211
1997-07-10,0.09968540817499161
1997-07-11,0.11426190286874771
1997-07-14,0.1175532266497612
1997-07-15,0.11990410089492798
1997-07-16,0.12366560101509094
1997-07-17,0.13165950775146484
1997-07-18,0.13048407435417175
1997-07-21,0.12154973298311234
1997-07-22,0.12460589408874512
1997-07-23,0.1213146522641182
1997-07-24,0.11896374076604843
1997-07-25,0.12225503474473953
1997-07-28,0.12366560101509094
1997-07-29,0.12413572520017624
1997-07-30,0.1307191103696823
1997-07-31,0.13165950775146484
1997-08-01,0.14435528218746185
1997-08-04,0.1485869586467743
1997-08-05,0.1485869586467743
1997-08-06,0.19795942306518555
1997-08-07,0.2195894867181778
1997-08-08,0.20172081887722015
1997-08-11,0.18479344248771667
1997-08-12,0.1659853160381317
1997-08-13,0.17774072289466858
1997-08-14,0.173038050532341
1997-08-15,0.1749187707901001
1997-08-18,0.17774072289466858
1997-08-19,0.18385306000709534
1997-08-20,0.18526366353034973
1997-08-21,0.1805618554353714
1997-08-22,0.17774072289466858
1997-08-25,0.17350828647613525
1997-08-26,0.16739588975906372
1997-08-27,0.17068719863891602
1997-08-28,0.16551509499549866
1997-08-29,0.1636335551738739
1997-09-02,0.16833625733852386
1997-09-03,0.169276624917984
1997-09-04,0.169276624917984
1997-09-05,0.16692571341991425
1997-09-08,0.1617528647184372
1997-09-09,0.16410374641418457
1997-09-10,0.17256784439086914
1997-09-11,0.16833625733852386
1997-09-12,0.1659853160381317
1997-09-15,0.1617528647184372
1997-09-16,0.16504497826099396
1997-09-17,0.16410374641418457
1997-09-18,0.1678660660982132
1997-09-19,0.16504497826099396
1997-09-22,0.17162750661373138
1997-09-23,0.1636335551738739
1997-09-24,0.1617528647184372
1997-09-25,0.15893174707889557
1997-09-26,0.1603422909975052
1997-09-29,0.1659853160381317
1997-09-30,0.16316336393356323
1997-10-01,0.16198791563510895
1997-10-02,0.16504497826099396
1997-10-03,0.16645552217960358
1997-10-06,0.16504497826099396
1997-10-07,0.16410374641418457
1997-10-08,0.1617528647184372
1997-10-09,0.1636335551738739
1997-10-10,0.17068719863891602
1997-10-13,0.17068719863891602
1997-10-14,0.17068719863891602
1997-10-15,0.1791512370109558
1997-10-16,0.1617528647184372
1997-10-17,0.1514088660478592
1997-10-20,0.14059379696846008
1997-10-21,0.14341488480567932
1997-10-22,0.13965348899364471
1997-10-23,0.13354016840457916
1997-10-24,0.12460589408874512
1997-10-27,0.1260172724723816
1997-10-28,0.1363612711429596
1997-10-29,0.13165950775146484
1997-10-30,0.12413572520017624
1997-10-31,0.128133162856102
1997-11-03,0.1307191103696823
1997-11-04,0.13495074212551117
1997-11-05,0.1382429003715515
1997-11-06,0.14294472336769104
1997-11-07,0.1485869586467743
1997-11-10,0.14059379696846008
1997-11-11,0.1382429003715515
1997-11-12,0.1325998604297638
1997-11-13,0.13542093336582184
1997-11-14,0.1387130171060562
1997-11-17,0.13918325304985046
1997-11-18,0.1358911693096161
1997-11-19,0.13730168342590332
1997-11-20,0.13918325304985046
1997-11-21,0.13683155179023743
1997-11-24,0.1325998604297638
1997-11-25,0.1307191103696823
1997-11-26,0.13165950775146484
1997-11-28,0.13354016840457916
1997-12-01,0.13354016840457916
1997-12-02,0.11943388730287552
1997-12-03,0.11849354207515717
1997-12-04,0.1175532266497612
1997-12-05,0.11896374076604843
1997-12-08,0.11708297580480576
1997-12-09,0.11473209410905838
1997-12-10,0.11096978932619095
1997-12-11,0.10955923050642014
1997-12-12,0.10626795142889023
1997-12-15,0.1048574298620224
1997-12-16,0.10767849534749985
1997-12-17,0.1048574298620224
1997-12-18,0.10391703993082047
1997-12-19,0.10297669470310211
1997-12-22,0.10015559941530228
1997-12-23,0.09733365476131439
1997-12-24,0.09874503314495087
1997-12-26,0.10015559941530228
1997-12-29,0.09874503314495087
1997-12-30,0.09921523928642273
1997-12-31,0.09874503314495087
1998-01-02,0.12225503474473953
1998-01-05,0.11943388730287552
1998-01-06,0.14247451722621918
1998-01-07,0.13165950775146484
1998-01-08,0.13683155179023743
1998-01-09,0.13683155179023743
1998-01-12,0.13730168342590332
1998-01-13,0.14670617878437042
1998-01-14,0.1485869586467743
1998-01-15,0.14435528218746185
1998-01-16,0.14153417944908142
1998-01-20,0.14341488480567932
1998-01-21,0.14223945140838623
1998-01-22,0.14482539892196655
1998-01-23,0.14670617878437042
1998-01-26,0.14623598754405975
1998-01-27,0.14388512074947357
1998-01-28,0.14435528218746185
1998-01-29,0.13918325304985046
1998-01-30,0.1377718448638916
1998-02-02,0.13307003676891327
1998-02-03,0.1377718448638916
1998-02-04,0.13730168342590332
1998-02-05,0.1377718448638916
1998-02-06,0.13918325304985046
1998-02-09,0.14435528218746185
1998-02-10,0.14623598754405975
1998-02-11,0.14294472336769104
1998-02-12,0.14576579630374908
1998-02-13,0.14670617878437042
1998-02-17,0.14764654636383057
1998-02-18,0.15470010042190552
1998-02-19,0.15375971794128418
1998-02-20,0.1504676342010498
1998-02-23,0.15987209975719452
1998-02-24,0.1603422909975052
1998-02-25,0.1678660660982132
1998-02-26,0.17679956555366516
1998-02-27,0.17774072289466858
1998-03-02,0.1711573451757431
1998-03-03,0.17397844791412354
1998-03-04,0.18385306000709534
1998-03-05,0.1810320019721985
1998-03-06,0.18385306000709534
1998-03-09,0.1711573451757431
1998-03-10,0.1810320019721985
1998-03-11,0.19654884934425354
1998-03-12,0.20313142240047455
1998-03-13,0.20407263934612274
1998-03-16,0.20078051090240479
1998-03-17,0.1981945037841797
1998-03-18,0.2026612013578415
1998-03-19,0.20125071704387665
1998-03-20,0.19842961430549622
1998-03-23,0.19654884934425354
1998-03-24,0.21065524220466614
1998-03-25,0.20430774986743927
1998-03-26,0.19984014332294464
1998-03-27,0.2026612013578415
1998-03-30,0.2064235359430313
1998-03-31,0.2068937122821808
1998-04-01,0.2068937122821808
1998-04-02,0.2054831087589264
1998-04-03,0.2036016285419464
1998-04-06,0.19748923182487488
1998-04-07,0.1918470412492752
1998-04-08,0.18808479607105255
1998-04-09,0.19278745353221893
1998-04-13,0.19889982044696808
1998-04-14,0.2026612013578415
1998-04-15,0.2064235359430313
1998-04-16,0.2153569906949997
1998-04-17,0.2101850062608719
1998-04-20,0.21817897260189056
1998-04-21,0.21817897260189056
1998-04-22,0.2068937122821808
1998-04-23,0.20830433070659637
1998-04-24,0.2101850062608719
1998-04-27,0.20877447724342346
1998-04-28,0.2026612013578415
1998-04-29,0.20313142240047455
1998-04-30,0.20595338940620422
1998-05-01,0.21065524220466614
1998-05-04,0.21864914894104004
1998-05-05,0.2233508676290512
1998-05-06,0.2280527502298355
1998-05-07,0.22711244225502014
1998-05-08,0.22899313271045685
1998-05-11,0.23275548219680786
1998-05-12,0.22664213180541992
1998-05-13,0.22899313271045685
1998-05-14,0.2261720895767212
1998-05-15,0.22241060435771942
1998-05-18,0.21441662311553955
1998-05-19,0.22100000083446503
1998-05-20,0.22241060435771942
1998-05-21,0.21723859012126923
1998-05-22,0.2097148597240448
1998-05-26,0.20078051090240479
1998-05-27,0.20125071704387665
1998-05-28,0.2064235359430313
1998-05-29,0.2003103345632553
1998-06-01,0.19748923182487488
1998-06-02,0.2021910846233368
1998-06-03,0.19795942306518555
1998-06-04,0.20172081887722015
1998-06-05,0.2021910846233368
1998-06-08,0.2050129622220993
1998-06-09,0.21253590285778046
1998-06-10,0.21112531423568726
1998-06-11,0.20924465358257294
1998-06-12,0.21159546077251434
1998-06-15,0.2068937122821808
1998-06-16,0.21065524220466614
1998-06-17,0.21159546077251434
1998-06-18,0.2054831087589264
1998-06-19,0.2036016285419464
1998-06-22,0.20595338940620422
1998-06-23,0.20924465358257294
1998-06-24,0.21253590285778046
1998-06-25,0.21488678455352783
1998-06-26,0.2120657116174698
1998-06-29,0.21582724153995514
1998-06-30,0.21582724153995514
1998-07-01,0.22523169219493866
1998-07-02,0.21817897260189056
1998-07-06,0.22852297127246857
1998-07-07,0.2294633388519287
1998-07-08,0.2449810951948166
1998-07-09,0.23839764297008514
1998-07-10,0.2412186861038208
1998-07-13,0.255325049161911
1998-07-14,0.25156357884407043
1998-07-15,0.25908729434013367
1998-07-16,0.28212714195251465
1998-07-17,0.27742519974708557
1998-07-20,0.2727234363555908
1998-07-21,0.2680208683013916
1998-07-22,0.2633190155029297
1998-07-23,0.26284876465797424
1998-07-24,0.2609681487083435
1998-07-27,0.25908729434013367
1998-07-28,0.2529740333557129
1998-07-29,0.26425933837890625
1998-07-30,0.27460408210754395
1998-07-31,0.26049792766571045
1998-08-03,0.26425933837890625
1998-08-04,0.25720661878585815
1998-08-05,0.2708427906036377
1998-08-06,0.27742519974708557
1998-08-07,0.27460408210754395
1998-08-10,0.2854192852973938
1998-08-11,0.29341235756874084
1998-08-12,0.30140629410743713
1998-08-13,0.29670441150665283
1998-08-14,0.30469754338264465
1998-08-17,0.3155125379562378
1998-08-18,0.3202143609523773
1998-08-19,0.3084588646888733
1998-08-20,0.30563783645629883
1998-08-21,0.32350653409957886
1998-08-24,0.3098704218864441
1998-08-25,0.30704858899116516
1998-08-26,0.3037572503089905
1998-08-27,0.28212714195251465
1998-08-28,0.25720661878585815
1998-08-31,0.23463617265224457
1998-09-01,0.2567363977432251
1998-09-02,0.267550528049469
1998-09-03,0.26049792766571045
1998-09-04,0.26425933837890625
1998-09-08,0.28777024149894714
1998-09-09,0.2811867594718933
1998-09-10,0.28682976961135864
1998-09-11,0.28306835889816284
1998-09-14,0.2797762155532837
1998-09-15,0.28729984164237976
1998-09-16,0.2807164788246155
1998-09-17,0.2708427906036377
1998-09-18,0.2764849364757538
1998-09-21,0.27789542078971863
1998-09-22,0.27836573123931885
1998-09-23,0.2882402241230011
1998-09-24,0.2896507978439331
1998-09-25,0.29153159260749817
1998-09-28,0.2938825190067291
1998-09-29,0.2971747815608978
1998-09-30,0.28682976961135864
1998-10-01,0.2684910297393799
1998-10-02,0.2637891173362732
1998-10-05,0.24215908348560333
1998-10-06,0.2449810951948166
1998-10-07,0.24027836322784424
1998-10-08,0.23181506991386414
1998-10-09,0.26425933837890625
1998-10-12,0.28165706992149353
1998-10-13,0.29153159260749817
1998-10-14,0.2811867594718933
1998-10-15,0.27554449439048767
1998-10-16,0.2760147452354431
1998-10-19,0.28212714195251465
1998-10-20,0.271312952041626
1998-10-21,0.2793060541152954
1998-10-22,0.2764849364757538
1998-10-23,0.2670803368091583
1998-10-26,0.28165706992149353
1998-10-27,0.2651997208595276
1998-10-28,0.27695509791374207
1998-10-29,0.2741340398788452
1998-10-30,0.2793060541152954
1998-11-02,0.28306835889816284
1998-11-03,0.28447890281677246
1998-11-04,0.2910614609718323
1998-11-05,0.28729984164237976
1998-11-06,0.28635960817337036
1998-11-09,0.27554449439048767
1998-11-10,0.26425933837890625
1998-11-11,0.25250402092933655
1998-11-12,0.25579527020454407
1998-11-13,0.2684910297393799
1998-11-16,0.2708427906036377
1998-11-17,0.2619083523750305
1998-11-18,0.2666102349758148
1998-11-19,0.26896119117736816
1998-11-20,0.26566991209983826
1998-11-23,0.2727234363555908
1998-11-24,0.2703724503517151
1998-11-25,0.26425933837890625
1998-11-27,0.2637891173362732
1998-11-30,0.24027836322784424
1998-12-01,0.2567363977432251
1998-12-02,0.2708427906036377
1998-12-03,0.2534443140029907
1998-12-04,0.24639149010181427
1998-12-07,0.2539145052433014
1998-12-08,0.2412186861038208
1998-12-09,0.2407485395669937
1998-12-10,0.2407485395669937
1998-12-11,0.2539145052433014
1998-12-14,0.2445109337568283
1998-12-15,0.25250402092933655
1998-12-16,0.24686168134212494
1998-12-17,0.25156357884407043
1998-12-18,0.26472947001457214
1998-12-21,0.2637891173362732
1998-12-22,0.2858894467353821
1998-12-23,0.29952555894851685
1998-12-24,0.29529309272766113
1998-12-28,0.30751869082450867
1998-12-29,0.30704858899116516
1998-12-30,0.30140629410743713
1998-12-31,0.30798882246017456
1999-01-04,0.31034064292907715
1999-01-05,0.325857549905777
1999-01-06,0.31410205364227295
1999-01-07,0.338553249835968
1999-01-08,0.338553249835968
1999-01-11,0.3451356887817383
1999-01-12,0.3470165729522705
1999-01-13,0.34983834624290466
1999-01-14,0.31128090620040894
1999-01-15,0.31081074476242065
1999-01-19,0.30751869082450867
1999-01-20,0.3051677644252777
1999-01-21,0.29200178384780884
1999-01-22,0.29153159260749817
1999-01-25,0.29623422026634216
1999-01-26,0.30469754338264465
1999-01-27,0.3018764555454254
1999-01-28,0.30751869082450867
1999-01-29,0.3098704218864441
1999-02-01,0.30798882246017456
1999-02-02,0.2948228716850281
1999-02-03,0.3023466169834137
1999-02-04,0.28494903445243835
1999-02-05,0.2731936573982239
1999-02-08,0.2840086817741394
1999-02-09,0.2797762155532837
1999-02-10,0.2882402241230011
1999-02-11,0.29811495542526245
1999-02-12,0.2835385501384735
1999-02-16,0.2882402241230011
1999-02-17,0.27836573123931885
1999-02-18,0.2708427906036377
1999-02-19,0.2797762155532837
1999-02-22,0.28918081521987915
1999-02-23,0.28918081521987915
1999-02-24,0.28165706992149353
1999-02-25,0.27789542078971863
1999-02-26,0.2619083523750305
1999-03-01,0.2539145052433014
1999-03-02,0.26049792766571045
1999-03-03,0.25720661878585815
1999-03-04,0.25156357884407043
1999-03-05,0.24968282878398895
1999-03-08,0.25861722230911255
1999-03-09,0.2567363977432251
1999-03-10,0.2449810951948166
1999-03-11,0.24215908348560333
1999-03-12,0.24968282878398895
1999-03-15,0.25626540184020996
1999-03-16,0.2670803368091583
1999-03-17,0.25626540184020996
1999-03-18,0.2670803368091583
1999-03-19,0.2520337700843811
1999-03-22,0.2637891173362732
1999-03-23,0.24827231466770172
1999-03-24,0.2534443140029907
1999-03-25,0.2543846070766449
1999-03-26,0.2501530349254608
1999-03-29,0.26614007353782654
1999-03-30,0.26990243792533875
1999-03-31,0.2703724503517151
1999-04-01,0.271312952041626
1999-04-05,0.27883586287498474
1999-04-06,0.2858894467353821
1999-04-07,0.2793060541152954
1999-04-08,0.27742519974708557
1999-04-09,0.2764849364757538
1999-04-12,0.2727234363555908
1999-04-13,0.26049792766571045
1999-04-14,0.26731550693511963
1999-04-15,0.26896119117736816
1999-04-16,0.2666102349758148
1999-04-19,0.25485482811927795
1999-04-20,0.25626540184020996
1999-04-21,0.25861722230911255
1999-04-22,0.27366381883621216
1999-04-23,0.2948228716850281
1999-04-26,0.30798882246017456
1999-04-27,0.3441953957080841
1999-04-28,0.3314996361732483
1999-04-29,0.32350653409957886
1999-04-30,0.346076101064682
1999-05-03,0.37287819385528564
1999-05-04,0.34983834624290466
1999-05-05,0.3535999059677124
1999-05-06,0.3347909450531006
1999-05-07,0.3451356887817383
1999-05-10,0.3404339551925659
1999-05-11,0.33667251467704773
1999-05-12,0.34983834624290466
1999-05-13,0.3474867045879364
1999-05-14,0.33385056257247925
1999-05-17,0.33385056257247925
1999-05-18,0.3404339551925659
1999-05-19,0.33996376395225525
1999-05-20,0.31974419951438904
1999-05-21,0.33055925369262695
1999-05-24,0.3155125379562378
1999-05-25,0.31222131848335266
1999-05-26,0.3314996361732483
1999-05-27,0.32726800441741943
1999-05-28,0.3314996361732483
1999-06-01,0.3371427059173584
1999-06-02,0.35030853748321533
1999-06-03,0.3568911850452423
1999-06-04,0.362064003944397
1999-06-07,0.36817634105682373
1999-06-08,0.3587718605995178
1999-06-09,0.36441510915756226
1999-06-10,0.362064003944397
1999-06-11,0.3493683338165283
1999-06-14,0.34184446930885315
1999-06-15,0.34654632210731506
1999-06-16,0.3606526255607605
1999-06-17,0.34889811277389526
1999-06-18,0.3545401990413666
1999-06-21,0.34983834624290466
1999-06-22,0.34137439727783203
1999-06-23,0.32867854833602905
1999-06-24,0.31833362579345703
1999-06-25,0.31739333271980286
1999-06-28,0.3202143609523773
1999-06-29,0.34137439727783203
1999-06-30,0.3484272062778473
1999-07-01,0.340904176235199
1999-07-02,0.3484272062778473
1999-07-06,0.35642096400260925
1999-07-07,0.3752300441265106
1999-07-08,0.41002511978149414
1999-07-09,0.4184893071651459
1999-07-12,0.41002511978149414
1999-07-13,0.4039127230644226
1999-07-14,0.42084014415740967
1999-07-15,0.4006206691265106
1999-07-16,0.3992101550102234
1999-07-19,0.40955495834350586
1999-07-20,0.39779964089393616
1999-07-21,0.4067338705062866
1999-07-22,0.3940381109714508
1999-07-23,0.4010908007621765
1999-07-26,0.3832230865955353
1999-07-27,0.4039127230644226
1999-07-28,0.40908485651016235
1999-07-29,0.4053232669830322
1999-07-30,0.4189594089984894
1999-08-02,0.4194297194480896
1999-08-03,0.41566815972328186
1999-08-04,0.4048532247543335
1999-08-05,0.4119058847427368
1999-08-06,0.40720418095588684
1999-08-09,0.40955495834350586
1999-08-10,0.41660866141319275
1999-08-11,0.4490528702735901
1999-08-12,0.4514036178588867
1999-08-13,0.45187389850616455
1999-08-16,0.4551660418510437
1999-08-17,0.4537547826766968
1999-08-18,0.4523441791534424
1999-08-19,0.44200000166893005
1999-08-20,0.4452913701534271
1999-08-23,0.45704683661460876
1999-08-24,0.4542257785797119
1999-08-25,0.46174857020378113
1999-08-26,0.46739158034324646
1999-08-27,0.48714011907577515
1999-08-30,0.4669206142425537
1999-08-31,0.49090149998664856
1999-09-01,0.5162930488586426
1999-09-02,0.5308696627616882
1999-09-03,0.5529698729515076
1999-09-07,0.5745996832847595
1999-09-08,0.5604936480522156
1999-09-09,0.5684868693351746
1999-09-10,0.5825930237770081
1999-09-13,0.5642551779747009
1999-09-14,0.5854141712188721
1999-09-15,0.5670761466026306
1999-09-16,0.5778910517692566
1999-09-17,0.5788314938545227
1999-09-20,0.5948185324668884
1999-09-21,0.5209958553314209
1999-09-22,0.5289888381958008
1999-09-23,0.47632500529289246
1999-09-24,0.48855072259902954
1999-09-27,0.4612785875797272
1999-09-28,0.4485827386379242
1999-09-29,0.4443510174751282
1999-09-30,0.47632500529289246
1999-10-01,0.46433451771736145
1999-10-04,0.4857296347618103
1999-10-05,0.5111210346221924
1999-10-06,0.5054780840873718
1999-10-07,0.4993656575679779
1999-10-08,0.49325263500213623
1999-10-11,0.5017163753509521
1999-10-12,0.509240448474884
1999-10-13,0.48173290491104126
1999-10-14,0.5506188869476318
1999-10-15,0.5609638094902039
1999-10-18,0.5510889887809753
1999-10-19,0.5153527855873108
1999-10-20,0.5651955008506775
1999-10-21,0.5727192163467407
1999-10-22,0.5562611222267151
1999-10-25,0.5604936480522156
1999-10-26,0.5647252798080444
1999-10-27,0.5745996832847595
1999-10-28,0.5858851075172424
1999-10-29,0.6028125882148743
1999-11-01,0.5840035676956177
1999-11-02,0.6037529110908508
1999-11-03,0.6131573915481567
1999-11-04,0.6291446089744568
1999-11-05,0.6644097566604614
1999-11-08,0.7250676155090332
1999-11-09,0.6742845177650452
1999-11-10,0.6879206895828247
1999-11-11,0.6940339207649231
1999-11-12,0.681808352470398
1999-11-15,0.6728740334510803
1999-11-16,0.6860396862030029
1999-11-17,0.6789870858192444
1999-11-18,0.6742845177650452
1999-11-19,0.6954444050788879
1999-11-22,0.681808352470398
1999-11-23,0.6982654929161072
1999-11-24,0.7123717665672302
1999-11-26,0.7151927947998047
1999-11-29,0.7114313840866089
1999-11-30,0.7363526821136475
1999-12-01,0.7753804922103882
1999-12-02,0.8289846181869507
1999-12-03,0.8651910424232483
1999-12-06,0.8727139830589294
1999-12-07,0.8863503932952881
1999-12-08,0.8280445337295532
1999-12-09,0.7918376922607422
1999-12-10,0.7749103307723999
1999-12-13,0.7448168396949768
1999-12-14,0.7137823700904846
1999-12-15,0.7297691702842712
1999-12-16,0.7396442294120789
1999-12-17,0.7523398995399475
1999-12-20,0.7372933626174927
1999-12-21,0.7711488008499146
1999-12-22,0.7518696188926697
1999-12-23,0.77867192029953
1999-12-27,0.747167706489563
1999-12-28,0.7387036085128784
1999-12-29,0.7575128078460693
1999-12-30,0.7546908855438232
1999-12-31,0.7734999060630798
2000-01-03,0.8421505689620972
2000-01-04,0.7711488008499146
2000-01-05,0.782433271408081
2000-01-06,0.7147226333618164
2000-01-07,0.7485784292221069
2000-01-10,0.7354122400283813
2000-01-11,0.6977953910827637
2000-01-12,0.6559465527534485
2000-01-13,0.7278886437416077
2000-01-14,0.7556312680244446
2000-01-18,0.7819629311561584
2000-01-19,0.8017126321792603
2000-01-20,0.8539060354232788
2000-01-21,0.8374485969543457
2000-01-24,0.7993614673614502
2000-01-25,0.844501256942749
2000-01-26,0.8289846181869507
2000-01-27,0.8275740742683411
2000-01-28,0.7645654082298279
2000-01-31,0.7805526852607727
2000-02-01,0.7542206645011902
2000-02-02,0.7434054017066956
2000-02-03,0.7772610187530518
2000-02-04,0.8125271797180176
2000-02-07,0.8581376075744629
2000-02-08,0.864250898361206
2000-02-09,0.8473226428031921
2000-02-10,0.8539060354232788
2000-02-11,0.8181697130203247
2000-02-14,0.8713035583496094
2000-02-15,0.8952846527099609
2000-02-16,0.858607828617096
2000-02-17,0.864250898361206
2000-02-18,0.8369786143302917
2000-02-22,0.8562567830085754
2000-02-23,0.8745946884155273
2000-02-24,0.866719126701355
2000-02-25,0.8303951621055603
2000-02-28,0.8520253300666809
2000-02-29,0.862369954586029
2000-03-01,0.9803920984268188
2000-03-02,0.9178550243377686
2000-03-03,0.9629949331283569
2000-03-06,0.9455974698066711
2000-03-07,0.9244375228881836
2000-03-08,0.9178550243377686
2000-03-09,0.919735848903656
2000-03-10,0.9460673928260803
2000-03-13,0.912682056427002
2000-03-14,0.8595482110977173
2000-03-15,0.8745946884155273
2000-03-16,0.9145629405975342
2000-03-17,0.940424919128418
2000-03-20,0.9253778457641602
2000-03-21,1.015188217163086
2000-03-22,1.0847798585891724
2000-03-23,1.0631506443023682
2000-03-24,1.0434013605117798
2000-03-27,1.049984335899353
2000-03-28,1.0466934442520142
2000-03-29,1.0227125883102417
2000-03-30,0.9460673928260803
2000-03-31,1.021772027015686
2000-04-03,1.0029629468917847
2000-04-04,0.9578232169151306
2000-04-05,0.9808637499809265
2000-04-06,0.9418355822563171
2000-04-07,0.9912077188491821
2000-04-10,0.940424919128418
2000-04-11,0.8985757231712341
2000-04-12,0.8219308853149414
2000-04-13,0.8562567830085754
2000-04-14,0.8416802883148193
2000-04-17,0.9319615364074707
2000-04-18,0.9545319676399231
2000-04-19,0.9112714529037476
2000-04-20,0.8943442702293396
2000-04-24,0.9065693616867065
2000-04-25,0.9653463363647461
2000-04-26,0.912682056427002
2000-04-27,0.9535905718803406
2000-04-28,0.9333717823028564
2000-05-01,0.9352523684501648
2000-05-02,0.8868201971054077
2000-05-03,0.8656613826751709
2000-05-04,0.8327462077140808
2000-05-05,0.85108482837677
2000-05-08,0.8285143375396729
2000-05-09,0.793248176574707
2000-05-10,0.747167706489563
2000-05-11,0.7734999060630798
2000-05-12,0.809706449508667
2000-05-15,0.7598637342453003
2000-05-16,0.7951288223266602
2000-05-17,0.7626847624778748
2000-05-18,0.7579827904701233
2000-05-19,0.7071998119354248
2000-05-22,0.6766354441642761
2000-05-23,0.645601749420166
2000-05-24,0.6597080230712891
2000-05-25,0.6565338373184204
2000-05-26,0.6498333215713501
2000-05-30,0.6587676405906677
2000-05-31,0.6319652795791626
2000-06-01,0.6705230474472046
2000-06-02,0.696384608745575
2000-06-05,0.6869801878929138
2000-06-06,0.698735773563385
2000-06-07,0.7264780402183533
2000-06-08,0.7133122086524963
2000-06-09,0.7203657031059265
2000-06-12,0.6860396862030029
2000-06-13,0.7109612226486206
2000-06-14,0.6803977489471436
2000-06-15,0.6949741840362549
2000-06-16,0.6860396862030029
2000-06-19,0.7269483804702759
2000-06-20,0.761744499206543
2000-06-21,0.8369786143302917
2000-06-22,0.8087652325630188
2000-06-23,0.7777314782142639
2000-06-26,0.8144083619117737
2000-06-27,0.77867192029953
2000-06-28,0.8191099166870117
2000-06-29,0.7711488008499146
2000-06-30,0.7880762219429016
2000-07-03,0.8021824955940247
2000-07-05,0.7767912149429321
2000-07-06,0.7796120643615723
2000-07-07,0.8191099166870117
2000-07-10,0.8595482110977173
2000-07-11,0.8567271828651428
2000-07-12,0.8858799338340759
2000-07-13,0.8501445055007935
2000-07-14,0.8680119514465332
2000-07-17,0.8774169087409973
2000-07-18,0.8614289164543152
2000-07-19,0.7927780151367188
2000-07-20,0.8294548392295837
2000-07-21,0.8059438467025757
2000-07-24,0.7325915098190308
2000-07-25,0.7532802224159241
2000-07-26,0.7532802224159241
2000-07-27,0.782433271408081
2000-07-28,0.7269483804702759
2000-07-31,0.7645654082298279
2000-08-01,0.7419949769973755
2000-08-02,0.7109612226486206
2000-08-03,0.722246527671814
2000-08-04,0.7128419280052185
2000-08-07,0.7213060259819031
2000-08-08,0.7034375667572021
2000-08-09,0.7147226333618164
2000-08-10,0.7156630158424377
2000-08-11,0.7175445556640625
2000-08-14,0.708139955997467
2000-08-15,0.702497124671936
2000-08-16,0.7297691702842712
2000-08-17,0.7739699482917786
2000-08-18,0.7523398995399475
2000-08-21,0.7598637342453003
2000-08-22,0.7777314782142639
2000-08-23,0.8172292113304138
2000-08-24,0.8442662954330444
2000-08-25,0.8548462390899658
2000-08-28,0.8736543655395508
2000-08-29,0.8905827403068542
2000-08-30,0.8952846527099609
2000-08-31,0.9169145226478577
2000-09-01,0.9545319676399231
2000-09-05,0.9394841194152832
2000-09-06,0.8792974352836609
2000-09-07,0.9329016208648682
2000-09-08,0.8858799338340759
2000-09-11,0.8792974352836609
2000-09-12,0.8689526319503784
2000-09-13,0.8727139830589294
2000-09-14,0.8555516004562378
2000-09-15,0.8311004042625427
2000-09-18,0.912682056427002
2000-09-19,0.9018678069114685
2000-09-20,0.9185602068901062
2000-09-21,0.8529657125473022
2000-09-22,0.7852550745010376
2000-09-25,0.8050037026405334
2000-09-26,0.7739699482917786
2000-09-27,0.7363526821136475
2000-09-28,0.8050037026405334
2000-09-29,0.38745468854904175
2000-10-02,0.36488497257232666
2000-10-03,0.3357321321964264
2000-10-04,0.3554806113243103
2000-10-05,0.33196982741355896
2000-10-06,0.33385056257247925
2000-10-09,0.32726800441741943
2000-10-10,0.31410205364227295
2000-10-11,0.29529309272766113
2000-10-12,0.3009360730648041
2000-10-13,0.33196982741355896
2000-10-16,0.32350653409957886
2000-10-17,0.30281683802604675
2000-10-18,0.30281683802604675
2000-10-19,0.28494903445243835
2000-10-20,0.29341235756874084
2000-10-23,0.30657827854156494
2000-10-24,0.2840086817741394
2000-10-25,0.27836573123931885
2000-10-26,0.27836573123931885
2000-10-27,0.2793060541152954
2000-10-30,0.29059121012687683
2000-10-31,0.2943527102470398
2000-11-01,0.3084588646888733
2000-11-02,0.3357321321964264
2000-11-03,0.3347909450531006
2000-11-06,0.3225662112236023
2000-11-07,0.3206845819950104
2000-11-08,0.3018764555454254
2000-11-09,0.3037572503089905
2000-11-10,0.28682976961135864
2000-11-13,0.29153159260749817
2000-11-14,0.30469754338264465
2000-11-15,0.299055278301239
2000-11-16,0.2858894467353821
2000-11-17,0.27836573123931885
2000-11-20,0.28494903445243835
2000-11-21,0.28306835889816284
2000-11-22,0.27836573123931885
2000-11-24,0.29059121012687683
2000-11-27,0.2811867594718933
2000-11-28,0.271312952041626
2000-11-29,0.26425933837890625
2000-11-30,0.24827231466770172
2000-12-01,0.2567363977432251
2000-12-04,0.2510935068130493
2000-12-05,0.25579527020454407
2000-12-06,0.2153569906949997
2000-12-07,0.2153569906949997
2000-12-08,0.22664213180541992
2000-12-11,0.22852297127246857
2000-12-12,0.23134490847587585
2000-12-13,0.22570180892944336
2000-12-14,0.21723859012126923
2000-12-15,0.21159546077251434
2000-12-18,0.21441662311553955
2000-12-19,0.21065524220466614
2000-12-20,0.21629734337329865
2000-12-21,0.21159546077251434
2000-12-22,0.22570180892944336
2000-12-26,0.22100000083446503
2000-12-27,0.22288073599338531
2000-12-28,0.22288073599338531
2000-12-29,0.22382116317749023
2001-01-02,0.22382116317749023
2001-01-03,0.24639149010181427
2001-01-04,0.2567363977432251
2001-01-05,0.24639149010181427
2001-01-08,0.24921274185180664
2001-01-09,0.25861722230911255
2001-01-10,0.24921274185180664
2001-01-11,0.2708427906036377
2001-01-12,0.25861722230911255
2001-01-16,0.25767672061920166
2001-01-17,0.2529740333557129
2001-01-18,0.2811867594718933
2001-01-19,0.29341235756874084
2001-01-22,0.2896507978439331
2001-01-23,0.3084588646888733
2001-01-24,0.3084588646888733
2001-01-25,0.2999958395957947
2001-01-26,0.2943527102470398
2001-01-29,0.3263276219367981
2001-01-30,0.32726800441741943
2001-01-31,0.32538720965385437
2001-02-01,0.31786349415779114
2001-02-02,0.31034064292907715
2001-02-05,0.3037572503089905
2001-02-06,0.31786349415779114
2001-02-07,0.31222131848335266
2001-02-08,0.31222131848335266
2001-02-09,0.28777024149894714
2001-02-12,0.29623422026634216
2001-02-13,0.28777024149894714
2001-02-14,0.29341235756874084
2001-02-15,0.3018764555454254
2001-02-16,0.2858894467353821
2001-02-20,0.27554449439048767
2001-02-21,0.2840086817741394
2001-02-22,0.28306835889816284
2001-02-23,0.28306835889816284
2001-02-26,0.29341235756874084
2001-02-27,0.29153159260749817
2001-02-28,0.27460408210754395
2001-03-01,0.28212714195251465
2001-03-02,0.2896507978439331
2001-03-05,0.30657827854156494
2001-03-06,0.32350653409957886
2001-03-07,0.31974419951438904
2001-03-08,0.3131616711616516
2001-03-09,0.30469754338264465
2001-03-12,0.28024640679359436
2001-03-13,0.2943527102470398
2001-03-14,0.30751869082450867
2001-03-15,0.29623422026634216
2001-03-16,0.29529309272766113
2001-03-19,0.30940020084381104
2001-03-20,0.29623422026634216
2001-03-21,0.30281683802604675
2001-03-22,0.32538720965385437
2001-03-23,0.346076101064682
2001-03-26,0.3277195990085602
2001-03-27,0.3441203534603119
2001-03-28,0.3335877060890198
2001-03-29,0.3390040695667267
2001-03-30,0.3320826590061188
2001-04-02,0.32486051321029663
2001-04-03,0.30454763770103455
2001-04-04,0.29341235756874084
2001-04-05,0.31402716040611267
2001-04-06,0.3098139464855194
2001-04-09,0.3090614378452301
2001-04-10,0.3316311240196228
2001-04-11,0.32802051305770874
2001-04-12,0.33734920620918274
2001-04-16,0.3226032853126526
2001-04-17,0.3069550096988678
2001-04-18,0.3429162800312042
2001-04-19,0.38700392842292786
2001-04-20,0.3767719864845276
2001-04-23,0.36488497257232666
2001-04-24,0.36157453060150146
2001-04-25,0.3719571828842163
2001-04-26,0.3715055286884308
2001-04-27,0.3942261338233948
2001-04-30,0.38354331254959106
2001-05-01,0.39016374945640564
2001-05-02,0.40009409189224243
2001-05-03,0.3755679130554199
2001-05-04,0.38745468854904175
2001-05-07,0.3755679130554199
2001-05-08,0.3696998655796051
2001-05-09,0.36082199215888977
2001-05-10,0.346076101064682
2001-05-11,0.34381964802742004
2001-05-14,0.35044002532958984
2001-05-15,0.3487851023674011
2001-05-16,0.3626277446746826
2001-05-17,0.35435232520103455
2001-05-18,0.35405150055885315
2001-05-21,0.354502409696579
2001-05-22,0.3535999059677124
2001-05-23,0.34953683614730835
2001-05-24,0.3490859568119049
2001-05-25,0.34246551990509033
2001-05-29,0.32305487990379333
2001-05-30,0.29762545228004456
2001-05-31,0.30018362402915955
2001-06-01,0.3143279254436493
2001-06-04,0.3108672499656677
2001-06-05,0.31508031487464905
2001-06-06,0.3119204342365265
2001-06-07,0.3259139358997345
2001-06-08,0.3207976520061493
2001-06-11,0.3015376627445221
2001-06-12,0.3056009113788605
2001-06-13,0.30800819396972656
2001-06-14,0.29913032054901123
2001-06-15,0.307556688785553
2001-06-18,0.30590158700942993
2001-06-19,0.30379509925842285
2001-06-20,0.3260639011859894
2001-06-21,0.33840247988700867
2001-06-22,0.3349418342113495
2001-06-25,0.36097288131713867
2001-06-26,0.3573613166809082
2001-06-27,0.35119250416755676
2001-06-28,0.3542015254497528
2001-06-29,0.34983834624290466
2001-07-02,0.35961878299713135
2001-07-03,0.3587154448032379
2001-07-05,0.34893521666526794
2001-07-06,0.3314812183380127
2001-07-09,0.3415622115135193
2001-07-10,0.3180893659591675
2001-07-11,0.3391548991203308
2001-07-12,0.36654001474380493
2001-07-13,0.3739129602909088
2001-07-16,0.36052125692367554
2001-07-17,0.377674400806427
2001-07-18,0.31282296776771545
2001-07-19,0.30033448338508606
2001-07-20,0.30063527822494507
2001-07-23,0.2940147817134857
2001-07-24,0.28724345564842224
2001-07-25,0.27791404724121094
2001-07-26,0.27971982955932617
2001-07-27,0.2852870225906372
2001-07-30,0.28483614325523376
2001-07-31,0.28272953629493713
2001-08-01,0.2867918312549591
2001-08-02,0.29822781682014465
2001-08-03,0.29341235756874084
2001-08-06,0.2878451347351074
2001-08-07,0.2896507978439331
2001-08-08,0.28438445925712585
2001-08-09,0.2866418659687042
2001-08-10,0.2861902117729187
2001-08-13,0.28724345564842224
2001-08-14,0.28182631731033325
2001-08-15,0.2774634063243866
2001-08-16,0.28062301874160767
2001-08-17,0.2718961536884308
2001-08-20,0.2726476490497589
2001-08-21,0.2696385979652405
2001-08-22,0.27400267124176025
2001-08-23,0.26798364520072937
2001-08-24,0.27941903471946716
2001-08-27,0.284685343503952
2001-08-28,0.27686065435409546
2001-08-29,0.2682845890522003
2001-08-30,0.2682845890522003
2001-08-31,0.2791181206703186
2001-09-04,0.27460408210754395
2001-09-05,0.2791181206703186
2001-09-06,0.2666296064853668
2001-09-07,0.2600083351135254
2001-09-10,0.2613631784915924
2001-09-17,0.25564515590667725
2001-09-18,0.24496161937713623
2001-09-19,0.25609689950942993
2001-09-20,0.23593389987945557
2001-09-21,0.2366863638162613
2001-09-24,0.24751980602741241
2001-09-25,0.23382724821567535
2001-09-26,0.22795918583869934
2001-09-27,0.23337559401988983
2001-09-28,0.23337559401988983
2001-10-01,0.23382724821567535
2001-10-02,0.22645434737205505
2001-10-03,0.22540105879306793
2001-10-04,0.23894280195236206
2001-10-05,0.24285495281219482
2001-10-08,0.2437583953142166
2001-10-09,0.2407485395669937
2001-10-10,0.25308698415756226
2001-10-11,0.26693031191825867
2001-10-12,0.2709927558898926
2001-10-15,0.2706919312477112
2001-10-16,0.2709927558898926
2001-10-17,0.25564515590667725
2001-10-18,0.2708427906036377
2001-10-19,0.275356650352478
2001-10-22,0.2861902117729187
2001-10-23,0.27294921875
2001-10-24,0.28513702750205994
2001-10-25,0.28874847292900085
2001-10-26,0.28092384338378906
2001-10-29,0.26527464389801025
2001-10-30,0.2648238241672516
2001-10-31,0.2642214596271515
2001-11-01,0.27971982955932617
2001-11-02,0.27941903471946716
2001-11-05,0.2869426906108856
2001-11-06,0.294465571641922
2001-11-07,0.2947663366794586
2001-11-08,0.28152552247047424
2001-11-09,0.28152552247047424
2001-11-12,0.28212714195251465
2001-11-13,0.2914566993713379
2001-11-14,0.29506808519363403
2001-11-15,0.2926599085330963
2001-11-16,0.28543779253959656
2001-11-19,0.3009360730648041
2001-11-20,0.2938639223575592
2001-11-21,0.2961213290691376
2001-11-23,0.29852867126464844
2001-11-26,0.3215498924255371
2001-11-27,0.3159826397895813
2001-11-28,0.3089105784893036
2001-11-29,0.30725574493408203
2001-11-30,0.32049670815467834
2001-12-03,0.3167352080345154
2001-12-04,0.3370482623577118
2001-12-05,0.35751214623451233
2001-12-06,0.34276625514030457
2001-12-07,0.3391548991203308
2001-12-10,0.3391548991203308
2001-12-11,0.3277195990085602
2001-12-12,0.32335567474365234
2001-12-13,0.3159826397895813
2001-12-14,0.30680423974990845
2001-12-17,0.3102647662162781
2001-12-18,0.316133588552475
2001-12-19,0.32531148195266724
2001-12-20,0.31101730465888977
2001-12-21,0.3159826397895813
2001-12-24,0.3214000165462494
2001-12-26,0.32335567474365234
2001-12-27,0.3320826590061188
2001-12-28,0.3374999761581421
2001-12-31,0.32952457666397095
2002-01-02,0.3505900204181671
2002-01-03,0.3548031747341156
2002-01-04,0.3564588129520416
2002-01-07,0.34457188844680786
2002-01-08,0.3402080535888672
2002-01-09,0.3257630169391632
2002-01-10,0.31944337487220764
2002-01-11,0.3167352080345154
2002-01-14,0.31824013590812683
2002-01-15,0.3265155851840973
2002-01-16,0.3126721978187561
2002-01-17,0.33825236558914185
2002-01-18,0.3335877060890198
2002-01-22,0.328321248292923
2002-01-23,0.34637704491615295
2002-01-24,0.34923598170280457
2002-01-25,0.34983834624290466
2002-01-28,0.35013917088508606
2002-01-29,0.3471294343471527
2002-01-30,0.36247768998146057
2002-01-31,0.3719571828842163
2002-02-01,0.36729252338409424
2002-02-04,0.38143667578697205
2002-02-05,0.38294076919555664
2002-02-06,0.3712047040462494
2002-02-07,0.36563754081726074
2002-02-08,0.36157453060150146
2002-02-11,0.37586864829063416
2002-02-12,0.37180644273757935
2002-02-13,0.37632039189338684
2002-02-14,0.370151549577713
2002-02-15,0.35961878299713135
2002-02-19,0.3403588831424713
2002-02-20,0.34803271293640137
2002-02-21,0.32350653409957886
2002-02-22,0.3421638607978821
2002-02-25,0.35826459527015686
2002-02-26,0.35615813732147217
2002-02-27,0.330427885055542
2002-02-28,0.3265155851840973
2002-03-01,0.35284745693206787
2002-03-04,0.36548683047294617
2002-03-05,0.35405150055885315
2002-03-06,0.3621761202812195
2002-03-07,0.3668408691883087
2002-03-08,0.37105390429496765
2002-03-11,0.37707290053367615
2002-03-12,0.3719571828842163
2002-03-13,0.3684958815574646
2002-03-14,0.36759328842163086
2002-03-15,0.3754177987575531
2002-03-18,0.3722580373287201
2002-03-19,0.3739129602909088
2002-03-20,0.3749661147594452
2002-03-21,0.36518594622612
2002-03-22,0.36247768998146057
2002-03-25,0.3513425588607788
2002-03-26,0.3529983460903168
2002-03-27,0.3531482517719269
2002-03-28,0.35615813732147217
2002-04-01,0.3680448532104492
2002-04-02,0.3621761202812195
2002-04-03,0.3573613166809082
2002-04-04,0.37466534972190857
2002-04-05,0.3722580373287201
2002-04-08,0.3695489466190338
2002-04-09,0.3626277446746826
2002-04-10,0.37105390429496765
2002-04-11,0.374063640832901
2002-04-12,0.37707290053367615
2002-04-15,0.3761703372001648
2002-04-16,0.38730472326278687
2002-04-17,0.3928718566894531
2002-04-18,0.38233909010887146
2002-04-19,0.37586864829063416
2002-04-22,0.36909815669059753
2002-04-23,0.36488497257232666
2002-04-24,0.3576621115207672
2002-04-25,0.36292868852615356
2002-04-26,0.3462269604206085
2002-04-29,0.36052125692367554
2002-04-30,0.36518594622612
2002-05-01,0.36082199215888977
2002-05-02,0.3564588129520416
2002-05-03,0.3537498414516449
2002-05-06,0.34080982208251953
2002-05-07,0.33810165524482727
2002-05-08,0.36669087409973145
2002-05-09,0.36398184299468994
2002-05-10,0.35089170932769775
2002-05-13,0.36022043228149414
2002-05-14,0.3853481411933899
2002-05-15,0.3803834319114685
2002-05-16,0.3793301284313202
2002-05-17,0.37632039189338684
2002-05-20,0.3722580373287201
2002-05-21,0.3529983460903168
2002-05-22,0.3659383952617645
2002-05-23,0.3788783848285675
2002-05-24,0.36338019371032715
2002-05-28,0.36082199215888977
2002-05-29,0.36082199215888977
2002-05-30,0.3641326129436493
2002-05-31,0.3505900204181671
2002-06-03,0.34472212195396423
2002-06-04,0.34276625514030457
2002-06-05,0.34186312556266785
2002-06-06,0.33343690633773804
2002-06-07,0.3220016360282898
2002-06-10,0.323204904794693
2002-06-11,0.3078573942184448
2002-06-12,0.3022901713848114
2002-06-13,0.2940147817134857
2002-06-14,0.3024410307407379
2002-06-17,0.3090614378452301
2002-06-18,0.3031925857067108
2002-06-19,0.25760096311569214
2002-06-20,0.2574508786201477
2002-06-21,0.2535386383533478
2002-06-24,0.2598583400249481
2002-06-25,0.2579018473625183
2002-06-26,0.2490246742963791
2002-06-27,0.2566985785961151
2002-06-28,0.2666296064853668
2002-07-01,0.2566985785961151
2002-07-02,0.25489285588264465
2002-07-03,0.2640714645385742
2002-07-05,0.2819770276546478
2002-07-08,0.2709927558898926
2002-07-09,0.2637706995010376
2002-07-10,0.2606107294559479
2002-07-11,0.275356650352478
2002-07-12,0.2634698152542114
2002-07-15,0.2743033766746521
2002-07-16,0.2687361240386963
2002-07-17,0.23518134653568268
2002-07-18,0.22555188834667206
2002-07-19,0.22510020434856415
2002-07-22,0.22449864447116852
2002-07-23,0.21772725880146027
2002-07-24,0.22871170938014984
2002-07-25,0.21607235074043274
2002-07-26,0.21577073633670807
2002-07-29,0.22600258886814117
2002-07-30,0.23217236995697021
2002-07-31,0.22961416840553284
2002-08-01,0.22269292175769806
2002-08-02,0.21742652356624603
2002-08-05,0.21050433814525604
2002-08-06,0.22178959846496582
2002-08-07,0.22615355253219604
2002-08-08,0.23021580278873444
2002-08-09,0.22570180892944336
2002-08-12,0.22555188834667206
2002-08-13,0.2195330113172531
2002-08-14,0.2282601147890091
2002-08-15,0.23488052189350128
2002-08-16,0.23788946866989136
2002-08-19,0.24044770002365112
2002-08-20,0.23939447104930878
2002-08-21,0.24255426228046417
2002-08-22,0.24029773473739624
2002-08-23,0.2366863638162613
2002-08-26,0.2336764633655548
2002-08-27,0.223445326089859
2002-08-28,0.22118794918060303
2002-08-29,0.22118794918060303
2002-08-30,0.22194044291973114
2002-09-03,0.21140766143798828
2002-09-04,0.21787729859352112
2002-09-05,0.21336336433887482
2002-09-06,0.21637316048145294
2002-09-09,0.21622233092784882
2002-09-10,0.215620756149292
2002-09-11,0.21501915156841278
2002-09-12,0.21276170015335083
2002-09-13,0.21321338415145874
2002-09-16,0.21817897260189056
2002-09-17,0.22269292175769806
2002-09-18,0.22600258886814117
2002-09-19,0.2193821519613266
2002-09-20,0.2237461656332016
2002-09-23,0.223445326089859
2002-09-24,0.22028544545173645
2002-09-25,0.2246486097574234
2002-09-26,0.22118794918060303
2002-09-27,0.22148874402046204
2002-09-30,0.21817897260189056
2002-10-01,0.2183288186788559
2002-10-02,0.21321338415145874
2002-10-03,0.21516916155815125
2002-10-04,0.21110686659812927
2002-10-07,0.20719458162784576
2002-10-08,0.20584045350551605
2002-10-09,0.20448637008666992
2002-10-10,0.2123100906610489
2002-10-11,0.2183288186788559
2002-10-14,0.22224123775959015
2002-10-15,0.228109210729599
2002-10-16,0.21908137202262878
2002-10-17,0.2123100906610489
2002-10-18,0.21577073633670807
2002-10-21,0.21908137202262878
2002-10-22,0.22118794918060303
2002-10-23,0.2238961011171341
2002-10-24,0.2210371196269989
2002-10-25,0.23202143609523773
2002-10-28,0.23488052189350128
2002-10-29,0.2323223501443863
2002-10-30,0.24044770002365112
2002-10-31,0.24180181324481964
2002-11-01,0.2461656928062439
2002-11-04,0.25414034724235535
2002-11-05,0.2542911171913147
2002-11-06,0.2591058909893036
2002-11-07,0.2407485395669937
2002-11-08,0.23834118247032166
2002-11-11,0.228109210729599
2002-11-12,0.23533210158348083
2002-11-13,0.23457969725131989
2002-11-14,0.24526247382164001
2002-11-15,0.2399960160255432
2002-11-18,0.2354821413755417
2002-11-19,0.22976498305797577
2002-11-20,0.2336764633655548
2002-11-21,0.24601489305496216
2002-11-22,0.24089941382408142
2002-11-25,0.24029773473739624
2002-11-26,0.23187150061130524
2002-11-27,0.23653540015220642
2002-11-29,0.23322562873363495
2002-12-02,0.2284100502729416
2002-12-03,0.228109210729599
2002-12-04,0.225250244140625
2002-12-05,0.22013461589813232
2002-12-06,0.2249494045972824
2002-12-09,0.22194044291973114
2002-12-10,0.22991503775119781
2002-12-11,0.23307475447654724
2002-12-12,0.2285608947277069
2002-12-13,0.22254203259944916
2002-12-16,0.223445326089859
2002-12-17,0.22690598666667938
2002-12-18,0.2192322164773941
2002-12-19,0.21366417407989502
2002-12-20,0.21276170015335083
2002-12-23,0.21802809834480286
2002-12-24,0.21607235074043274
2002-12-26,0.21667400002479553
2002-12-27,0.21155762672424316
2002-12-30,0.21170847117900848
2002-12-31,0.215620756149292
2003-01-02,0.22269292175769806
2003-01-03,0.22419695556163788
2003-01-06,0.22419695556163788
2003-01-07,0.223445326089859
2003-01-08,0.21893051266670227
2003-01-09,0.22088715434074402
2003-01-10,0.22148874402046204
2003-01-13,0.22013461589813232
2003-01-14,0.21983377635478973
2003-01-15,0.21712560951709747
2003-01-16,0.219983771443367
2003-01-17,0.21216009557247162
2003-01-21,0.21095603704452515
2003-01-22,0.2088494449853897
2003-01-23,0.21321338415145874
2003-01-24,0.20764614641666412
2003-01-27,0.21261096000671387
2003-01-28,0.2193821519613266
2003-01-29,0.2246486097574234
2003-01-30,0.21546994149684906
2003-01-31,0.21607235074043274
2003-02-03,0.2205864042043686
2003-02-04,0.21968305110931396
2003-02-05,0.21742652356624603
2003-02-06,0.21712560951709747
2003-02-07,0.21291254460811615
2003-02-10,0.215921550989151
2003-02-11,0.215921550989151
2003-02-12,0.2165231853723526
2003-02-13,0.2187805473804474
2003-02-14,0.22073625028133392
2003-02-18,0.22976498305797577
2003-02-19,0.223445326089859
2003-02-20,0.22224123775959015
2003-02-21,0.22570180892944336
2003-02-24,0.22178959846496582
2003-02-25,0.22600258886814117
2003-02-26,0.21817897260189056
2003-02-27,0.22359533607959747
2003-02-28,0.22585265338420868
2003-03-03,0.22043544054031372
2003-03-04,0.21908137202262878
2003-03-05,0.219983771443367
2003-03-06,0.21908137202262878
2003-03-07,0.21862971782684326
2003-03-10,0.21622233092784882
2003-03-11,0.21411581337451935
2003-03-12,0.21396581828594208
2003-03-13,0.22148874402046204
2003-03-14,0.2223920375108719
2003-03-17,0.22585265338420868
2003-03-18,0.22570180892944336
2003-03-19,0.2249494045972824
2003-03-20,0.2243477702140808
2003-03-21,0.22570180892944336
2003-03-24,0.21622233092784882
2003-03-25,0.21893051266670227
2003-03-26,0.21682405471801758
2003-03-27,0.21802809834480286
2003-03-28,0.2192322164773941
2003-03-31,0.21276170015335083
2003-04-01,0.2130625694990158
2003-04-02,0.21968305110931396
2003-04-03,0.21757642924785614
2003-04-04,0.21682405471801758
2003-04-07,0.21802809834480286
2003-04-08,0.21742652356624603
2003-04-09,0.21351422369480133
2003-04-10,0.21622233092784882
2003-04-11,0.19861751794815063
2003-04-14,0.20433549582958221
2003-04-15,0.20147649943828583
2003-04-16,0.1992199718952179
2003-04-17,0.19741424918174744
2003-04-21,0.19771511852741241
2003-04-22,0.20328229665756226
2003-04-23,0.20433549582958221
2003-04-24,0.20222897827625275
2003-04-25,0.20087489485740662
2003-04-28,0.20854869484901428
2003-04-29,0.21155762672424316
2003-04-30,0.21396581828594208
2003-05-01,0.21607235074043274
2003-05-02,0.21742652356624603
2003-05-05,0.24210265278816223
2003-05-06,0.2633190155029297
2003-05-07,0.2655763626098633
2003-05-08,0.2708427906036377
2003-05-09,0.275356650352478
2003-05-12,0.27926886081695557
2003-05-13,0.28092384338378906
2003-05-14,0.2791181206703186
2003-05-15,0.28182631731033325
2003-05-16,0.28287968039512634
2003-05-19,0.2723469138145447
2003-05-20,0.2676830291748047
2003-05-21,0.2685853838920593
2003-05-22,0.2744532823562622
2003-05-23,0.27565744519233704
2003-05-27,0.28408366441726685
2003-05-28,0.27505582571029663
2003-05-29,0.2723469138145447
2003-05-30,0.27009037137031555
2003-06-02,0.26256659626960754
2003-06-03,0.2604599595069885
2003-06-04,0.2648238241672516
2003-06-05,0.26542556285858154
2003-06-06,0.2580525577068329
2003-06-09,0.2526353895664215
2003-06-10,0.25850436091423035
2003-06-11,0.26256659626960754
2003-06-12,0.2673812806606293
2003-06-13,0.26211485266685486
2003-06-16,0.27490493655204773
2003-06-17,0.27370086312294006
2003-06-18,0.28769516944885254
2003-06-19,0.2879960238933563
2003-06-20,0.2888984680175781
2003-06-23,0.2867918312549591
2003-06-24,0.2825787365436554
2003-06-25,0.28724345564842224
2003-06-26,0.29025253653526306
2003-06-27,0.28182631731033325
2003-06-30,0.2867918312549591
2003-07-01,0.28724345564842224
2003-07-02,0.2899516820907593
2003-07-03,0.2878451347351074
2003-07-07,0.2989794909954071
2003-07-08,0.3069550096988678
2003-07-09,0.29928120970726013
2003-07-10,0.2946164011955261
2003-07-11,0.2986787259578705
2003-07-14,0.29943108558654785
2003-07-15,0.29506808519363403
2003-07-16,0.2989794909954071
2003-07-17,0.31447798013687134
2003-07-18,0.31387627124786377
2003-07-21,0.3101148307323456
2003-07-22,0.3129737377166748
2003-07-23,0.31282296776771545
2003-07-24,0.3086097538471222
2003-07-25,0.3241080641746521
2003-07-28,0.31583189964294434
2003-07-29,0.31176963448524475
2003-07-30,0.3051491379737854
2003-07-31,0.3171868622303009
2003-08-01,0.3119204342365265
2003-08-04,0.31914258003234863
2003-08-05,0.3066541254520416
2003-08-06,0.29536888003349304
2003-08-07,0.2998828589916229
2003-08-08,0.2955189049243927
2003-08-11,0.29581964015960693
2003-08-12,0.29642221331596375
2003-08-13,0.3036443293094635
2003-08-14,0.30048444867134094
2003-08-15,0.2965722680091858
2003-08-18,0.3060516119003296
2003-08-19,0.30575084686279297
2003-08-20,0.316133588552475
2003-08-21,0.3262147307395935
2003-08-22,0.31417715549468994
2003-08-25,0.31387627124786377
2003-08-26,0.3167352080345154
2003-08-27,0.323204904794693
2003-08-28,0.333888441324234
2003-08-29,0.3402080535888672
2003-09-02,0.34381964802742004
2003-09-03,0.34532368183135986
2003-09-04,0.3435187339782715
2003-09-05,0.338553249835968
2003-09-08,0.3421638607978821
2003-09-09,0.33659669756889343
2003-09-10,0.33373764157295227
2003-09-11,0.3394556939601898
2003-09-12,0.34758102893829346
2003-09-15,0.3341893255710602
2003-09-16,0.336446613073349
2003-09-17,0.3328351676464081
2003-09-18,0.3442704677581787
2003-09-19,0.3397563695907593
2003-09-22,0.33223360776901245
2003-09-23,0.3374999761581421
2003-09-24,0.3207976520061493
2003-09-25,0.30740562081336975
2003-09-26,0.311318039894104
2003-09-29,0.32049670815467834
2003-09-30,0.31176963448524475
2003-10-01,0.31282296776771545
2003-10-02,0.30951228737831116
2003-10-03,0.3263646066188812
2003-10-06,0.33539342880249023
2003-10-07,0.3493867516517639
2003-10-08,0.3469794988632202
2003-10-09,0.35284745693206787
2003-10-10,0.35630810260772705
2003-10-13,0.3663891851902008
2003-10-14,0.3693991005420685
2003-10-15,0.3734612464904785
2003-10-16,0.34983834624290466
2003-10-17,0.3423146903514862
2003-10-20,0.3493867516517639
2003-10-21,0.3487851023674011
2003-10-22,0.34246551990509033
2003-10-23,0.3459261655807495
2003-10-24,0.3400573134422302
2003-10-27,0.3400573134422302
2003-10-28,0.3569096028804779
2003-10-29,0.3564588129520416
2003-10-30,0.34743019938468933
2003-10-31,0.3444212079048157
2003-11-03,0.34833356738090515
2003-11-04,0.34472212195396423
2003-11-05,0.34652772545814514
2003-11-06,0.3478819727897644
2003-11-07,0.338553249835968
2003-11-10,0.32952457666397095
2003-11-11,0.3241080641746521
2003-11-12,0.3359949290752411
2003-11-13,0.33734920620918274
2003-11-14,0.3229040205478668
2003-11-17,0.31793853640556335
2003-11-18,0.3071049153804779
2003-11-19,0.30725574493408203
2003-11-20,0.3066541254520416
2003-11-21,0.3051491379737854
2003-11-24,0.31824013590812683
2003-11-25,0.3111681044101715
2003-11-26,0.31176963448524475
2003-11-28,0.3146286606788635
2003-12-01,0.3266664147377014
2003-12-02,0.3241080641746521
2003-12-03,0.316434383392334
2003-12-04,0.31824013590812683
2003-12-05,0.3137255311012268
2003-12-08,0.3167352080345154
2003-12-09,0.30770739912986755
2003-12-10,0.3066541254520416
2003-12-11,0.31914258003234863
2003-12-12,0.3143279254436493
2003-12-15,0.3034943640232086
2003-12-16,0.3027419149875641
2003-12-17,0.29913032054901123
2003-12-18,0.3015376627445221
2003-12-19,0.29642221331596375
2003-12-22,0.2986787259578705
2003-12-23,0.2980769872665405
2003-12-24,0.3071049153804779
2003-12-26,0.3126721978187561
2003-12-29,0.31824013590812683
2003-12-30,0.3201959431171417
2003-12-31,0.3215498924255371
2004-01-02,0.3201959431171417
2004-01-05,0.3335877060890198
2004-01-06,0.3323836028575897
2004-01-07,0.33990728855133057
2004-01-08,0.35149332880973816
2004-01-09,0.346076101064682
2004-01-12,0.3570605516433716
2004-01-13,0.36292868852615356
2004-01-14,0.3641326129436493
2004-01-15,0.34381964802742004
2004-01-16,0.34186312556266785
2004-01-20,0.34201401472091675
2004-01-21,0.3402080535888672
2004-01-22,0.33373764157295227
2004-01-23,0.3394556939601898
2004-01-26,0.3462269604206085
2004-01-27,0.3471294343471527
2004-01-28,0.33885401487350464
2004-01-29,0.3412612974643707
2004-01-30,0.3394556939601898
2004-02-02,0.3358442783355713
2004-02-03,0.3349418342113495
2004-02-04,0.3278696537017822
2004-02-05,0.33734920620918274
2004-02-06,0.34171295166015625
2004-02-09,0.34111055731773376
2004-02-10,0.34577542543411255
2004-02-11,0.3581138253211975
2004-02-12,0.3570605516433716
2004-02-13,0.346076101064682
2004-02-17,0.34848344326019287
2004-02-18,0.3499884605407715
2004-02-19,0.33810165524482727
2004-02-20,0.3370482623577118
2004-02-23,0.333888441324234
2004-02-24,0.336446613073349
2004-02-25,0.343217134475708
2004-02-26,0.34667861461639404
2004-02-27,0.3599195182323456
2004-03-01,0.36142435669898987
2004-03-02,0.35826459527015686
2004-03-03,0.3599195182323456
2004-03-04,0.3785777986049652
2004-03-05,0.40235137939453125
2004-03-08,0.3912169635295868
2004-03-09,0.4077686369419098
2004-03-10,0.41649580001831055
2004-03-11,0.4085201919078827
2004-03-12,0.41468989849090576
2004-03-15,0.3979874551296234
2004-03-16,0.3885081112384796
2004-03-17,0.3940759599208832
2004-03-18,0.3862514793872833
2004-03-19,0.3891104757785797
2004-03-22,0.3891104757785797
2004-03-23,0.3805333375930786
2004-03-24,0.38369327783584595
2004-03-25,0.40430712699890137
2004-03-26,0.4068654179573059
2004-03-29,0.4199562966823578
2004-03-30,0.42010632157325745
2004-03-31,0.4068654179573059
2004-04-01,0.40791863203048706
2004-04-02,0.4137866795063019
2004-04-05,0.4261251389980316
2004-04-06,0.4187522530555725
2004-04-07,0.41092848777770996
2004-04-08,0.4142382740974426
2004-04-12,0.4219120740890503
2004-04-13,0.4052104651927948
2004-04-14,0.4008464515209198
2004-04-15,0.44087088108062744
2004-04-16,0.43906524777412415
2004-04-19,0.42657676339149475
2004-04-20,0.4172481596469879
2004-04-21,0.4172481596469879
2004-04-22,0.41799965500831604
2004-04-23,0.41679647564888
2004-04-26,0.40821927785873413
2004-04-27,0.40536046028137207
2004-04-28,0.3979874551296234
2004-04-29,0.4028030037879944
2004-04-30,0.3879064917564392
2004-05-03,0.39227014780044556
2004-05-04,0.39332351088523865
2004-05-05,0.40099743008613586
2004-05-06,0.3999440371990204
2004-05-07,0.4012981951236725
2004-05-10,0.39543023705482483
2004-05-11,0.4083702266216278
2004-05-12,0.41077765822410583
2004-05-13,0.4091227352619171
2004-05-14,0.407166063785553
2004-05-17,0.4008464515209198
2004-05-18,0.407166063785553
2004-05-19,0.3982890844345093
2004-05-20,0.4018997550010681
2004-05-21,0.40791863203048706
2004-05-24,0.411379337310791
2004-05-25,0.4274791479110718
2004-05-26,0.4289841055870056
2004-05-27,0.4238685667514801
2004-05-28,0.42221274971961975
2004-06-01,0.42221274971961975
2004-06-02,0.4351537227630615
2004-06-03,0.4273292124271393
2004-06-04,0.4330471158027649
2004-06-07,0.4485447406768799
2004-06-08,0.45667001605033875
2004-06-09,0.4544135630130768
2004-06-10,0.4625388979911804
2004-06-14,0.45320945978164673
2004-06-15,0.46178650856018066
2004-06-16,0.4926322400569916
2004-06-17,0.49368566274642944
2004-06-18,0.49519047141075134
2004-06-21,0.48646265268325806
2004-06-22,0.49654462933540344
2004-06-23,0.5070772767066956
2004-06-24,0.4992526173591614
2004-06-25,0.5070772767066956
2004-06-28,0.4888708293437958
2004-06-29,0.48902109265327454
2004-06-30,0.4896223247051239
2004-07-01,0.486011803150177
2004-07-02,0.4676544964313507
2004-07-06,0.465698778629303
2004-07-07,0.4572726786136627
2004-07-08,0.4535101652145386
2004-07-09,0.4518553614616394
2004-07-12,0.4384635388851166
2004-07-13,0.43966755270957947
2004-07-14,0.4450840651988983
2004-07-15,0.4954914152622223
2004-07-16,0.48450684547424316
2004-07-19,0.48104631900787354
2004-07-20,0.48450684547424316
2004-07-21,0.4757798910140991
2004-07-22,0.4766823649406433
2004-07-23,0.46193641424179077
2004-07-26,0.47036269307136536
2004-07-27,0.48796746134757996
2004-07-28,0.48556017875671387
2004-07-29,0.4911274015903473
2004-07-30,0.48661354184150696
2004-08-02,0.47517839074134827
2004-08-03,0.47081416845321655
2004-08-04,0.4783380925655365
2004-08-05,0.4723193645477295
2004-08-06,0.4480939209461212
2004-08-09,0.45591750741004944
2004-08-10,0.4742751717567444
2004-08-11,0.46660110354423523
2004-08-12,0.4569709599018097
2004-08-13,0.46404287219047546
2004-08-16,0.4631405174732208
2004-08-17,0.46449464559555054
2004-08-18,0.4775857627391815
2004-08-19,0.4620872735977173
2004-08-20,0.4634413719177246
2004-08-23,0.4676544964313507
2004-08-24,0.48074549436569214
2004-08-25,0.49729716777801514
2004-08-26,0.521522581577301
2004-08-27,0.5168577432632446
2004-08-30,0.5133971571922302
2004-08-31,0.5189642906188965
2004-09-01,0.5395782589912415
2004-09-02,0.5365691781044006
2004-09-03,0.5300986766815186
2004-09-07,0.5380733013153076
2004-09-08,0.5469509363174438
2004-09-09,0.5371707677841187
2004-09-10,0.539729118347168
2004-09-13,0.5355157256126404
2004-09-14,0.5340107083320618
2004-09-15,0.5296468734741211
2004-09-16,0.5469509363174438
2004-09-17,0.5588380694389343
2004-09-20,0.5674147009849548
2004-09-21,0.5719289183616638
2004-09-22,0.5555279850959778
2004-09-23,0.5607945919036865
2004-09-24,0.5610952973365784
2004-09-27,0.5647066235542297
2004-09-28,0.5723804235458374
2004-09-29,0.58201003074646
2004-09-30,0.5830631852149963
2004-10-01,0.5818599462509155
2004-10-04,0.583665668964386
2004-10-05,0.5923926830291748
2004-10-06,0.6115016937255859
2004-10-07,0.596153974533081
2004-10-08,0.5877278447151184
2004-10-11,0.5806560516357422
2004-10-12,0.576141893863678
2004-10-13,0.5981097221374512
2004-10-14,0.6768049597740173
2004-10-15,0.6846293807029724
2004-10-18,0.7184850573539734
2004-10-19,0.7135193943977356
2004-10-20,0.7142719030380249
2004-10-21,0.7213432192802429
2004-10-22,0.7133685350418091
2004-10-25,0.7154752612113953
2004-10-26,0.7217949032783508
2004-10-27,0.7568538188934326
2004-10-28,0.7852921485900879
2004-10-29,0.7884522676467896
2004-11-01,0.789204478263855
2004-11-02,0.8050037026405334
2004-11-03,0.8322387933731079
2004-11-04,0.8192977905273438
2004-11-05,0.8233608603477478
2004-11-08,0.8182445168495178
2004-11-09,0.8132799863815308
2004-11-10,0.8238126635551453
2004-11-11,0.832088053226471
2004-11-12,0.8350970149040222
2004-11-15,0.8311855792999268
2004-11-16,0.8266707062721252
2004-11-17,0.8260692358016968
2004-11-18,0.8334420919418335
2004-11-19,0.830132246017456
2004-11-22,0.9231213927268982
2004-11-23,0.9219174385070801
2004-11-24,0.9637473225593567
2004-11-26,0.971271276473999
2004-11-29,1.029802918434143
2004-11-30,1.008887529373169
2004-12-01,1.0200227499008179
2004-12-02,0.9812014102935791
2004-12-03,0.9431333541870117
2004-12-06,0.9897786974906921
2004-12-07,0.9462934136390686
2004-12-08,0.9521616697311401
2004-12-09,0.962844967842102
2004-12-10,0.980299174785614
2004-12-13,0.9766877293586731
2004-12-14,0.9824052453041077
2004-12-15,0.981954038143158
2004-12-16,1.0021170377731323
2004-12-17,0.9778916835784912
2004-12-20,0.9437355995178223
2004-12-21,0.9583302736282349
2004-12-22,0.9592337012290955
2004-12-23,0.9631454944610596
2004-12-27,0.9503558278083801
2004-12-28,0.9657031297683716
2004-12-29,0.9696156978607178
2004-12-30,0.9750329852104187
2004-12-31,0.9690136909484863
2005-01-03,0.9523124098777771
2005-01-04,0.9620926380157471
2005-01-05,0.9705190062522888
2005-01-06,0.971271276473999
2005-01-07,1.0419906377792358
2005-01-10,1.0376274585723877
2005-01-11,0.9714205265045166
2005-01-12,0.9849640130996704
2005-01-13,1.0502671003341675
2005-01-14,1.05628502368927
2005-01-18,1.0630561113357544
2005-01-19,1.0514700412750244
2005-01-20,1.060197353363037
2005-01-21,1.060648798942566
2005-01-24,1.064711332321167
2005-01-25,1.084121823310852
2005-01-26,1.0871319770812988
2005-01-27,1.0929994583129883
2005-01-28,1.1131621599197388
2005-01-31,1.1570985317230225
2005-02-01,1.1665781736373901
2005-02-02,1.1981762647628784
2005-02-03,1.1707912683486938
2005-02-04,1.186289668083191
2005-02-07,1.1877944469451904
2005-02-08,1.2172861099243164
2005-02-09,1.1847842931747437
2005-02-10,1.1790671348571777
2005-02-11,1.221950650215149
2005-02-14,1.2734109163284302
2005-02-15,1.3302873373031616
2005-02-16,1.3561676740646362
2005-02-17,1.3212597370147705
2005-02-18,1.3062130212783813
2005-02-22,1.2833421230316162
2005-02-23,1.3275796175003052
2005-02-24,1.3381119966506958
2005-02-25,1.3390146493911743
2005-02-28,1.349998950958252
2005-03-01,1.339165449142456
2005-03-02,1.3277291059494019
2005-03-03,1.2576115131378174
2005-03-04,1.2883074283599854
2005-03-07,1.2865017652511597
2005-03-08,1.2196930646896362
2005-03-09,1.1841833591461182
2005-03-10,1.1986279487609863
2005-03-11,1.2118691205978394
2005-03-14,1.2133742570877075
2005-03-15,1.2326334714889526
2005-03-16,1.239254117012024
2005-03-17,1.2714548110961914
2005-03-18,1.292820930480957
2005-03-21,1.3150900602340698
2005-03-22,1.2889090776443481
2005-03-23,1.2804827690124512
2005-03-24,1.2789777517318726
2005-03-28,1.279881238937378
2005-03-29,1.256407380104065
2005-03-30,1.2880057096481323
2005-03-31,1.253999948501587
2005-04-01,1.2305272817611694
2005-04-04,1.2365461587905884
2005-04-05,1.2606205940246582
2005-04-06,1.273862600326538
2005-04-07,1.3108766078948975
2005-04-08,1.3162940740585327
2005-04-11,1.261523723602295
2005-04-12,1.2837927341461182
2005-04-13,1.2350409030914307
2005-04-14,1.1212871074676514
2005-04-15,1.063808798789978
2005-04-18,1.0719338655471802
2005-04-19,1.1161714792251587
2005-04-20,1.0686229467391968
2005-04-21,1.1188801527023315
2005-04-22,1.0683223009109497
2005-04-25,1.112860918045044
2005-04-26,1.0890872478485107
2005-04-27,1.0818654298782349
2005-04-28,1.0695266723632812
2005-04-29,1.0851751565933228
2005-05-02,1.0963094234466553
2005-05-03,1.0896892547607422
2005-05-04,1.1179782152175903
2005-05-05,1.103833556175232
2005-05-06,1.1206856966018677
2005-05-09,1.1125599145889282
2005-05-10,1.0960090160369873
2005-05-11,1.0716331005096436
2005-05-12,1.0270951986312866
2005-05-13,1.0463546514511108
2005-05-16,1.0698275566101074
2005-05-17,1.064109444618225
2005-05-18,1.078554391860962
2005-05-19,1.1300140619277954
2005-05-20,1.1300140619277954
2005-05-23,1.196521282196045
2005-05-24,1.1947158575057983
2005-05-25,1.1971229314804077
2005-05-26,1.226012945175171
2005-05-27,1.2205955982208252
2005-05-31,1.196521282196045
2005-06-01,1.212772250175476
2005-06-02,1.2049474716186523
2005-06-03,1.150779128074646
2005-06-06,1.1411497592926025
2005-06-07,1.099619746208191
2005-06-08,1.1110550165176392
2005-06-09,1.133023977279663
2005-06-10,1.077652096748352
2005-06-13,1.080360770225525
2005-06-14,1.083369255065918
2005-06-15,1.1173750162124634
2005-06-16,1.1429556608200073
2005-06-17,1.1528853178024292
2005-06-20,1.1318199634552002
2005-06-21,1.1393437385559082
2005-06-22,1.1601086854934692
2005-06-23,1.1703400611877441
2005-06-24,1.13633394241333
2005-06-27,1.1164724826812744
2005-06-28,1.1227922439575195
2005-06-29,1.0945048332214355
2005-06-30,1.1077451705932617
2005-07-01,1.0984156131744385
2005-07-05,1.1429556608200073
2005-07-06,1.125199317932129
2005-07-07,1.1324222087860107
2005-07-08,1.1510798931121826
2005-07-11,1.1465660333633423
2005-07-12,1.150779128074646
2005-07-13,1.1540898084640503
2005-07-14,1.2263140678405762
2005-07-15,1.250389575958252
2005-07-18,1.2485836744308472
2005-07-19,1.299742579460144
2005-07-20,1.312983751296997
2005-07-21,1.3027517795562744
2005-07-22,1.3241183757781982
2005-07-25,1.3184008598327637
2005-07-26,1.312983751296997
2005-07-27,1.3238171339035034
2005-07-28,1.3180999755859375
2005-07-29,1.2834922075271606
2005-08-01,1.2865017652511597
2005-08-02,1.299742579460144
2005-08-03,1.300645351409912
2005-08-04,1.2852976322174072
2005-08-05,1.2937235832214355
2005-08-08,1.2834922075271606
2005-08-09,1.3187015056610107
2005-08-10,1.305459976196289
2005-08-11,1.3241183757781982
2005-08-12,1.387314796447754
2005-08-15,1.4348626136779785
2005-08-16,1.3918293714523315
2005-08-17,1.4189136028289795
2005-08-18,1.3933335542678833
2005-08-19,1.3791898488998413
2005-08-22,1.3803929090499878
2005-08-23,1.3764806985855103
2005-08-24,1.3773844242095947
2005-08-25,1.3861109018325806
2005-08-26,1.3764806985855103
2005-08-29,1.3794907331466675
2005-08-30,1.4014588594436646
2005-08-31,1.4110890626907349
2005-09-01,1.392129898071289
2005-09-02,1.3909261226654053
2005-09-06,1.4685676097869873
2005-09-07,1.4649556875228882
2005-09-08,1.4980591535568237
2005-09-09,1.544102668762207
2005-09-12,1.5468107461929321
2005-09-13,1.5293563604354858
2005-09-14,1.4929436445236206
2005-09-15,1.500767469406128
2005-09-16,1.541093111038208
2005-09-19,1.5841271877288818
2005-09-20,1.600678563117981
2005-09-21,1.5681769847869873
2005-09-22,1.5618577003479004
2005-09-23,1.600979208946228
2005-09-26,1.6202391386032104
2005-09-27,1.6082017421722412
2005-09-28,1.5371814966201782
2005-09-29,1.5750993490219116
2005-09-30,1.6133184432983398
2005-10-03,1.6382958889007568
2005-10-04,1.617531418800354
2005-10-05,1.588340163230896
2005-10-06,1.55583918094635
2005-10-07,1.5438016653060913
2005-10-10,1.5158149003982544
2005-10-11,1.5525286197662354
2005-10-12,1.4821101427078247
2005-10-13,1.6172304153442383
2005-10-14,1.6250537633895874
2005-10-17,1.6082017421722412
2005-10-18,1.5711867809295654
2005-10-19,1.6533421277999878
2005-10-20,1.6894546747207642
2005-10-21,1.6750096082687378
2005-10-24,1.7090154886245728
2005-10-25,1.6882507801055908
2005-10-26,1.7162381410598755
2005-10-27,1.667486310005188
2005-10-28,1.6391980648040771
2005-10-31,1.7330904006958008
2005-11-01,1.7303813695907593
2005-11-02,1.8041110038757324
2005-11-03,1.861289143562317
2005-11-04,1.840224027633667
2005-11-07,1.8125371932983398
2005-11-08,1.8026071786880493
2005-11-09,1.8089258670806885
2005-11-10,1.8411263227462769
2005-11-11,1.8519599437713623
2005-11-14,1.8492515087127686
2005-11-15,1.8742296695709229
2005-11-16,1.9545798301696777
2005-11-17,1.941638708114624
2005-11-18,1.9428410530090332
2005-11-21,1.9548799991607666
2005-11-22,2.0018258094787598
2005-11-23,2.0195813179016113
2005-11-25,2.086690664291382
2005-11-28,2.096320390701294
2005-11-29,2.0493743419647217
2005-11-30,2.0409486293792725
2005-12-01,2.1547014713287354
2005-12-02,2.1856982707977295
2005-12-05,2.1613221168518066
2005-12-06,2.228431463241577
2005-12-07,2.225421190261841
2005-12-08,2.2293331623077393
2005-12-09,2.236858367919922
2005-12-12,2.2543113231658936
2005-12-13,2.256417751312256
2005-12-14,2.1670398712158203
2005-12-15,2.17215633392334
2005-12-16,2.139955759048462
2005-12-19,2.1480817794799805
2005-12-20,2.1700494289398193
2005-12-21,2.2118794918060303
2005-12-22,2.2275280952453613
2005-12-23,2.2073662281036377
2005-12-27,2.2338473796844482
2005-12-28,2.2139859199523926
2005-12-29,2.1501874923706055
2005-12-30,2.163428544998169
2006-01-03,2.2494964599609375
2006-01-04,2.2561168670654297
2006-01-05,2.2383620738983154
2006-01-06,2.2961413860321045
2006-01-09,2.2886171340942383
2006-01-10,2.43336820602417
2006-01-11,2.524853229522705
2006-01-12,2.536588430404663
2006-01-13,2.575711250305176
2006-01-17,2.549227714538574
2006-01-18,2.4824209213256836
2006-01-19,2.3785972595214844
2006-01-20,2.2898221015930176
2006-01-23,2.3373711109161377
2006-01-24,2.2883176803588867
2006-01-25,2.232944965362549
2006-01-26,2.1766695976257324
2006-01-27,2.1676418781280518
2006-01-30,2.2570199966430664
2006-01-31,2.2723681926727295
2006-02-01,2.269658088684082
2006-02-02,2.169748067855835
2006-02-03,2.1622235774993896
2006-02-06,2.0252978801727295
2006-02-07,2.034327268600464
2006-02-08,2.0707404613494873
2006-02-09,1.9545798301696777
2006-02-10,2.0256001949310303
2006-02-13,1.9473559856414795
2006-02-14,2.0355305671691895
2006-02-15,2.083078622817993
2006-02-16,2.1237049102783203
2006-02-17,2.1152782440185547
2006-02-21,2.0788657665252686
2006-02-22,2.146275758743286
2006-02-23,2.1592156887054443
2006-02-24,2.1504886150360107
2006-02-27,2.1363444328308105
2006-02-28,2.061110258102417
2006-03-01,2.0794670581817627
2006-03-02,2.0948150157928467
2006-03-03,2.0379385948181152
2006-03-06,1.97052800655365
2006-03-07,1.995507001876831
2006-03-08,1.975946068763733
2006-03-09,1.9238834381103516
2006-03-10,1.9016149044036865
2006-03-13,1.9765475988388062
2006-03-14,2.0259015560150146
2006-03-15,1.9930994510650635
2006-03-16,1.935319423675537
2006-03-17,1.9458526372909546
2006-03-20,1.9256889820098877
2006-03-21,1.8600852489471436
2006-03-22,1.8558727502822876
2006-03-23,1.8104302883148193
2006-03-24,1.8044121265411377
2006-03-27,1.7908705472946167
2006-03-28,1.7667951583862305
2006-03-29,1.8757336139678955
2006-03-30,1.8883726596832275
2006-03-31,1.8874711990356445
2006-04-03,1.8853636980056763
2006-04-04,1.8408249616622925
2006-04-05,2.0225906372070312
2006-04-06,2.1438677310943604
2006-04-07,2.1002323627471924
2006-04-10,2.0665276050567627
2006-04-11,2.0460641384124756
2006-04-12,2.00754451751709
2006-04-13,2.0003223419189453
2006-04-17,1.9503660202026367
2006-04-18,1.9927982091903687
2006-04-19,1.9756451845169067
2006-04-20,2.0352296829223633
2006-04-21,2.01747465133667
2006-04-24,1.9786536693572998
2006-04-25,1.9912930727005005
2006-04-26,2.0508787631988525
2006-04-27,2.087292194366455
2006-04-28,2.1182894706726074
2006-05-01,2.0945141315460205
2006-05-02,2.155303716659546
2006-05-03,2.140857696533203
2006-05-04,2.1405575275421143
2006-05-05,2.163428544998169
2006-05-08,2.163428544998169
2006-05-09,2.1375491619110107
2006-05-10,2.1246087551116943
2006-05-11,2.0508787631988525
2006-05-12,2.0373363494873047
2006-05-15,2.0400447845458984
2006-05-16,1.9554816484451294
2006-05-17,1.963908076286316
2006-05-18,1.9013142585754395
2006-05-19,1.9413385391235352
2006-05-22,1.907332420349121
2006-05-23,1.9004102945327759
2006-05-24,1.906129240989685
2006-05-25,1.9359216690063477
2006-05-26,1.912448525428772
2006-05-30,1.8423309326171875
2006-05-31,1.7986942529678345
2006-06-01,1.8709187507629395
2006-06-02,1.855570673942566
2006-06-05,1.8056154251098633
2006-06-06,1.797189712524414
2006-06-07,1.7622814178466797
2006-06-08,1.8284871578216553
2006-06-09,1.7827446460723877
2006-06-12,1.7153346538543701
2006-06-13,1.755359172821045
2006-06-14,1.733691930770874
2006-06-15,1.7869573831558228
2006-06-16,1.7321869134902954
2006-06-19,1.7213538885116577
2006-06-20,1.729479432106018
2006-06-21,1.7412160634994507
2006-06-22,1.7929766178131104
2006-06-23,1.770405888557434
2006-06-26,1.7752212285995483
2006-06-27,1.7282748222351074
2006-06-28,1.6858429908752441
2006-06-29,1.7746191024780273
2006-06-30,1.723460078239441
2006-07-03,1.7439243793487549
2006-07-05,1.7153346538543701
2006-07-06,1.6783204078674316
2006-07-07,1.6671850681304932
2006-07-10,1.6551481485366821
2006-07-11,1.6747088432312012
2006-07-12,1.593757152557373
2006-07-13,1.572389841079712
2006-07-14,1.5248429775238037
2006-07-17,1.576001763343811
2006-07-18,1.5919514894485474
2006-07-19,1.628063440322876
2006-07-20,1.820662260055542
2006-07-21,1.8272829055786133
2006-07-24,1.8483481407165527
2006-07-25,1.8636969327926636
2006-07-26,1.9220776557922363
2006-07-27,1.9079346656799316
2006-07-28,1.9738377332687378
2006-07-31,2.0451602935791016
2006-08-01,2.0216879844665527
2006-08-02,2.051180362701416
2006-08-03,2.0942137241363525
2006-08-04,2.0553927421569824
2006-08-07,2.0225906372070312
2006-08-08,1.9494624137878418
2006-08-09,1.913651466369629
2006-08-10,1.9280966520309448
2006-08-11,1.915458083152771
2006-08-14,1.9241843223571777
2006-08-15,1.9997197389602661
2006-08-16,2.045762300491333
2006-08-17,2.034027338027954
2006-08-18,2.0436558723449707
2006-08-21,2.0030300617218018
2006-08-22,2.0349292755126953
2006-08-23,2.0256001949310303
2006-08-24,2.04064679145813
2006-08-25,2.0689353942871094
2006-08-28,2.015669345855713
2006-08-29,2.0006229877471924
2006-08-30,2.0150671005249023
2006-08-31,2.0418503284454346
2006-09-01,2.057800531387329
2006-09-05,2.151090621948242
2006-09-06,2.1074538230895996
2006-09-07,2.1908140182495117
2006-09-08,2.182387351989746
2006-09-11,2.181786060333252
2006-09-12,2.1856982707977295
2006-09-13,2.232944965362549
2006-09-14,2.2320430278778076
2006-09-15,2.2299368381500244
2006-09-18,2.2236156463623047
2006-09-19,2.2200050354003906
2006-09-20,2.264843463897705
2006-09-21,2.2464871406555176
2006-09-22,2.1968319416046143
2006-09-25,2.2795896530151367
2006-09-26,2.3355648517608643
2006-09-27,2.2994518280029297
2006-09-28,2.3175082206726074
2006-09-29,2.316606044769287
2006-10-02,2.2528064250946045
2006-10-03,2.2293331623077393
2006-10-04,2.2684543132781982
2006-10-05,2.2519030570983887
2006-10-06,2.233546257019043
2006-10-09,2.2458853721618652
2006-10-10,2.2212085723876953
2006-10-11,2.2037532329559326
2006-10-12,2.264843463897705
2006-10-13,2.2576215267181396
2006-10-16,2.269057035446167
2006-10-17,2.2356534004211426
2006-10-18,2.242875814437866
2006-10-19,2.3770928382873535
2006-10-20,2.4059829711914062
2006-10-23,2.4514243602752686
2006-10-24,2.4390852451324463
2006-10-25,2.45804500579834
2006-10-26,2.473392963409424
2006-10-27,2.419826030731201
2006-10-30,2.4201269149780273
2006-10-31,2.439988851547241
2006-11-01,2.3822085857391357
2006-11-02,2.3767917156219482
2006-11-03,2.356027364730835
2006-11-06,2.398761510848999
2006-11-07,2.4228358268737793
2006-11-08,2.481217384338379
2006-11-09,2.5080008506774902
2006-11-10,2.501380205154419
2006-11-13,2.5383949279785156
2006-11-14,2.557955503463745
2006-11-15,2.529366970062256
2006-11-16,2.57631254196167
2006-11-17,2.5835347175598145
2006-11-20,2.602193593978882
2006-11-21,2.666292428970337
2006-11-22,2.71775221824646
2006-11-24,2.7574760913848877
2006-11-27,2.6945810317993164
2006-11-28,2.7628936767578125
2006-11-29,2.76259183883667
2006-11-30,2.758378744125366
2006-12-01,2.74814772605896
2006-12-04,2.7421281337738037
2006-12-05,2.746642827987671
2006-12-06,2.703307628631592
2006-12-07,2.6193461418151855
2006-12-08,2.6560606956481934
2006-12-11,2.670807123184204
2006-12-12,2.5922627449035645
2006-12-13,2.679835081100464
2006-12-14,2.6647884845733643
2006-12-15,2.639810562133789
2006-12-18,2.572100877761841
2006-12-19,2.597378969192505
2006-12-20,2.550734043121338
2006-12-21,2.4947588443756104
2006-12-22,2.473694086074829
2006-12-26,2.452928304672241
2006-12-27,2.453230619430542
2006-12-28,2.433668851852417
2006-12-29,2.553140640258789
2007-01-03,2.5218424797058105
2007-01-04,2.5778181552886963
2007-01-05,2.5594606399536133
2007-01-08,2.572100877761841
2007-01-09,2.7857649326324463
2007-01-10,2.9190781116485596
2007-01-11,2.882966995239258
2007-01-12,2.847456932067871
2007-01-16,2.9220871925354004
2007-01-17,2.857387065887451
2007-01-18,2.6804373264312744
2007-01-19,2.663282871246338
2007-01-22,2.611823081970215
2007-01-23,2.5790212154388428
2007-01-24,2.6091151237487793
2007-01-25,2.5955729484558105
2007-01-26,2.5693917274475098
2007-01-29,2.5862438678741455
2007-01-30,2.574507474899292
2007-01-31,2.5799248218536377
2007-02-01,2.5501317977905273
2007-02-02,2.5504322052001953
2007-02-05,2.5260558128356934
2007-02-06,2.5323758125305176
2007-02-07,2.5925638675689697
2007-02-08,2.593466281890869
2007-02-09,2.5058939456939697
2007-02-12,2.55434513092041
2007-02-13,2.5489277839660645
2007-02-14,2.5669853687286377
2007-02-15,2.5642752647399902
2007-02-16,2.552839756011963
2007-02-20,2.5850393772125244
2007-02-21,2.6843483448028564
2007-02-22,2.693678855895996
2007-02-23,2.6804373264312744
2007-02-26,2.663583993911743
2007-02-27,2.5257554054260254
2007-02-28,2.5462193489074707
2007-03-01,2.619948148727417
2007-03-02,2.570293426513672
2007-03-05,2.5976788997650146
2007-03-06,2.65395450592041
2007-03-07,2.639810562133789
2007-03-08,2.6482362747192383
2007-03-09,2.647333860397339
2007-03-12,2.704511880874634
2007-03-13,2.6602745056152344
2007-03-14,2.7084245681762695
2007-03-15,2.695483922958374
2007-03-16,2.6960856914520264
2007-03-19,2.7424302101135254
2007-03-20,2.752962112426758
2007-03-21,2.8248860836029053
2007-03-22,2.8275952339172363
2007-03-23,2.8143534660339355
2007-03-26,2.884472131729126
2007-03-27,2.872734308242798
2007-03-28,2.805926561355591
2007-03-29,2.821275234222412
2007-03-30,2.795994758605957
2007-04-02,2.818265676498413
2007-04-03,2.8438448905944824
2007-04-04,2.836923837661743
2007-04-05,2.8492624759674072
2007-04-09,2.818265676498413
2007-04-10,2.836320638656616
2007-04-11,2.786367416381836
2007-04-12,2.7743284702301025
2007-04-13,2.715646266937256
2007-04-16,2.751457452774048
2007-04-17,2.7189557552337646
2007-04-18,2.7204606533050537
2007-04-19,2.7165496349334717
2007-04-20,2.737614393234253
2007-04-23,2.8140525817871094
2007-04-24,2.805926561355591
2007-04-25,2.86942458152771
2007-04-26,2.9744515419006348
2007-04-27,3.0069518089294434
2007-04-30,3.003340721130371
2007-05-01,2.993410110473633
2007-05-02,3.0210962295532227
2007-05-03,3.021397352218628
2007-05-04,3.0337352752685547
2007-05-07,3.127326726913452
2007-05-08,3.1616337299346924
2007-05-09,3.216404438018799
2007-05-10,3.2302463054656982
2007-05-11,3.2723772525787354
2007-05-14,3.29103684425354
2007-05-15,3.235663652420044
2007-05-16,3.2302463054656982
2007-05-17,3.293442726135254
2007-05-18,3.3108983039855957
2007-05-21,3.3698809146881104
2007-05-22,3.4168264865875244
2007-05-23,3.3972668647766113
2007-05-24,3.3310599327087402
2007-05-25,3.419234275817871
2007-05-29,3.4412035942077637
2007-05-30,3.57421612739563
2007-05-31,3.647043228149414
2007-06-01,3.563082218170166
2007-06-04,3.6512575149536133
2007-06-05,3.691580057144165
2007-06-06,3.7207720279693604
2007-06-07,3.7337121963500977
2007-06-08,3.7463507652282715
2007-06-11,3.616950035095215
2007-06-12,3.622667074203491
2007-06-13,3.535997152328491
2007-06-14,3.5736138820648193
2007-06-15,3.6262764930725098
2007-06-18,3.764409065246582
2007-06-19,3.7213752269744873
2007-06-20,3.6578781604766846
2007-06-21,3.7285966873168945
2007-06-22,3.701512336730957
2007-06-25,3.681649923324585
2007-06-26,3.6006994247436523
2007-06-27,3.6681089401245117
2007-06-28,3.6280832290649414
2007-06-29,3.6726229190826416
2007-07-02,3.6491503715515137
2007-07-03,3.827003002166748
2007-07-05,3.994924783706665
2007-07-06,3.9813830852508545
2007-07-09,3.9220995903015137
2007-07-10,3.982888698577881
2007-07-11,3.984090805053711
2007-07-12,4.03464937210083
2007-07-13,4.1447930335998535
2007-07-16,4.1559271812438965
2007-07-17,4.180302619934082
2007-07-18,4.156527042388916
2007-07-19,4.213104248046875
2007-07-20,4.325955390930176
2007-07-23,4.324448108673096
2007-07-24,4.059324264526367
2007-07-25,4.130648612976074
2007-07-26,4.3936638832092285
2007-07-27,4.3289642333984375
2007-07-30,4.256138801574707
2007-07-31,3.965132713317871
2007-08-01,4.062635898590088
2007-08-02,4.107475757598877
2007-08-03,3.967841625213623
2007-08-06,4.0701584815979
2007-08-07,4.06353759765625
2007-08-08,4.032841682434082
2007-08-09,3.8035309314727783
2007-08-10,3.7617008686065674
2007-08-13,3.845660924911499
2007-08-14,3.7325079441070557
2007-08-15,3.6082229614257812
2007-08-16,3.5224549770355225
2007-08-17,3.673225164413452
2007-08-20,3.6780412197113037
2007-08-21,3.839040994644165
2007-08-22,3.987703561782837
2007-08-23,3.944365978240967
2007-08-24,4.071664333343506
2007-08-27,3.9798781871795654
2007-08-28,3.816471576690674
2007-08-29,4.034948348999023
2007-08-30,4.100253582000732
2007-08-31,4.167361259460449
2007-09-04,4.338291168212891
2007-09-05,4.115601062774658
2007-09-06,4.062937259674072
2007-09-07,3.9654321670532227
2007-09-10,4.114095687866211
2007-09-11,4.077383041381836
2007-09-12,4.118311405181885
2007-09-13,4.128840923309326
2007-09-14,4.177293300628662
2007-09-17,4.165256023406982
2007-09-18,4.240790367126465
2007-09-19,4.236278533935547
2007-09-20,4.222431182861328
2007-09-21,4.337991714477539
2007-09-24,4.462278842926025
2007-09-25,4.60973596572876
2007-09-26,4.59739875793457
2007-09-27,4.6494598388671875
2007-09-28,4.618464946746826
2007-10-01,4.704833030700684
2007-10-02,4.768331527709961
2007-10-03,4.752382278442383
2007-10-04,4.701822757720947
2007-10-05,4.8586106300354
2007-10-08,5.0530171394348145
2007-10-09,5.051510810852051
2007-10-10,5.019311904907227
2007-10-11,4.88208532333374
2007-10-12,5.0331549644470215
2007-10-15,5.025027751922607
2007-10-16,5.103272438049316
2007-10-17,5.19866943359375
2007-10-18,5.221238613128662
2007-10-19,5.128551483154297
2007-10-22,5.2471208572387695
2007-10-23,5.6022233963012695
2007-10-24,5.595303058624268
2007-10-25,5.500508785247803
2007-10-26,5.558288097381592
2007-10-29,5.5700225830078125
2007-10-30,5.627502918243408
2007-10-31,5.716278553009033
2007-11-01,5.640744209289551
2007-11-02,5.653685092926025
2007-11-05,5.602824687957764
2007-11-06,5.771651268005371
2007-11-07,5.6064348220825195
2007-11-08,5.280523300170898
2007-11-09,4.976579189300537
2007-11-12,4.627192497253418
2007-11-13,5.114708423614502
2007-11-14,4.998846530914307
2007-11-15,4.944375991821289
2007-11-16,5.007274627685547
2007-11-19,4.933845043182373
2007-11-20,5.081304550170898
2007-11-21,5.0695672035217285
2007-11-23,5.162256717681885
2007-11-26,5.192348957061768
2007-11-27,5.260661602020264
2007-11-28,5.42346715927124
2007-11-29,5.5459489822387695
2007-11-30,5.483656406402588
2007-12-03,5.38253927230835
2007-12-04,5.411129951477051
2007-12-05,5.582363128662109
2007-12-06,5.716278553009033
2007-12-07,5.847187042236328
2007-12-10,5.844476699829102
2007-12-11,5.67384672164917
2007-12-12,5.7436652183532715
2007-12-13,5.772854328155518
2007-12-14,5.729520797729492
2007-12-17,5.549257755279541
2007-12-18,5.506527423858643
2007-12-19,5.510739326477051
2007-12-20,5.633821487426758
2007-12-21,5.835450172424316
2007-12-24,5.982607364654541
2007-12-26,5.987122535705566
2007-12-27,5.9756855964660645
2007-12-28,6.013604164123535
2007-12-31,5.960939884185791
2008-01-02,5.863437175750732
2008-01-03,5.866146087646484
2008-01-04,5.418353080749512
2008-01-07,5.345828056335449
2008-01-08,5.153527736663818
2008-01-09,5.3987932205200195
2008-01-10,5.35726261138916
2008-01-11,5.19686222076416
2008-01-14,5.380133152008057
2008-01-15,5.0870208740234375
2008-01-16,4.804142951965332
2008-01-17,4.84175968170166
2008-01-18,4.855903625488281
2008-01-22,4.683769226074219
2008-01-23,4.185117244720459
2008-01-24,4.080690860748291
2008-01-25,3.9124693870544434
2008-01-28,3.9124693870544434
2008-01-29,3.958512783050537
2008-01-30,3.9777719974517822
2008-01-31,4.073469638824463
2008-02-01,4.02501916885376
2008-02-04,3.9618237018585205
2008-02-05,3.8929083347320557
2008-02-06,3.671419143676758
2008-02-07,3.648547887802124
2008-02-08,3.7761454582214355
2008-02-11,3.895616054534912
2008-02-12,3.7574877738952637
2008-02-13,3.8941116333007812
2008-02-14,3.83573055267334
2008-02-15,3.7505650520324707
2008-02-19,3.6768367290496826
2008-02-20,3.7261898517608643
2008-02-21,3.657575845718384
2008-02-22,3.5949814319610596
2008-02-25,3.603407621383667
2008-02-26,3.5856525897979736
2008-02-27,3.7003085613250732
2008-02-28,3.9094603061676025
2008-02-29,3.7623023986816406
2008-03-03,3.6632940769195557
2008-03-04,3.750265598297119
2008-03-05,3.7463507652282715
2008-03-06,3.639219284057617
2008-03-07,3.678943157196045
2008-03-10,3.601902484893799
2008-03-11,3.832418441772461
2008-03-12,3.792696237564087
2008-03-13,3.85017466545105
2008-03-14,3.8101508617401123
2008-03-17,3.813760995864868
2008-03-18,3.9970314502716064
2008-03-19,3.902235746383667
2008-03-20,4.010573863983154
2008-03-24,4.198959827423096
2008-03-25,4.242595195770264
2008-03-26,4.365375995635986
2008-03-27,4.2206268310546875
2008-03-28,4.30368709564209
2008-03-31,4.318431377410889
2008-04-01,4.49989652633667
2008-04-02,4.438503742218018
2008-04-03,4.562490940093994
2008-04-04,4.6067280769348145
2008-04-07,4.691289901733398
2008-04-08,4.5995049476623535
2008-04-09,4.557374000549316
2008-04-10,4.650966167449951
2008-04-11,4.427971839904785
2008-04-14,4.447230815887451
2008-04-15,4.4652886390686035
2008-04-16,4.625385761260986
2008-04-17,4.649160385131836
2008-04-18,4.8462748527526855
2008-04-21,5.060538291931152
2008-04-22,4.820994853973389
2008-04-23,4.901945114135742
2008-04-24,5.084012985229492
2008-04-25,5.107785701751709
2008-04-28,5.183321475982666
2008-04-29,5.267884731292725
2008-04-30,5.234780788421631
2008-05-01,5.416848182678223
2008-05-02,5.445135593414307
2008-05-05,5.559189319610596
2008-05-06,5.617269992828369
2008-05-07,5.494791030883789
2008-05-08,5.569121360778809
2008-05-09,5.520669460296631
2008-05-12,5.662412166595459
2008-05-13,5.716578483581543
2008-05-14,5.6052327156066895
2008-05-15,5.709658145904541
2008-05-16,5.6461615562438965
2008-05-19,5.525184154510498
2008-05-20,5.594401836395264
2008-05-21,5.362377643585205
2008-05-22,5.3280720710754395
2008-05-23,5.452058792114258
2008-05-27,5.610350131988525
2008-05-28,5.627803802490234
2008-05-29,5.6181745529174805
2008-05-30,5.680166721343994
2008-06-02,5.600419521331787
2008-06-03,5.578449726104736
2008-06-04,5.573033809661865
2008-06-05,5.700630187988281
2008-06-06,5.586575508117676
2008-06-09,5.465298652648926
2008-06-10,5.586575508117676
2008-06-11,5.44122314453125
2008-06-12,5.214017391204834
2008-06-13,5.187234401702881
2008-06-16,5.32175350189209
2008-06-17,5.459880352020264
2008-06-18,5.37923002243042
2008-06-19,5.443932056427002
2008-06-20,5.2745041847229
2008-06-23,5.2110090255737305
2008-06-24,5.213716983795166
2008-06-25,5.338304042816162
2008-06-26,5.0635480880737305
2008-06-27,5.1186203956604
2008-06-30,5.038869380950928
2008-07-01,5.256749629974365
2008-07-02,5.061141490936279
2008-07-03,5.119523048400879
2008-07-07,5.271193981170654
2008-07-08,5.403304576873779
2008-07-09,5.243809223175049
2008-07-10,5.315432071685791
2008-07-11,5.193552017211914
2008-07-14,5.232674598693848
2008-07-15,5.105078220367432
2008-07-16,5.200475692749023
2008-07-17,5.17038106918335
2008-07-18,4.96995735168457
2008-07-21,5.004265308380127
2008-07-22,4.875763893127441
2008-07-23,5.003360748291016
2008-07-24,4.7857842445373535
2008-07-25,4.878772258758545
2008-07-28,4.646450996398926
2008-07-29,4.727102756500244
2008-07-30,4.811363220214844
2008-07-31,4.783377647399902
2008-08-01,4.714462757110596
2008-08-04,4.611240863800049
2008-08-05,4.834235668182373
2008-08-06,4.941066265106201
2008-08-07,4.92241096496582
2008-08-08,5.1023688316345215
2008-08-11,5.223044395446777
2008-08-12,5.318441867828369
2008-08-13,5.395780086517334
2008-08-14,5.39638614654541
2008-08-15,5.288649559020996
2008-08-18,5.278115749359131
2008-08-19,5.222141742706299
2008-08-20,5.2916579246521
2008-08-21,5.245013236999512
2008-08-22,5.320249080657959
2008-08-25,5.1926493644714355
2008-08-26,5.225451469421387
2008-08-27,5.256448745727539
2008-08-28,5.228462219238281
2008-08-29,5.101766586303711
2008-09-02,5.001255512237549
2008-09-03,5.02442741394043
2008-09-04,4.851688861846924
2008-09-05,4.820393085479736
2008-09-08,4.752382278442383
2008-09-09,4.564598083496094
2008-09-10,4.562490940093994
2008-09-11,4.593787670135498
2008-09-12,4.482141494750977
2008-09-15,4.223936557769775
2008-09-16,4.2094926834106445
2008-09-17,3.8468637466430664
2008-09-18,4.035250186920166
2008-09-19,4.2404913902282715
2008-09-22,3.94376540184021
2008-09-23,3.817073106765747
2008-09-24,3.873347282409668
2008-09-25,3.9702470302581787
2008-09-26,3.8592026233673096
2008-09-29,3.1676530838012695
2008-09-30,3.420438766479492
2008-10-01,3.2838127613067627
2008-10-02,3.012368679046631
2008-10-03,2.9211857318878174
2008-10-06,2.953385353088379
2008-10-07,2.683145761489868
2008-10-08,2.702104091644287
2008-10-09,2.6705057621002197
2008-10-10,2.913060426712036
2008-10-13,3.318120002746582
2008-10-14,3.13214111328125
2008-10-15,2.9476675987243652
2008-10-16,3.066237449645996
2008-10-17,2.9311163425445557
2008-10-20,2.962414264678955
2008-10-21,2.7532637119293213
2008-10-22,2.9151663780212402
2008-10-23,2.956094264984131
2008-10-24,2.900421142578125
2008-10-27,2.7713193893432617
2008-10-28,3.0066511631011963
2008-10-29,3.1462864875793457
2008-10-30,3.341593027114868
2008-10-31,3.2377703189849854
2008-11-03,3.21881103515625
2008-11-04,3.3400888442993164
2008-11-05,3.1086690425872803
2008-11-06,2.9822757244110107
2008-11-07,2.9563944339752197
2008-11-10,2.8853743076324463
2008-11-11,2.8519699573516846
2008-11-12,2.7120344638824463
2008-11-13,2.9022274017333984
2008-11-14,2.715646266937256
2008-11-17,2.652449607849121
2008-11-18,2.705714702606201
2008-11-19,2.5967764854431152
2008-11-20,2.422234535217285
2008-11-21,2.4851295948028564
2008-11-24,2.797200918197632
2008-11-25,2.7324984073638916
2008-11-26,2.858891487121582
2008-11-28,2.788774251937866
2008-12-01,2.6762235164642334
2008-12-02,2.7827541828155518
2008-12-03,2.8859760761260986
2008-12-04,2.7508559226989746
2008-12-05,2.828798294067383
2008-12-08,3.0009350776672363
2008-12-09,3.011164903640747
2008-12-10,2.9554929733276367
2008-12-11,2.858891487121582
2008-12-12,2.9572980403900146
2008-12-15,2.8513686656951904
2008-12-16,2.8718321323394775
2008-12-17,2.683145761489868
2008-12-18,2.691269874572754
2008-12-19,2.7084245681762695
2008-12-22,2.580225706100464
2008-12-23,2.599485158920288
2008-12-24,2.559159755706787
2008-12-26,2.5823307037353516
2008-12-29,2.6064069271087646
2008-12-30,2.5967764854431152
2008-12-31,2.568488836288452
2009-01-02,2.730994462966919
2009-01-05,2.846252918243408
2009-01-06,2.799306631088257
2009-01-07,2.7388179302215576
2009-01-08,2.789675235748291
2009-01-09,2.7258780002593994
2009-01-12,2.6680986881256104
2009-01-13,2.6395089626312256
2009-01-14,2.5678865909576416
2009-01-15,2.5092039108276367
2009-01-16,2.4776058197021484
2009-01-20,2.353318691253662
2009-01-21,2.49265193939209
2009-01-22,2.6590704917907715
2009-01-23,2.6590704917907715
2009-01-26,2.697589635848999
2009-01-27,2.7303924560546875
2009-01-28,2.8348166942596436
2009-01-29,2.798704147338867
2009-01-30,2.7123360633850098
2009-02-02,2.7538647651672363
2009-02-03,2.7981021404266357
2009-02-04,2.815256118774414
2009-02-05,2.9028284549713135
2009-02-06,3.0009350776672363
2009-02-09,3.0848939418792725
2009-02-10,2.9440572261810303
2009-02-11,2.9136626720428467
2009-02-12,2.987391233444214
2009-02-13,2.984081506729126
2009-02-17,2.844747304916382
2009-02-18,2.839932441711426
2009-02-19,2.7276835441589355
2009-02-20,2.7445366382598877
2009-02-23,2.6166374683380127
2009-02-24,2.7159461975097656
2009-02-25,2.7433314323425293
2009-02-26,2.6840484142303467
2009-02-27,2.6876587867736816
2009-03-02,2.646430730819702
2009-03-03,2.6593704223632812
2009-03-04,2.743633270263672
2009-03-05,2.673515558242798
2009-03-06,2.5669853687286377
2009-03-09,2.5010793209075928
2009-03-10,2.6671950817108154
2009-03-11,2.7890737056732178
2009-03-12,2.89951753616333
2009-03-13,2.8868792057037354
2009-03-16,2.8715317249298096
2009-03-17,2.9991278648376465
2009-03-18,3.0551018714904785
2009-03-19,3.0581111907958984
2009-03-20,3.05720853805542
2009-03-23,3.2398769855499268
2009-03-24,3.204968214035034
2009-03-25,3.204667568206787
2009-03-26,3.3063838481903076
2009-03-27,3.215500831604004
2009-03-30,3.144479990005493
2009-03-31,3.163439989089966
2009-04-01,3.2708740234375
2009-04-02,3.3918490409851074
2009-04-03,3.490556240081787
2009-04-06,3.5645861625671387
2009-04-07,3.460763454437256
2009-04-08,3.5004870891571045
2009-04-09,3.5982916355133057
2009-04-13,3.6178510189056396
2009-04-14,3.560373306274414
2009-04-15,3.5402119159698486
2009-04-16,3.65486741065979
2009-04-17,3.7141518592834473
2009-04-20,3.6262764930725098
2009-04-21,3.664196252822876
2009-04-22,3.6566734313964844
2009-04-23,3.7737367153167725
2009-04-24,3.7285966873168945
2009-04-27,3.7535743713378906
2009-04-28,3.7285966873168945
2009-04-29,3.765913724899292
2009-04-30,3.786677598953247
2009-05-01,3.8291101455688477
2009-05-04,3.974461793899536
2009-05-05,3.9937212467193604
2009-05-06,3.98740291595459
2009-05-07,3.8838794231414795
2009-05-08,3.887791395187378
2009-05-11,3.89922833442688
2009-05-12,3.744244337081909
2009-05-13,3.595884084701538
2009-05-14,3.7000069618225098
2009-05-15,3.68405818939209
2009-05-18,3.8113534450531006
2009-05-19,3.835430145263672
2009-05-20,3.7878823280334473
2009-05-21,3.7370238304138184
2009-05-22,3.6864657402038574
2009-05-26,3.9356420040130615
2009-05-27,4.00395393371582
2009-05-28,4.064742088317871
2009-05-29,4.087011337280273
2009-06-01,4.193543434143066
2009-06-02,4.197756290435791
2009-06-03,4.241694450378418
2009-06-04,4.325653553009033
2009-06-05,4.353641510009766
2009-06-08,4.3289642333984375
2009-06-09,4.29495906829834
2009-06-10,4.2206268310546875
2009-06-11,4.2115983963012695
2009-06-12,4.121922016143799
2009-06-15,4.095436096191406
2009-06-16,4.103262901306152
2009-06-17,4.080090045928955
2009-06-18,4.089118003845215
2009-06-19,4.197455883026123
2009-06-22,4.133957386016846
2009-06-23,4.032841682434082
2009-06-24,4.0993499755859375
2009-06-25,4.208890438079834
2009-06-26,4.286531448364258
2009-06-29,4.2723870277404785
2009-06-30,4.286230087280273
2009-07-01,4.298267364501953
2009-07-02,4.213704586029053
2009-07-06,4.171274662017822
2009-07-07,4.074672698974609
2009-07-08,4.129443168640137
2009-07-09,4.103562831878662
2009-07-10,4.1685638427734375
2009-07-13,4.28352165222168
2009-07-14,4.2814154624938965
2009-07-15,4.4201483726501465
2009-07-16,4.439409255981445
2009-07-17,4.566704273223877
2009-07-20,4.60161018371582
2009-07-21,4.559481143951416
2009-07-22,4.716869831085205
2009-07-23,4.749371528625488
2009-07-24,4.814676284790039
2009-07-27,4.8179850578308105
2009-07-28,4.814975738525391
2009-07-29,4.8158793449401855
2009-07-30,4.898937702178955
2009-07-31,4.916993141174316
2009-08-03,5.008477210998535
2009-08-04,4.981994152069092
2009-08-05,4.968754291534424
2009-08-06,4.932641506195068
2009-08-07,4.9807891845703125
2009-08-10,4.957017421722412
2009-08-11,4.900141716003418
2009-08-12,4.97477388381958
2009-08-13,5.06836462020874
2009-08-14,5.019011497497559
2009-08-17,4.802638530731201
2009-08-18,4.9353485107421875
2009-08-19,4.953404903411865
2009-08-20,5.005467891693115
2009-08-21,5.092437744140625
2009-08-24,5.087623596191406
2009-08-25,5.097855567932129
2009-08-26,5.037967681884766
2009-08-27,5.099360466003418
2009-08-28,5.117414951324463
2009-08-31,5.062044620513916
2009-09-01,4.97447395324707
2009-09-02,4.970860481262207
2009-09-03,5.012087821960449
2009-09-04,5.125241756439209
2009-09-08,5.2040863037109375
2009-09-09,5.150216579437256
2009-09-10,5.19295072555542
2009-09-11,5.180913925170898
2009-09-14,5.227862358093262
2009-09-15,5.271193981170654
2009-09-16,5.473122596740723
2009-09-17,5.553772449493408
2009-09-18,5.5679168701171875
2009-09-21,5.537825107574463
2009-09-22,5.5516676902771
2009-09-23,5.582363128662109
2009-09-24,5.531805038452148
2009-09-25,5.488170623779297
2009-09-28,5.601923942565918
2009-09-29,5.578749179840088
2009-09-30,5.577850341796875
2009-10-01,5.442729473114014
2009-10-02,5.564305782318115
2009-10-05,5.59800910949707
2009-10-06,5.718083381652832
2009-10-07,5.725306987762451
2009-10-08,5.695814609527588
2009-10-09,5.731927394866943
2009-10-12,5.742161273956299
2009-10-13,5.718385219573975
2009-10-14,5.7566046714782715
2009-10-15,5.734634876251221
2009-10-16,5.659100532531738
2009-10-19,5.713571071624756
2009-10-20,5.981402397155762
2009-10-21,6.166780948638916
2009-10-22,6.175205707550049
2009-10-23,6.137289047241211
2009-10-26,6.0933518409729
2009-10-27,5.939573764801025
2009-10-28,5.79000997543335
2009-10-29,5.908877849578857
2009-10-30,5.672642230987549
2009-11-02,5.697018146514893
2009-11-03,5.680166721343994
2009-11-04,5.742161273956299
2009-11-05,5.839059829711914
2009-11-06,5.848390579223633
2009-11-09,6.062657356262207
2009-11-10,6.108397960662842
2009-11-11,6.1165242195129395
2009-11-12,6.0786051750183105
2009-11-13,6.1526360511779785
2009-11-16,6.218240737915039
2009-11-17,6.229376316070557
2009-11-18,6.198078155517578
2009-11-19,6.034066677093506
2009-11-20,6.016312599182129
2009-11-23,6.1956706047058105
2009-11-24,6.152337551116943
2009-11-25,6.144810676574707
2009-11-27,6.03647518157959
2009-11-30,6.016013145446777
2009-12-01,5.9275360107421875
2009-12-02,5.905267238616943
2009-12-03,5.912789821624756
2009-12-04,5.817693710327148
2009-12-07,5.686185836791992
2009-12-08,5.713870048522949
2009-12-09,5.9525146484375
2009-12-10,5.911286354064941
2009-12-11,5.858321189880371
2009-12-14,5.927834510803223
2009-12-15,5.843273162841797
2009-12-16,5.869155406951904
2009-12-17,5.773758888244629
2009-12-18,5.881191730499268
2009-12-21,5.9654541015625
2009-12-22,6.029552936553955
2009-12-23,6.081916332244873
2009-12-24,6.290765762329102
2009-12-28,6.368105411529541
2009-12-29,6.292572021484375
2009-12-30,6.369008541107178
2009-12-31,6.341623306274414
2010-01-04,6.440330505371094
2010-01-05,6.4514665603637695
2010-01-06,6.348846912384033
2010-01-07,6.33711051940918
2010-01-08,6.379240036010742
2010-01-11,6.322967052459717
2010-01-12,6.251040458679199
2010-01-13,6.3392157554626465
2010-01-14,6.302501678466797
2010-01-15,6.197174549102783
2010-01-19,6.471327304840088
2010-01-20,6.371718883514404
2010-01-21,6.261574745178223
2010-01-22,5.951008319854736
2010-01-25,6.111105918884277
2010-01-26,6.197474956512451
2010-01-27,6.255858421325684
2010-01-28,5.9973530769348145
2010-01-29,5.7797770500183105
2010-02-01,5.8601250648498535
2010-02-02,5.894131660461426
2010-02-03,5.995548248291016
2010-02-04,5.779475212097168
2010-02-05,5.882091522216797
2010-02-08,5.84176778793335
2010-02-09,5.9040632247924805
2010-02-10,5.871862888336182
2010-02-11,5.978695392608643
2010-02-12,6.03015661239624
2010-02-16,6.12103796005249
2010-02-17,6.095460414886475
2010-02-18,6.106892108917236
2010-02-19,6.068977355957031
2010-02-22,6.031359672546387
2010-02-23,5.930243968963623
2010-02-24,6.038580894470215
2010-02-25,6.078907489776611
2010-02-26,6.15775203704834
2010-03-01,6.2892608642578125
2010-03-02,6.28504753112793
2010-03-03,6.299493312835693
2010-03-04,6.341022491455078
2010-03-05,6.588993072509766
2010-03-08,6.5929059982299805
2010-03-09,6.711475372314453
2010-03-10,6.766244888305664
2010-03-11,6.786105155944824
2010-03-12,6.81920862197876
2010-03-15,6.736151218414307
2010-03-16,6.754508972167969
2010-03-17,6.744574546813965
2010-03-18,6.760526180267334
2010-03-19,6.688301086425781
2010-03-22,6.763535499572754
2010-03-23,6.872175216674805
2010-03-24,6.902568340301514
2010-03-25,6.820712566375732
2010-03-26,6.948612689971924
2010-03-29,6.9934515953063965
2010-03-30,7.0975751876831055
2010-03-31,7.071993827819824
2010-04-01,7.101187229156494
2010-04-05,7.177021503448486
2010-04-06,7.208620548248291
2010-04-07,7.24052095413208
2010-04-08,7.220958232879639
2010-04-09,7.276329517364502
2010-04-12,7.291380405426025
2010-04-13,7.295591354370117
2010-04-14,7.3936967849731445
2010-04-15,7.4908976554870605
2010-04-16,7.445154666900635
2010-04-19,7.4352264404296875
2010-04-20,7.360592842102051
2010-04-21,7.8008599281311035
2010-04-22,8.019041061401367
2010-04-23,8.150252342224121
2010-04-26,8.110225677490234
2010-04-27,7.885722637176514
2010-04-28,7.87248420715332
2010-04-29,8.084342956542969
2010-04-30,7.857140064239502
2010-05-03,8.015430450439453
2010-05-04,7.784610748291016
2010-05-05,7.7036614418029785
2010-05-06,7.410549640655518
2010-05-07,7.097875595092773
2010-05-10,7.643473148345947
2010-05-11,7.719608783721924
2010-05-12,7.887232303619385
2010-05-13,7.7749834060668945
2010-05-14,7.638357639312744
2010-05-17,7.650392532348633
2010-05-18,7.59442138671875
2010-05-19,7.473443031311035
2010-05-20,7.155055999755859
2010-05-21,7.292281150817871
2010-05-24,7.425896644592285
2010-05-25,7.379550933837891
2010-05-26,7.3461480140686035
2010-05-27,7.624211311340332
2010-05-28,7.730441570281982
2010-06-01,7.849313259124756
2010-06-02,7.943206787109375
2010-06-03,7.918228626251221
2010-06-04,7.702756881713867
2010-06-07,7.551689624786377
2010-06-08,7.503236770629883
2010-06-09,7.318761825561523
2010-06-10,7.5387468338012695
2010-06-11,7.629025936126709
2010-06-14,7.65219783782959
2010-06-15,7.815008640289307
2010-06-16,8.04251480102539
2010-06-17,8.181550979614258
2010-06-18,8.247751235961914
2010-06-21,8.130387306213379
2010-06-22,8.241129875183105
2010-06-23,8.154460906982422
2010-06-24,8.095175743103027
2010-06-25,8.02596378326416
2010-06-28,8.074112892150879
2010-06-29,7.709075450897217
2010-06-30,7.5694427490234375
2010-07-01,7.477656364440918
2010-07-02,7.431312561035156
2010-07-06,7.482172012329102
2010-07-07,7.784309387207031
2010-07-08,7.766853332519531
2010-07-09,7.812900543212891
2010-07-12,7.74278450012207
2010-07-13,7.577569961547852
2010-07-14,7.605554580688477
2010-07-15,7.56703519821167
2010-07-16,7.520391464233398
2010-07-19,7.390384674072266
2010-07-20,7.5802764892578125
2010-07-21,7.650997161865234
2010-07-22,7.794845104217529
2010-07-23,7.822532653808594
2010-07-26,7.802665710449219
2010-07-27,7.947117328643799
2010-07-28,7.85322380065918
2010-07-29,7.767458915710449
2010-07-30,7.741578578948975
2010-08-02,7.880007743835449
2010-08-03,7.882418155670166
2010-08-04,7.9140143394470215
2010-08-05,7.875491619110107
2010-08-06,7.8270440101623535
2010-08-09,7.876998424530029
2010-08-10,7.806582450866699
2010-08-11,7.529117584228516
2010-08-12,7.577264785766602
2010-08-13,7.4963154792785645
2010-08-16,7.4523797035217285
2010-08-17,7.5826849937438965
2010-08-18,7.615785598754883
2010-08-19,7.519786357879639
2010-08-20,7.512564182281494
2010-08-23,7.397005081176758
2010-08-24,7.220358848571777
2010-08-25,7.30943489074707
2010-08-26,7.230891704559326
2010-08-27,7.271215915679932
2010-08-30,7.297698497772217
2010-08-31,7.315756797790527
2010-09-01,7.533329963684082
2010-09-02,7.5887017250061035
2010-09-03,7.787323474884033
2010-09-07,7.758432865142822
2010-09-08,7.912210464477539
2010-09-09,7.916721343994141
2010-09-10,7.926954746246338
2010-09-13,8.036192893981934
2010-09-14,8.066889762878418
2010-09-15,8.13188648223877
2010-09-16,8.32298469543457
2010-09-17,8.286876678466797
2010-09-20,8.52341365814209
2010-09-21,8.539663314819336
2010-09-22,8.659431457519531
2010-09-23,8.694642066955566
2010-09-24,8.796957969665527
2010-09-27,8.762051582336426
2010-09-28,8.632649421691895
2010-09-29,8.647997856140137
2010-09-30,8.539058685302734
2010-10-01,8.502043724060059
2010-10-04,8.385281562805176
2010-10-05,8.695244789123535
2010-10-06,8.702765464782715
2010-10-07,8.703666687011719
2010-10-08,8.84962272644043
2010-10-11,8.888442039489746
2010-10-12,8.984143257141113
2010-10-13,9.032294273376465
2010-10-14,9.097596168518066
2010-10-15,9.471657752990723
2010-10-18,9.569762229919434
2010-10-19,9.313665390014648
2010-10-20,9.344963073730469
2010-10-21,9.314571380615234
2010-10-22,9.252876281738281
2010-10-25,9.294108390808105
2010-10-26,9.270332336425781
2010-10-27,9.263710021972656
2010-10-28,9.18576717376709
2010-10-29,9.057570457458496
2010-11-01,9.153871536254883
2010-11-02,9.30975341796875
2010-11-03,9.413275718688965
2010-11-04,9.577888488769531
2010-11-05,9.54358196258545
2010-11-08,9.588421821594238
2010-11-09,9.511985778808594
2010-11-10,9.570667266845703
2010-11-11,9.529138565063477
2010-11-12,9.269731521606445
2010-11-15,9.239938735961914
2010-11-16,9.075926780700684
2010-11-17,9.043127059936523
2010-11-18,9.281767845153809
2010-11-19,9.230610847473145
2010-11-22,9.430130004882812
2010-11-23,9.290794372558594
2010-11-24,9.473467826843262
2010-11-26,9.479485511779785
2010-11-29,9.535758018493652
2010-11-30,9.363621711730957
2010-12-01,9.521618843078613
2010-12-02,9.574275016784668
2010-12-03,9.552911758422852
2010-12-06,9.634462356567383
2010-12-07,9.576085090637207
2010-12-08,9.660343170166016
2010-12-09,9.622726440429688
2010-12-10,9.646800994873047
2010-12-13,9.680205345153809
2010-12-14,9.638680458068848
2010-12-15,9.640787124633789
2010-12-16,9.66756820678711
2010-12-17,9.648308753967285
2010-12-20,9.696457862854004
2010-12-21,9.756340980529785
2010-12-22,9.785233497619629
2010-12-23,9.738287925720215
2010-12-27,9.770788192749023
2010-12-28,9.794563293457031
2010-12-29,9.789146423339844
2010-12-30,9.740091323852539
2010-12-31,9.70699405670166
2011-01-03,9.91794490814209
2011-01-04,9.969709396362305
2011-01-05,10.051261901855469
2011-01-06,10.043136596679688
2011-01-07,10.115062713623047
2011-01-10,10.305554389953613
2011-01-11,10.281174659729004
2011-01-12,10.364837646484375
2011-01-13,10.402756690979004
2011-01-14,10.487014770507812
2011-01-18,10.251382827758789
2011-01-19,10.196910858154297
2011-01-20,10.011540412902832
2011-01-21,9.83218002319336
2011-01-24,10.1550874710083
2011-01-25,10.273956298828125
2011-01-26,10.347681045532227
2011-01-27,10.328423500061035
2011-01-28,10.114459037780762
2011-01-31,10.211358070373535
2011-02-01,10.383194923400879
2011-02-02,10.361828804016113
2011-02-03,10.335345268249512
2011-02-04,10.427433967590332
2011-02-07,10.589334487915039
2011-02-08,10.689245223999023
2011-02-09,10.778325080871582
2011-02-10,10.669384956359863
2011-02-11,10.73890209197998
2011-02-14,10.8090181350708
2011-02-15,10.830687522888184
2011-02-16,10.927887916564941
2011-02-17,10.782536506652832
2011-02-18,10.549612045288086
2011-02-22,10.18999195098877
2011-02-23,10.310667037963867
2011-02-24,10.318490982055664
2011-02-25,10.477386474609375
2011-02-28,10.629361152648926
2011-03-01,10.511992454528809
2011-03-02,10.596555709838867
2011-03-03,10.820455551147461
2011-03-04,10.833697319030762
2011-03-07,10.694063186645508
2011-03-08,10.706100463867188
2011-03-09,10.607091903686523
2011-03-10,10.43254566192627
2011-03-11,10.59264850616455
2011-03-14,10.639891624450684
2011-03-15,10.395231246948242
2011-03-16,9.931185722351074
2011-03-17,10.07052230834961
2011-03-18,9.951050758361816
2011-03-21,10.210755348205566
2011-03-22,10.267939567565918
2011-03-23,10.207446098327637
2011-03-24,10.381387710571289
2011-03-25,10.579102516174316
2011-03-28,10.545998573303223
2011-03-29,10.561647415161133
2011-03-30,10.491530418395996
2011-03-31,10.487921714782715
2011-04-01,10.369049072265625
2011-04-04,10.2676362991333
2011-04-05,10.198418617248535
2011-04-06,10.172844886779785
2011-04-07,10.174041748046875
2011-04-08,10.08316421508789
2011-04-11,9.95496654510498
2011-04-12,10.003114700317383
2011-04-13,10.115358352661133
2011-04-14,10.003714561462402
2011-04-15,9.854449272155762
2011-04-18,9.986562728881836
2011-04-19,10.167423248291016
2011-04-20,10.30434799194336
2011-04-21,10.553823471069336
2011-04-25,10.623342514038086
2011-04-26,10.54539680480957
2011-04-27,10.537273406982422
2011-04-28,10.434958457946777
2011-04-29,10.536672592163086
2011-05-02,10.420811653137207
2011-05-03,10.478586196899414
2011-05-04,10.519819259643555
2011-05-05,10.434958457946777
2011-05-06,10.432247161865234
2011-05-09,10.46053409576416
2011-05-10,10.51620864868164
2011-05-11,10.449397087097168
2011-05-12,10.42953872680664
2011-05-13,10.246868133544922
2011-05-16,10.030198097229004
2011-05-17,10.115667343139648
2011-05-18,10.227911949157715
2011-05-19,10.247772216796875
2011-05-20,10.08797836303711
2011-05-23,10.063302040100098
2011-05-24,9.996794700622559
2011-05-25,10.13492202758789
2011-05-26,10.081357955932617
2011-05-27,10.153879165649414
2011-05-31,10.467455863952637
2011-06-01,10.397642135620117
2011-06-02,10.41539192199707
2011-06-03,10.335345268249512
2011-06-06,10.172844886779785
2011-06-07,9.992276191711426
2011-06-08,9.998296737670898
2011-06-09,9.975726127624512
2011-06-10,9.807504653930664
2011-06-13,9.828567504882812
2011-06-14,10.004318237304688
2011-06-15,9.833084106445312
2011-06-16,9.785233497619629
2011-06-17,9.637775421142578
2011-06-20,9.489115715026855
2011-06-21,9.789448738098145
2011-06-22,9.70849895477295
2011-06-23,9.967902183532715
2011-06-24,9.821044921875
2011-06-27,9.992276191711426
2011-06-28,10.089179992675781
2011-06-29,10.052467346191406
2011-06-30,10.101519584655762
2011-07-01,10.329927444458008
2011-07-05,10.515605926513672
2011-07-06,10.585722923278809
2011-07-07,10.749431610107422
2011-07-08,10.824970245361328
2011-07-11,10.653132438659668
2011-07-12,10.645608901977539
2011-07-13,10.774110794067383
2011-07-14,10.766586303710938
2011-07-15,10.981757164001465
2011-07-18,11.248988151550293
2011-07-19,11.340773582458496
2011-07-20,11.643213272094727
2011-07-21,11.654947280883789
2011-07-22,11.835807800292969
2011-07-25,11.992300033569336
2011-07-26,12.140056610107422
2011-07-27,11.814446449279785
2011-07-28,11.79127311706543
2011-07-29,11.750947952270508
2011-08-01,11.93963623046875
2011-08-02,11.703699111938477
2011-08-03,11.813847541809082
2011-08-04,11.356422424316406
2011-08-05,11.243569374084473
2011-08-08,10.629361152648926
2011-08-09,11.255308151245117
2011-08-10,10.94473934173584
2011-08-11,11.245975494384766
2011-08-12,11.344986915588379
2011-08-15,11.538186073303223
2011-08-16,11.450014114379883
2011-08-17,11.448806762695312
2011-08-18,11.01576042175293
2011-08-19,10.714223861694336
2011-08-22,10.7265625
2011-08-23,11.242969512939453
2011-08-24,11.320609092712402
2011-08-25,11.24657917022705
2011-08-26,11.543302536010742
2011-08-29,11.735599517822266
2011-08-30,11.736200332641602
2011-08-31,11.580921173095703
2011-09-01,11.466564178466797
2011-09-02,11.256508827209473
2011-09-06,11.427741050720215
2011-09-07,11.55383586883545
2011-09-08,11.56015396118164
2011-09-09,11.35973072052002
2011-09-12,11.433759689331055
2011-09-13,11.574599266052246
2011-09-14,11.715437889099121
2011-09-15,11.825579643249512
2011-09-16,12.052486419677734
2011-09-19,12.387430191040039
2011-09-20,12.44219970703125
2011-09-21,12.4027738571167
2011-09-22,12.092209815979004
2011-09-23,12.166845321655273
2011-09-26,12.132833480834961
2011-09-27,12.015169143676758
2011-09-28,11.94745922088623
2011-09-29,11.753657341003418
2011-09-30,11.47529125213623
2011-10-03,11.273061752319336
2011-10-04,11.20986270904541
2011-10-05,11.382903099060059
2011-10-06,11.356422424316406
2011-10-07,11.128612518310547
2011-10-10,11.700695991516113
2011-10-11,12.046167373657227
2011-10-12,12.103344917297363
2011-10-13,12.291128158569336
2011-10-14,12.69950008392334
2011-10-17,12.639010429382324
2011-10-18,12.706721305847168
2011-10-19,11.995909690856934
2011-10-20,11.896299362182617
2011-10-21,11.822869300842285
2011-10-24,12.211082458496094
2011-10-25,11.970328330993652
2011-10-26,12.055497169494629
2011-10-27,12.17857837677002
2011-10-28,12.186402320861816
2011-10-31,12.181286811828613
2011-11-01,11.932411193847656
2011-11-02,11.959495544433594
2011-11-03,12.129830360412598
2011-11-04,12.044661521911621
2011-11-07,12.029311180114746
2011-11-08,12.224922180175781
2011-11-09,11.895401000976562
2011-11-10,11.59265422821045
2011-11-11,11.574599266052246
2011-11-14,11.41329574584961
2011-11-15,11.701294898986816
2011-11-16,11.579113006591797
2011-11-17,11.357626914978027
2011-11-18,11.283291816711426
2011-11-21,11.104840278625488
2011-11-22,11.330540657043457
2011-11-23,11.044050216674805
2011-11-25,10.941126823425293
2011-11-28,11.318802833557129
2011-11-29,11.230926513671875
2011-11-30,11.501774787902832
2011-12-01,11.674208641052246
2011-12-02,11.727473258972168
2011-12-05,11.827082633972168
2011-12-06,11.765088081359863
2011-12-07,11.709115028381348
2011-12-08,11.756362915039062
2011-12-09,11.845440864562988
2011-12-12,11.791875839233398
2011-12-13,11.700695991516113
2011-12-14,11.441286087036133
2011-12-15,11.403667449951172
2011-12-16,11.466263771057129
2011-12-19,11.502071380615234
2011-12-20,11.915558815002441
2011-12-21,11.930609703063965
2011-12-22,11.99380111694336
2011-12-23,12.137649536132812
2011-12-27,12.233948707580566
2011-12-28,12.116888046264648
2011-12-29,12.191516876220703
2011-12-30,12.187910079956055
2012-01-03,12.375388145446777
2012-01-04,12.44189453125
2012-01-05,12.580026626586914
2012-01-06,12.711538314819336
2012-01-09,12.691374778747559
2012-01-10,12.73681354522705
2012-01-11,12.716049194335938
2012-01-12,12.681140899658203
2012-01-13,12.633590698242188
2012-01-17,12.780750274658203
2012-01-18,12.91346263885498
2012-01-19,12.872536659240723
2012-01-20,12.648337364196777
2012-01-23,12.862306594848633
2012-01-24,12.651649475097656
2012-01-25,13.441606521606445
2012-01-26,13.38051700592041
2012-01-27,13.460265159606934
2012-01-30,13.632699012756348
2012-01-31,13.737127304077148
2012-02-01,13.728400230407715
2012-02-02,13.69620132446289
2012-02-03,13.83342170715332
2012-02-06,13.96252727508545
2012-02-07,14.108786582946777
2012-02-08,14.34501838684082
2012-02-09,14.841261863708496
2012-02-10,14.848788261413574
2012-02-13,15.125041007995605
2012-02-14,15.331482887268066
2012-02-15,14.976676940917969
2012-02-16,15.11330509185791
2012-02-17,15.110596656799316
2012-02-21,15.49368953704834
2012-02-22,15.439217567443848
2012-02-23,15.540032386779785
2012-02-24,15.721195220947266
2012-02-27,15.822011947631836
2012-02-28,16.1124210357666
2012-02-29,16.3239688873291
2012-03-01,16.385059356689453
2012-03-02,16.40642738342285
2012-03-05,16.04469871520996
2012-03-06,15.95743179321289
2012-03-07,15.970375061035156
2012-03-08,16.310428619384766
2012-03-09,16.4061279296875
2012-03-12,16.611661911010742
2012-03-13,17.096168518066406
2012-03-14,17.742576599121094
2012-03-15,17.62160301208496
2012-03-16,17.62190818786621
2012-03-19,18.089265823364258
2012-03-20,18.23551368713379
2012-03-21,18.131391525268555
2012-03-22,18.036298751831055
2012-03-23,17.937288284301758
2012-03-26,18.26620864868164
2012-03-27,18.491907119750977
2012-03-28,18.586408615112305
2012-03-29,18.35288429260254
2012-03-30,18.04261589050293
2012-04-02,18.616802215576172
2012-04-03,18.938505172729492
2012-04-04,18.787731170654297
2012-04-05,19.06971549987793
2012-04-09,19.146453857421875
2012-04-10,18.912017822265625
2012-04-11,18.84461212158203
2012-04-12,18.741390228271484
2012-04-13,18.213544845581055
2012-04-16,17.458202362060547
2012-04-17,18.348068237304688
2012-04-18,18.307132720947266
2012-04-19,17.678178787231445
2012-04-20,17.24303436279297
2012-04-23,17.204511642456055
2012-04-24,16.860836029052734
2012-04-25,18.35708999633789
2012-04-26,18.287883758544922
2012-04-27,18.146438598632812
2012-04-30,17.57406234741211
2012-05-01,17.518388748168945
2012-05-02,17.63424301147461
2012-05-03,17.509057998657227
2012-05-04,17.010408401489258
2012-05-07,17.137693405151367
2012-05-08,17.098573684692383
2012-05-09,17.128677368164062
2012-05-10,17.169004440307617
2012-05-11,17.054340362548828
2012-05-14,16.798845291137695
2012-05-15,16.646879196166992
2012-05-16,16.433515548706055
2012-05-17,15.953224182128906
2012-05-18,15.961036682128906
2012-05-21,16.89093589782715
2012-05-22,16.761226654052734
2012-05-23,17.17020606994629
2012-05-24,17.012508392333984
2012-05-25,16.92133140563965
2012-05-29,17.221662521362305
2012-05-30,17.429306030273438
2012-05-31,17.385974884033203
2012-06-01,16.882204055786133
2012-06-04,16.981517791748047
2012-06-05,16.937580108642578
2012-06-06,17.197294235229492
2012-06-07,17.20511817932129
2012-06-08,17.463911056518555
2012-06-11,17.188560485839844
2012-06-12,17.338735580444336
2012-06-13,17.218355178833008
2012-06-14,17.19938850402832
2012-06-15,17.27763557434082
2012-06-18,17.628223419189453
2012-06-19,17.67728042602539
2012-06-20,17.627029418945312
2012-06-21,17.38416862487793
2012-06-22,17.517480850219727
2012-06-25,17.176523208618164
2012-06-26,17.214439392089844
2012-06-27,17.28877067565918
2012-06-28,17.124765396118164
2012-06-29,17.574655532836914
2012-07-02,17.831058502197266
2012-07-03,18.038410186767578
2012-07-05,18.35529136657715
2012-07-06,18.233112335205078
2012-07-09,18.47416114807129
2012-07-10,18.303224563598633
2012-07-11,18.189472198486328
2012-07-12,18.023054122924805
2012-07-13,18.205724716186523
2012-07-16,18.26410675048828
2012-07-17,18.265016555786133
2012-07-18,18.24454689025879
2012-07-19,18.48709487915039
2012-07-20,18.185556411743164
2012-07-23,18.171417236328125
2012-07-24,18.08384895324707
2012-07-25,17.302919387817383
2012-07-26,17.300203323364258
2012-07-27,17.609567642211914
2012-07-30,17.906600952148438
2012-07-31,18.379961013793945
2012-08-01,18.26109504699707
2012-08-02,18.29058837890625
2012-08-03,18.528623580932617
2012-08-06,18.734764099121094
2012-08-07,18.685415267944336
2012-08-08,18.6538143157959
2012-08-09,18.76019859313965
2012-08-10,18.78951644897461
2012-08-13,19.040367126464844
2012-08-14,19.091434478759766
2012-08-15,19.065458297729492
2012-08-16,19.231977462768555
2012-08-17,19.587696075439453
2012-08-20,20.102697372436523
2012-08-21,19.82797622680664
2012-08-22,20.215129852294922
2012-08-23,20.026540756225586
2012-08-24,20.044370651245117
2012-08-27,20.420948028564453
2012-08-28,20.39434814453125
2012-08-29,20.354150772094727
2012-08-30,20.064010620117188
2012-08-31,20.105411529541016
2012-09-04,20.399486541748047
2012-09-05,20.2562313079834
2012-09-06,20.43878173828125
2012-09-07,20.564809799194336
2012-09-10,20.02986717224121
2012-09-11,19.964887619018555
2012-09-12,20.24292755126953
2012-09-13,20.641576766967773
2012-09-14,20.89242172241211
2012-09-17,21.149316787719727
2012-09-18,21.213685989379883
2012-09-19,21.21943473815918
2012-09-20,21.116676330566406
2012-09-21,21.158679962158203
2012-09-24,20.877609252929688
2012-09-25,20.356266021728516
2012-09-26,20.10360336303711
2012-09-27,20.591402053833008
2012-09-28,20.1616268157959
2012-10-01,19.928613662719727
2012-10-02,19.986644744873047
2012-10-03,20.293106079101562
2012-10-04,20.15256690979004
2012-10-05,19.72309684753418
2012-10-08,19.28728675842285
2012-10-09,19.2171688079834
2012-10-10,19.370094299316406
2012-10-11,18.982946395874023
2012-10-12,19.031599044799805
2012-10-15,19.18422508239746
2012-10-16,19.63848114013672
2012-10-17,19.48192596435547
2012-10-18,19.12015151977539
2012-10-19,18.431076049804688
2012-10-22,19.162168502807617
2012-10-23,18.537458419799805
2012-10-24,18.642330169677734
2012-10-25,18.422006607055664
2012-10-26,18.25457000732422
2012-10-31,17.99224090576172
2012-11-01,18.029104232788086
2012-11-02,17.43251609802246
2012-11-05,17.668859481811523
2012-11-06,17.6153621673584
2012-11-07,16.941347122192383
2012-11-08,16.32654571533203
2012-11-09,16.609203338623047
2012-11-12,16.480775833129883
2012-11-13,16.4829044342041
2012-11-14,16.300128936767578
2012-11-15,15.95827579498291
2012-11-16,16.02081298828125
2012-11-19,17.176042556762695
2012-11-20,17.02969741821289
2012-11-21,17.05368423461914
2012-11-23,17.351221084594727
2012-11-26,17.89862823486328
2012-11-27,17.754411697387695
2012-11-28,17.69855499267578
2012-11-29,17.893468856811523
2012-11-30,17.769596099853516
2012-12-03,17.797224044799805
2012-12-04,17.483295440673828
2012-12-05,16.358118057250977
2012-12-06,16.614665985107422
2012-12-07,16.18992042541504
2012-12-10,16.08578109741211
2012-12-11,16.437053680419922
2012-12-12,16.364490509033203
2012-12-13,16.081838607788086
2012-12-14,15.477654457092285
2012-12-17,15.75211238861084
2012-12-18,16.20965576171875
2012-12-19,15.979218482971191
2012-12-20,15.840167999267578
2012-12-21,15.76729965209961
2012-12-24,15.792804718017578
2012-12-26,15.575115203857422
2012-12-27,15.637656211853027
2012-12-28,15.471585273742676
2012-12-31,16.157129287719727
2013-01-02,16.669017791748047
2013-01-03,16.458614349365234
2013-01-04,16.000165939331055
2013-01-07,15.906047821044922
2013-01-08,15.948853492736816
2013-01-09,15.699603080749512
2013-01-10,15.894201278686523
2013-01-11,15.79675006866455
2013-01-14,15.23355770111084
2013-01-15,14.752946853637695
2013-01-16,15.365324020385742
2013-01-17,15.261792182922363
2013-01-18,15.180427551269531
2013-01-22,15.325249671936035
2013-01-23,15.605783462524414
2013-01-24,13.677562713623047
2013-01-25,13.35512924194336
2013-01-28,13.657219886779785
2013-01-29,13.91346263885498
2013-01-30,13.869746208190918
2013-01-31,13.829059600830078
2013-02-01,13.772284507751465
2013-02-04,13.429210662841797
2013-02-05,13.900409698486328
2013-02-06,13.885534286499023
2013-02-07,14.298405647277832
2013-02-08,14.504841804504395
2013-02-11,14.655996322631836
2013-02-12,14.288630485534668
2013-02-13,14.261452674865723
2013-02-14,14.248631477355957
2013-02-15,14.052270889282227
2013-02-19,14.047076225280762
2013-02-20,13.706888198852539
2013-02-21,13.621683120727539
2013-02-22,13.766741752624512
2013-02-25,13.522134780883789
2013-02-26,13.710551261901855
2013-02-27,13.576186180114746
2013-02-28,13.47938060760498
2013-03-01,13.145605087280273
2013-03-04,12.827399253845215
2013-03-05,13.166061401367188
2013-03-06,12.998716354370117
2013-03-07,13.148959159851074
2013-03-08,13.183772087097168
2013-03-11,13.37157917022705
2013-03-12,13.08330249786377
2013-03-13,13.080863952636719
2013-03-14,13.20759391784668
2013-03-15,13.548397064208984
2013-03-18,13.916683197021484
2013-03-19,13.879119873046875
2013-03-20,13.805521011352539
2013-03-21,13.825373649597168
2013-03-22,14.105712890625
2013-03-25,14.156710624694824
2013-03-26,14.082195281982422
2013-03-27,13.805521011352539
2013-03-28,13.51785945892334
2013-04-01,13.09796142578125
2013-04-02,13.124837875366211
2013-04-03,13.192020416259766
2013-04-04,13.061624526977539
2013-04-05,12.923595428466797
2013-04-08,13.01551628112793
2013-04-09,13.03902530670166
2013-04-10,13.305011749267578
2013-04-11,13.26347541809082
2013-04-12,13.125142097473145
2013-04-15,12.82129192352295
2013-04-16,13.016423225402832
2013-04-17,12.300618171691895
2013-04-18,11.972342491149902
2013-04-19,11.925924301147461
2013-04-22,12.174494743347168
2013-04-23,12.402314186096191
2013-04-24,12.381851196289062
2013-04-25,12.471024513244629
2013-04-26,12.740361213684082
2013-04-29,13.134915351867676
2013-04-30,13.521522521972656
2013-05-01,13.414945602416992
2013-05-02,13.605194091796875
2013-05-03,13.741394996643066
2013-05-06,14.069064140319824
2013-05-07,14.006460189819336
2013-05-08,14.164647102355957
2013-05-09,14.0410737991333
2013-05-10,13.924262046813965
2013-05-13,13.978672981262207
2013-05-14,13.644221305847168
2013-05-15,13.182812690734863
2013-05-16,13.358955383300781
2013-05-17,13.318378448486328
2013-05-20,13.615632057189941
2013-05-21,13.515113830566406
2013-05-22,13.567065238952637
2013-05-23,13.591347694396973
2013-05-24,13.683878898620605
2013-05-28,13.569831848144531
2013-05-29,13.677726745605469
2013-05-30,13.881534576416016
2013-05-31,13.824667930603027
2013-06-03,13.855095863342285
2013-06-04,13.811749458312988
2013-06-05,13.68264389038086
2013-06-06,13.478226661682129
2013-06-07,13.581202507019043
2013-06-10,13.491446495056152
2013-06-11,13.451790809631348
2013-06-12,13.285489082336426
2013-06-13,13.401374816894531
2013-06-14,13.219701766967773
2013-06-17,13.279645919799805
2013-06-18,13.272573471069336
2013-06-19,13.0029878616333
2013-06-20,12.813626289367676
2013-06-21,12.710957527160645
2013-06-24,12.374045372009277
2013-06-25,12.376815795898438
2013-06-26,12.236644744873047
2013-06-27,12.104767799377441
2013-06-28,12.189305305480957
2013-07-01,12.579391479492188
2013-07-02,12.864352226257324
2013-07-03,12.935359001159668
2013-07-05,12.831459999084473
2013-07-08,12.758604049682617
2013-07-09,12.983006477355957
2013-07-10,12.933205604553223
2013-07-11,13.134860038757324
2013-07-12,13.110886573791504
2013-07-15,13.13947582244873
2013-07-16,13.224313735961914
2013-07-17,13.227696418762207
2013-07-18,13.272265434265137
2013-07-19,13.062931060791016
2013-07-22,13.10473346710205
2013-07-23,12.879721641540527
2013-07-24,13.541244506835938
2013-07-25,13.479454040527344
2013-07-26,13.555999755859375
2013-07-29,13.765028953552246
2013-07-30,13.93502426147461
2013-07-31,13.910736083984375
2013-08-01,14.03830623626709
2013-08-02,14.218448638916016
2013-08-05,14.430855751037598
2013-08-06,14.301749229431152
2013-08-07,14.293449401855469
2013-08-08,14.264983177185059
2013-08-09,14.061995506286621
2013-08-12,14.461471557617188
2013-08-13,15.148713111877441
2013-08-14,15.425023078918457
2013-08-15,15.406777381896973
2013-08-16,15.543538093566895
2013-08-19,15.710953712463379
2013-08-20,15.504556655883789
2013-08-21,15.544471740722656
2013-08-22,15.563036918640137
2013-08-23,15.503002166748047
2013-08-26,15.563352584838867
2013-08-27,15.118390083312988
2013-08-28,15.189863204956055
2013-08-29,15.214618682861328
2013-08-30,15.075996398925781
2013-09-03,15.118073463439941
2013-09-04,15.43091106414795
2013-09-05,15.32508659362793
2013-09-06,15.416363716125488
2013-09-09,15.662363052368164
2013-09-10,15.305591583251953
2013-09-11,14.472302436828613
2013-09-12,14.626396179199219
2013-09-13,14.385343551635742
2013-09-16,13.92801570892334
2013-09-17,14.088916778564453
2013-09-18,14.378543853759766
2013-09-19,14.614324569702148
2013-09-20,14.463021278381348
2013-09-23,15.181818008422852
2013-09-24,15.134159088134766
2013-09-25,14.899933815002441
2013-09-26,15.04505443572998
2013-09-27,14.9376802444458
2013-09-30,14.752018928527832
2013-10-01,15.098892211914062
2013-10-02,15.148401260375977
2013-10-03,14.958097457885742
2013-10-04,14.946341514587402
2013-10-07,15.092391014099121
2013-10-08,14.881674766540527
2013-10-09,15.056503295898438
2013-10-10,15.150879859924316
2013-10-11,15.248966217041016
2013-10-14,15.348909378051758
2013-10-15,15.430597305297852
2013-10-16,15.505793571472168
2013-10-17,15.610685348510742
2013-10-18,15.746525764465332
2013-10-21,16.13238525390625
2013-10-22,16.086280822753906
2013-10-23,16.2437801361084
2013-10-24,16.45883560180664
2013-10-25,16.27472686767578
2013-10-28,16.396020889282227
2013-10-29,15.987568855285645
2013-10-30,16.241924285888672
2013-10-31,16.173839569091797
2013-11-01,16.091224670410156
2013-11-04,16.299163818359375
2013-11-05,16.258943557739258
2013-11-06,16.212879180908203
2013-11-07,15.950502395629883
2013-11-08,16.201677322387695
2013-11-11,16.154682159423828
2013-11-12,16.184558868408203
2013-11-13,16.203855514526367
2013-11-14,16.438220977783203
2013-11-15,16.339553833007812
2013-11-18,16.14160919189453
2013-11-19,16.170236587524414
2013-11-20,16.02862548828125
2013-11-21,16.219728469848633
2013-11-22,16.178022384643555
2013-11-25,16.30065155029297
2013-11-26,16.601301193237305
2013-11-27,16.99222183227539
2013-11-29,17.306865692138672
2013-12-02,17.15623664855957
2013-12-03,17.625886917114258
2013-12-04,17.584808349609375
2013-12-05,17.675071716308594
2013-12-06,17.429813385009766
2013-12-09,17.62930679321289
2013-12-10,17.60192108154297
2013-12-11,17.471513748168945
2013-12-12,17.445995330810547
2013-12-13,17.255826950073242
2013-12-16,17.351381301879883
2013-12-17,17.27325439453125
2013-12-18,17.141916275024414
2013-12-19,16.945524215698242
2013-12-20,17.087444305419922
2013-12-23,17.743228912353516
2013-12-24,17.667909622192383
2013-12-26,17.550565719604492
2013-12-27,17.431987762451172
2013-12-30,17.258628845214844
2013-12-31,17.460933685302734
2014-01-02,17.215370178222656
2014-01-03,16.837217330932617
2014-01-06,16.929031372070312
2014-01-07,16.80796241760254
2014-01-08,16.914409637451172
2014-01-09,16.69840431213379
2014-01-10,16.586984634399414
2014-01-13,16.673818588256836
2014-01-14,17.005599975585938
2014-01-15,17.347023010253906
2014-01-16,17.250234603881836
2014-01-17,16.827573776245117
2014-01-21,17.089004516601562
2014-01-22,17.16495132446289
2014-01-23,17.310298919677734
2014-01-24,16.99563980102539
2014-01-27,17.133520126342773
2014-01-28,15.76407527923584
2014-01-29,15.585113525390625
2014-01-30,15.554924964904785
2014-01-31,15.580443382263184
2014-02-03,15.609392166137695
2014-02-04,15.835347175598145
2014-02-05,15.953615188598633
2014-02-06,16.04660987854004
2014-02-07,16.271100997924805
2014-02-10,16.562593460083008
2014-02-11,16.780826568603516
2014-02-12,16.779577255249023
2014-02-13,17.046018600463867
2014-02-14,17.032249450683594
2014-02-18,17.094867706298828
2014-02-19,16.824974060058594
2014-02-20,16.630233764648438
2014-02-21,16.445497512817383
2014-02-24,16.51751136779785
2014-02-25,16.34562110900879
2014-02-26,16.198152542114258
2014-02-27,16.52126693725586
2014-02-28,16.47649574279785
2014-03-03,16.52408790588379
2014-03-04,16.633039474487305
2014-03-05,16.66811180114746
2014-03-06,16.61770248413086
2014-03-07,16.607999801635742
2014-03-10,16.623023986816406
2014-03-11,16.784896850585938
2014-03-12,16.801179885864258
2014-03-13,16.61457061767578
2014-03-14,16.42796516418457
2014-03-17,16.492156982421875
2014-03-18,16.638051986694336
2014-03-19,16.63367462158203
2014-03-20,16.553508758544922
2014-03-21,16.684078216552734
2014-03-24,16.881956100463867
2014-03-25,17.063556671142578
2014-03-26,16.90043067932129
2014-03-27,16.827789306640625
2014-03-28,16.80900764465332
2014-03-31,16.805253982543945
2014-04-01,16.958980560302734
2014-04-02,16.987159729003906
2014-04-03,16.869436264038086
2014-04-04,16.65120506286621
2014-04-07,16.38976287841797
2014-04-08,16.388832092285156
2014-04-09,16.604244232177734
2014-04-10,16.39008140563965
2014-04-11,16.2689208984375
2014-04-14,16.333723068237305
2014-04-15,16.217247009277344
2014-04-16,16.2501277923584
2014-04-17,16.4357967376709
2014-04-21,16.6308536529541
2014-04-22,16.64744758605957
2014-04-23,16.429840087890625
2014-04-24,17.776790618896484
2014-04-25,17.907358169555664
2014-04-28,18.600873947143555
2014-04-29,18.545761108398438
2014-04-30,18.475627899169922
2014-05-01,18.519147872924805
2014-05-02,18.553586959838867
2014-05-05,18.815963745117188
2014-05-06,18.610891342163086
2014-05-07,18.545761108398438
2014-05-08,18.5127010345459
2014-05-09,18.43556785583496
2014-05-12,18.66509246826172
2014-05-13,18.69437599182129
2014-05-14,18.69782829284668
2014-05-15,18.538837432861328
2014-05-16,18.81243896484375
2014-05-19,19.035350799560547
2014-05-20,19.03912925720215
2014-05-21,19.08950424194336
2014-05-22,19.11972427368164
2014-05-23,19.335716247558594
2014-05-27,19.697790145874023
2014-05-28,19.646785736083984
2014-05-29,20.004764556884766
2014-05-30,19.92983055114746
2014-06-02,19.792879104614258
2014-06-03,20.07277488708496
2014-06-04,20.301982879638672
2014-06-05,20.38163948059082
2014-06-06,20.325599670410156
2014-06-09,20.650827407836914
2014-06-10,20.772045135498047
2014-06-11,20.68609619140625
2014-06-12,20.340078353881836
2014-06-13,20.11747932434082
2014-06-16,20.32024383544922
2014-06-17,20.293790817260742
2014-06-18,20.315837860107422
2014-06-19,20.245304107666016
2014-06-20,20.035938262939453
2014-06-23,20.01830291748047
2014-06-24,19.897090911865234
2014-06-25,19.914716720581055
2014-06-26,20.033729553222656
2014-06-27,20.271757125854492
2014-06-30,20.481124877929688
2014-07-01,20.611156463623047
2014-07-02,20.602344512939453
2014-07-03,20.72356605529785
2014-07-07,21.151119232177734
2014-07-08,21.014474868774414
2014-07-09,21.023296356201172
2014-07-10,20.946157455444336
2014-07-11,20.985828399658203
2014-07-14,21.256912231445312
2014-07-15,21.007871627807617
2014-07-16,20.888856887817383
2014-07-17,20.51639175415039
2014-07-18,20.811717987060547
2014-07-21,20.7037296295166
2014-07-22,20.87563705444336
2014-07-23,21.420001983642578
2014-07-24,21.384742736816406
2014-07-25,21.525787353515625
2014-07-28,21.823322296142578
2014-07-29,21.68227195739746
2014-07-30,21.631587982177734
2014-07-31,21.06957244873047
2014-08-01,21.186389923095703
2014-08-04,21.067371368408203
2014-08-05,20.963794708251953
2014-08-06,20.92852783203125
2014-08-07,20.926315307617188
2014-08-08,20.983901977539062
2014-08-11,21.260759353637695
2014-08-12,21.25632667541504
2014-08-13,21.537616729736328
2014-08-14,21.5952091217041
2014-08-15,21.70153045654297
2014-08-18,21.96288299560547
2014-08-19,22.26632308959961
2014-08-20,22.275178909301758
2014-08-21,22.277400970458984
2014-08-22,22.44129753112793
2014-08-25,22.49003028869629
2014-08-26,22.3460693359375
2014-08-27,22.620710372924805
2014-08-28,22.64729118347168
2014-08-29,22.702659606933594
2014-09-02,22.879850387573242
2014-09-03,21.914152145385742
2014-09-04,21.732532501220703
2014-09-05,21.92079734802246
2014-09-08,21.785690307617188
2014-09-09,21.7037410736084
2014-09-10,22.370424270629883
2014-09-11,22.46565818786621
2014-09-12,22.516611099243164
2014-09-15,22.509960174560547
2014-09-16,22.33940887451172
2014-09-17,22.498889923095703
2014-09-18,22.545398712158203
2014-09-19,22.361560821533203
2014-09-22,22.38371467590332
2014-09-23,22.733673095703125
2014-09-24,22.536542892456055
2014-09-25,21.67716407775879
2014-09-26,22.31505012512207
2014-09-29,22.173297882080078
2014-09-30,22.31505012512207
2014-10-01,21.967304229736328
2014-10-02,22.126789093017578
2014-10-03,22.06476593017578
2014-10-06,22.06476593017578
2014-10-07,21.872074127197266
2014-10-08,22.326128005981445
2014-10-09,22.374847412109375
2014-10-10,22.31062126159668
2014-10-13,22.106847763061523
2014-10-14,21.872074127197266
2014-10-15,21.604068756103516
2014-10-16,21.320566177368164
2014-10-17,21.63286781311035
2014-10-20,22.095773696899414
2014-10-21,22.696008682250977
2014-10-22,22.811182022094727
2014-10-23,23.218732833862305
2014-10-24,23.30510711669922
2014-10-27,23.280746459960938
2014-10-28,23.64177703857422
2014-10-29,23.77466583251953
2014-10-30,23.694929122924805
2014-10-31,23.920846939086914
2014-11-03,24.23093032836914
2014-11-04,24.053739547729492
2014-11-05,24.111328125
2014-11-06,24.180294036865234
2014-11-07,24.24924659729004
2014-11-10,24.20920181274414
2014-11-11,24.402734756469727
2014-11-12,24.747535705566406
2014-11-13,25.09678077697754
2014-11-14,25.399311065673828
2014-11-17,25.357051849365234
2014-11-18,25.686269760131836
2014-11-19,25.508312225341797
2014-11-20,25.87313461303711
2014-11-21,25.90872573852539
2014-11-24,26.389211654663086
2014-11-25,26.160093307495117
2014-11-26,26.47151756286621
2014-11-28,26.455949783325195
2014-12-01,25.5972957611084
2014-12-02,25.499418258666992
2014-12-03,25.788597106933594
2014-12-04,25.69072151184082
2014-12-05,25.58171844482422
2014-12-08,25.003355026245117
2014-12-09,25.385961532592773
2014-12-10,24.903249740600586
2014-12-11,24.829849243164062
2014-12-12,24.409408569335938
2014-12-15,24.075740814208984
2014-12-16,23.746511459350586
2014-12-17,24.338233947753906
2014-12-18,25.058969497680664
2014-12-19,24.865428924560547
2014-12-22,25.123476028442383
2014-12-23,25.03449058532715
2014-12-24,24.916597366333008
2014-12-26,25.357051849365234
2014-12-29,25.33924674987793
2014-12-30,25.030040740966797
2014-12-31,24.55400276184082
2015-01-02,24.3204345703125
2015-01-05,23.635284423828125
2015-01-06,23.637508392333984
2015-01-07,23.96895980834961
2015-01-08,24.889907836914062
2015-01-09,24.916597366333008
2015-01-12,24.302637100219727
2015-01-13,24.51841163635254
2015-01-14,24.42498779296875
2015-01-15,23.7620849609375
2015-01-16,23.577449798583984
2015-01-20,24.18473243713379
2015-01-21,24.369367599487305
2015-01-22,25.003355026245117
2015-01-23,25.132373809814453
2015-01-26,25.159067153930664
2015-01-27,24.278167724609375
2015-01-28,25.65068244934082
2015-01-29,26.449270248413086
2015-01-30,26.06221580505371
2015-02-02,26.389211654663086
2015-02-03,26.393661499023438
2015-02-04,26.59609031677246
2015-02-05,26.785924911499023
2015-02-06,26.560359954833984
2015-02-09,26.736783981323242
2015-02-10,27.25044059753418
2015-02-11,27.889156341552734
2015-02-12,28.242015838623047
2015-02-13,28.38048553466797
2015-02-17,28.5479793548584
2015-02-18,28.746736526489258
2015-02-19,28.68644142150879
2015-02-20,28.920940399169922
2015-02-23,29.70258140563965
2015-02-24,29.5172176361084
2015-02-25,28.762372970581055
2015-02-26,29.126394271850586
2015-02-27,28.688674926757812
2015-03-02,28.82936668395996
2015-03-03,28.88966941833496
2015-03-04,28.7065372467041
2015-03-05,28.230844497680664
2015-03-06,28.27328872680664
2015-03-09,28.393882751464844
2015-03-10,27.806535720825195
2015-03-11,27.299570083618164
2015-03-12,27.793128967285156
2015-03-13,27.601062774658203
2015-03-16,27.904788970947266
2015-03-17,28.371553421020508
2015-03-18,28.690902709960938
2015-03-19,28.474275588989258
2015-03-20,28.11695098876953
2015-03-23,28.409507751464844
2015-03-24,28.293380737304688
2015-03-25,27.554162979125977
2015-03-26,27.746231079101562
2015-03-27,27.525136947631836
2015-03-30,28.221921920776367
2015-03-31,27.788663864135742
2015-04-01,27.748464584350586
2015-04-02,27.987424850463867
2015-04-06,28.440780639648438
2015-04-07,28.141521453857422
2015-04-08,28.049955368041992
2015-04-09,28.264352798461914
2015-04-10,28.38494110107422
2015-04-13,28.32911491394043
2015-04-14,28.206283569335938
2015-04-15,28.3134822845459
2015-04-16,28.17724609375
2015-04-17,27.860130310058594
2015-04-20,28.496606826782227
2015-04-21,28.3425235748291
2015-04-22,28.724411010742188
2015-04-23,28.95889663696289
2015-04-24,29.095121383666992
2015-04-27,29.624414443969727
2015-04-28,29.15766143798828
2015-04-29,28.72886848449707
2015-04-30,27.949459075927734
2015-05-01,28.798099517822266
2015-05-04,28.74227523803711
2015-05-05,28.09462547302246
2015-05-06,27.918195724487305
2015-05-07,28.090879440307617
2015-05-08,28.6201229095459
2015-05-11,28.328590393066406
2015-05-12,28.22767448425293
2015-05-13,28.25907325744629
2015-05-14,28.918392181396484
2015-05-15,28.87803077697754
2015-05-18,29.196475982666016
2015-05-19,29.169570922851562
2015-05-20,29.167320251464844
2015-05-21,29.465591430664062
2015-05-22,29.723487854003906
2015-05-26,29.068649291992188
2015-05-27,29.611352920532227
2015-05-28,29.553054809570312
2015-05-29,29.21665382385254
2015-06-01,29.27497100830078
2015-06-02,29.144899368286133
2015-06-03,29.180782318115234
2015-06-04,29.01034164428711
2015-06-05,28.851118087768555
2015-06-08,28.66049575805664
2015-06-09,28.575275421142578
2015-06-10,28.902698516845703
2015-06-11,28.837656021118164
2015-06-12,28.519214630126953
2015-06-15,28.46314239501953
2015-06-16,28.615642547607422
2015-06-17,28.548362731933594
2015-06-18,28.678434371948242
2015-06-19,28.391387939453125
2015-06-22,28.617887496948242
2015-06-23,28.487812042236328
2015-06-24,28.730012893676758
2015-06-25,28.593217849731445
2015-06-26,28.425020217895508
2015-06-29,27.927162170410156
2015-06-30,28.128997802734375
2015-07-01,28.391387939453125
2015-07-02,28.355501174926758
2015-07-06,28.25682258605957
2015-07-07,28.187299728393555
2015-07-08,27.487613677978516
2015-07-09,26.92696189880371
2015-07-10,27.646835327148438
2015-07-13,28.180578231811523
2015-07-14,28.169363021850586
2015-07-15,28.44072151184082
2015-07-16,28.819721221923828
2015-07-17,29.068649291992188
2015-07-20,29.61809539794922
2015-07-21,29.322067260742188
2015-07-22,28.081905364990234
2015-07-23,28.06844711303711
2015-07-24,27.920438766479492
2015-07-27,27.53246307373047
2015-07-28,27.669261932373047
2015-07-29,27.581806182861328
2015-07-30,27.442760467529297
2015-07-31,27.202802658081055
2015-08-03,26.561412811279297
2015-08-04,25.709228515625
2015-08-05,25.879657745361328
2015-08-06,25.935983657836914
2015-08-07,26.023834228515625
2015-08-10,26.969999313354492
2015-08-11,25.5665340423584
2015-08-12,25.960763931274414
2015-08-13,25.940486907958984
2015-08-14,26.122966766357422
2015-08-17,26.393291473388672
2015-08-18,26.244611740112305
2015-08-19,25.908952713012695
2015-08-20,25.37729835510254
2015-08-21,23.825151443481445
2015-08-24,23.230422973632812
2015-08-25,23.37009048461914
2015-08-26,24.710487365722656
2015-08-27,25.438119888305664
2015-08-28,25.521472930908203
2015-08-31,25.402088165283203
2015-09-01,24.26668930053711
2015-09-02,25.307466506958008
2015-09-03,24.863670349121094
2015-09-04,24.61586570739746
2015-09-08,25.30069923400879
2015-09-09,24.814115524291992
2015-09-10,25.359281539916992
2015-09-11,25.728727340698242
2015-09-14,25.976531982421875
2015-09-15,26.195051193237305
2015-09-16,26.22433853149414
2015-09-17,25.663400650024414
2015-09-18,25.557519912719727
2015-09-21,25.954008102416992
2015-09-22,25.546260833740234
2015-09-23,25.75350570678711
2015-09-24,25.90670394897461
2015-09-25,25.841371536254883
2015-09-28,25.329988479614258
2015-09-29,24.56855583190918
2015-09-30,24.847902297973633
2015-10-01,24.685701370239258
2015-10-02,24.865922927856445
2015-10-05,24.956035614013672
2015-10-06,25.075428009033203
2015-10-07,24.956035614013672
2015-10-08,24.66767692565918
2015-10-09,25.25790786743164
2015-10-12,25.140756607055664
2015-10-13,25.183561325073242
2015-10-14,24.82762336730957
2015-10-15,25.19932746887207
2015-10-16,25.014612197875977
2015-10-19,25.170047760009766
2015-10-20,25.62961196899414
2015-10-21,25.627355575561523
2015-10-22,26.019329071044922
2015-10-23,26.82582664489746
2015-10-26,25.969772338867188
2015-10-27,25.805326461791992
2015-10-28,26.868621826171875
2015-10-29,27.1524715423584
2015-10-30,26.920433044433594
2015-11-02,27.298904418945312
2015-11-03,27.612037658691406
2015-11-04,27.483623504638672
2015-11-05,27.356935501098633
2015-11-06,27.388607025146484
2015-11-09,27.277755737304688
2015-11-10,26.418041229248047
2015-11-11,26.26871109008789
2015-11-12,26.18048667907715
2015-11-13,25.415794372558594
2015-11-16,25.832073211669922
2015-11-17,25.721216201782227
2015-11-18,26.53567886352539
2015-11-19,26.872779846191406
2015-11-20,26.990427017211914
2015-11-23,26.639755249023438
2015-11-24,26.895410537719727
2015-11-25,26.703100204467773
2015-11-27,26.65332794189453
2015-11-30,26.764183044433594
2015-12-01,26.546993255615234
2015-12-02,26.307178497314453
2015-12-03,26.062837600708008
2015-12-04,26.929340362548828
2015-12-07,26.759658813476562
2015-12-08,26.748348236083984
2015-12-09,26.157861709594727
2015-12-10,26.28229331970215
2015-12-11,25.6058349609375
2015-12-14,25.447473526000977
2015-12-15,24.99724769592285
2015-12-16,25.189550399780273
2015-12-17,24.6556339263916
2015-12-18,23.98821449279785
2015-12-21,24.28233528137207
2015-12-22,24.25971221923828
2015-12-23,24.57192039489746
2015-12-24,24.440702438354492
2015-12-28,24.166950225830078
2015-12-29,24.601327896118164
2015-12-30,24.280071258544922
2015-12-31,23.814016342163086
2016-01-04,23.83437728881836
2016-01-05,23.237102508544922
2016-01-06,22.78235626220703
2016-01-07,21.820850372314453
2016-01-08,21.93622398376465
2016-01-11,22.29142189025879
2016-01-12,22.614940643310547
2016-01-13,22.033510208129883
2016-01-14,22.51539421081543
2016-01-15,21.974693298339844
2016-01-19,21.868350982666016
2016-01-20,21.897764205932617
2016-01-21,21.786909103393555
2016-01-22,22.94525146484375
2016-01-25,22.497299194335938
2016-01-26,22.621726989746094
2016-01-27,21.135334014892578
2016-01-28,21.286916732788086
2016-01-29,22.02219009399414
2016-02-01,21.816314697265625
2016-02-02,21.375146865844727
2016-02-03,21.798213958740234
2016-02-04,21.973363876342773
2016-02-05,21.386505126953125
2016-02-08,21.611692428588867
2016-02-09,21.60714340209961
2016-02-10,21.4433650970459
2016-02-11,21.313711166381836
2016-02-12,21.379680633544922
2016-02-16,21.982467651367188
2016-02-17,22.31911849975586
2016-02-18,21.896028518676758
2016-02-19,21.84598159790039
2016-02-22,22.03705596923828
2016-02-23,21.538904190063477
2016-02-24,21.85962677001953
2016-02-25,22.009765625
2016-02-26,22.043880462646484
2016-02-29,21.993837356567383
2016-03-01,22.867307662963867
2016-03-02,22.9173526763916
2016-03-03,23.087961196899414
2016-03-04,23.43143653869629
2016-03-07,23.1721248626709
2016-03-08,22.98104476928711
2016-03-09,23.001523971557617
2016-03-10,23.01289176940918
2016-03-11,23.260835647583008
2016-03-14,23.319976806640625
2016-03-15,23.788557052612305
2016-03-16,24.104738235473633
2016-03-17,24.066070556640625
2016-03-18,24.09336280822754
2016-03-21,24.091087341308594
2016-03-22,24.27533721923828
2016-03-23,24.141132354736328
2016-03-24,24.036497116088867
2016-03-28,23.927309036254883
2016-03-29,24.493711471557617
2016-03-30,24.92134666442871
2016-03-31,24.791688919067383
2016-04-01,25.0191593170166
2016-04-04,25.27619743347168
2016-04-05,24.97821807861328
2016-04-06,25.23979949951172
2016-04-07,24.689327239990234
2016-04-08,24.716629028320312
2016-04-11,24.798513412475586
2016-04-12,25.121519088745117
2016-04-13,25.485469818115234
2016-04-14,25.499114990234375
2016-04-15,24.98731231689453
2016-04-18,24.448217391967773
2016-04-19,24.318561553955078
2016-04-20,24.36859893798828
2016-04-21,24.104738235473633
2016-04-22,24.038774490356445
2016-04-25,23.90228843688965
2016-04-26,23.736236572265625
2016-04-27,22.250873565673828
2016-04-28,21.57074737548828
2016-04-29,21.322803497314453
2016-05-02,21.30006217956543
2016-05-03,21.650360107421875
2016-05-04,21.425172805786133
2016-05-05,21.338205337524414
2016-05-06,21.219207763671875
2016-05-09,21.235218048095703
2016-05-10,21.379398345947266
2016-05-11,21.171144485473633
2016-05-12,20.674537658691406
2016-05-13,20.715736389160156
2016-05-16,21.484668731689453
2016-05-17,21.39542007446289
2016-05-18,21.640291213989258
2016-05-19,21.557903289794922
2016-05-20,21.791337966918945
2016-05-23,22.068246841430664
2016-05-24,22.4046573638916
2016-05-25,22.79828643798828
2016-05-26,22.979080200195312
2016-05-27,22.96534538269043
2016-05-31,22.853206634521484
2016-06-01,22.532812118530273
2016-06-02,22.363468170166016
2016-06-03,22.40923500061035
2016-06-06,22.57171630859375
2016-06-07,22.66326332092285
2016-06-08,22.642663955688477
2016-06-09,22.805152893066406
2016-06-10,22.617494583129883
2016-06-13,22.2764949798584
2016-06-14,22.303958892822266
2016-06-15,22.230730056762695
2016-06-16,22.324562072753906
2016-06-17,21.816509246826172
2016-06-20,21.763877868652344
2016-06-21,21.94924545288086
2016-06-22,21.86686134338379
2016-06-23,21.992727279663086
2016-06-24,21.37482261657715
2016-06-27,21.063587188720703
2016-06-28,21.418306350708008
2016-06-29,21.60367202758789
2016-06-30,21.8782901763916
2016-07-01,21.944664001464844
2016-07-05,21.73869514465332
2016-07-06,21.862274169921875
2016-07-07,21.956113815307617
2016-07-08,22.125463485717773
2016-07-11,22.19411849975586
2016-07-12,22.294803619384766
2016-07-13,22.1689395904541
2016-07-14,22.608335494995117
2016-07-15,22.606050491333008
2016-07-18,22.846343994140625
2016-07-19,22.855497360229492
2016-07-20,22.87609100341797
2016-07-21,22.754796981811523
2016-07-22,22.578584671020508
2016-07-25,22.2764949798584
2016-07-26,22.1231689453125
2016-07-27,23.560365676879883
2016-07-28,23.878467559814453
2016-07-29,23.848709106445312
2016-08-01,24.269805908203125
2016-08-02,23.910512924194336
2016-08-03,24.210308074951172
2016-08-04,24.35987091064453
2016-08-05,24.73031234741211
2016-08-08,24.935102462768555
2016-08-09,25.036333084106445
2016-08-10,24.849964141845703
2016-08-11,24.833850860595703
2016-08-12,24.891382217407227
2016-08-15,25.19049835205078
2016-08-16,25.1674861907959
2016-08-17,25.130674362182617
2016-08-18,25.09845733642578
2016-08-19,25.162885665893555
2016-08-22,24.967309951782227
2016-08-23,25.0455379486084
2016-08-24,24.85685920715332
2016-08-25,24.75101661682129
2016-08-26,24.606063842773438
2016-08-29,24.578449249267578
2016-08-30,24.389780044555664
2016-08-31,24.412784576416016
2016-09-01,24.557743072509766
2016-09-02,24.787841796875
2016-09-06,24.78093147277832
2016-09-07,24.93279457092285
2016-09-08,24.279329299926758
2016-09-09,23.729412078857422
2016-09-12,24.26091957092285
2016-09-13,24.83845329284668
2016-09-14,25.717409133911133
2016-09-15,26.59175682067871
2016-09-16,26.44219970703125
2016-09-19,26.133880615234375
2016-09-20,26.131574630737305
2016-09-21,26.126976013183594
2016-09-22,26.373170852661133
2016-09-23,25.93369483947754
2016-09-26,25.972810745239258
2016-09-27,26.02113151550293
2016-09-28,26.21901512145996
2016-09-29,25.81174659729004
2016-09-30,26.011926651000977
2016-10-03,25.88997459411621
2016-10-04,26.00042152404785
2016-10-05,26.011926651000977
2016-10-06,26.20520782470703
2016-10-07,26.244319915771484
2016-10-10,26.70220184326172
2016-10-11,26.759727478027344
2016-10-12,26.999019622802734
2016-10-13,26.916187286376953
2016-10-14,27.065753936767578
2016-10-17,27.047338485717773
2016-10-18,27.02893829345703
2016-10-19,26.948406219482422
2016-10-20,26.934600830078125
2016-10-21,26.82875633239746
2016-10-24,27.07035255432129
2016-10-25,27.208404541015625
2016-10-26,26.596364974975586
2016-10-27,26.340965270996094
2016-10-28,26.166091918945312
2016-10-31,26.124666213989258
2016-11-01,25.652982711791992
2016-11-02,25.675987243652344
2016-11-03,25.40077781677246
2016-11-04,25.171823501586914
2016-11-07,25.534910202026367
2016-11-08,25.68524169921875
2016-11-09,25.643611907958984
2016-11-10,24.928979873657227
2016-11-11,25.07699203491211
2016-11-14,24.44792366027832
2016-11-15,24.77171516418457
2016-11-16,25.437786102294922
2016-11-17,25.428525924682617
2016-11-18,25.45396614074707
2016-11-21,25.84020233154297
2016-11-22,25.85638999938965
2016-11-23,25.724559783935547
2016-11-25,25.854076385498047
2016-11-28,25.80319595336914
2016-11-29,25.777748107910156
2016-11-30,25.56035614013672
2016-12-01,25.322147369384766
2016-12-02,25.41697120666504
2016-12-05,25.2342586517334
2016-12-06,25.428525924682617
2016-12-07,25.678308486938477
2016-12-08,25.930389404296875
2016-12-09,26.353622436523438
2016-12-12,26.203296661376953
2016-12-13,26.640405654907227
2016-12-14,26.640405654907227
2016-12-15,26.786108016967773
2016-12-16,26.8207950592041
2016-12-19,26.975744247436523
2016-12-20,27.047435760498047
2016-12-21,27.07288360595703
2016-12-22,26.894805908203125
2016-12-23,26.947996139526367
2016-12-27,27.119138717651367
2016-12-28,27.003503799438477
2016-12-29,26.99656105041504
2016-12-30,26.786108016967773
2017-01-03,26.8624267578125
2017-01-04,26.83235740661621
2017-01-05,26.968814849853516
2017-01-06,27.269466400146484
2017-01-09,27.519243240356445
2017-01-10,27.54698944091797
2017-01-11,27.695009231567383
2017-01-12,27.57937240600586
2017-01-13,27.53080940246582
2017-01-17,27.752832412719727
2017-01-18,27.75052261352539
2017-01-19,27.701948165893555
2017-01-20,27.752832412719727
2017-01-23,27.771333694458008
2017-01-24,27.745893478393555
2017-01-25,28.187625885009766
2017-01-26,28.20149803161621
2017-01-27,28.203813552856445
2017-01-30,28.129806518554688
2017-01-31,28.06504249572754
2017-02-01,29.776470184326172
2017-02-02,29.725595474243164
2017-02-03,29.85279655456543
2017-02-06,30.13262939453125
2017-02-07,30.41941261291504
2017-02-08,30.537364959716797
2017-02-09,30.758026123046875
2017-02-10,30.688337326049805
2017-02-13,30.960102081298828
2017-02-14,31.36195182800293
2017-02-15,31.47576141357422
2017-02-16,31.4386043548584
2017-02-17,31.5245418548584
2017-02-21,31.75215721130371
2017-02-22,31.84739875793457
2017-02-23,31.712684631347656
2017-02-24,31.742876052856445
2017-02-27,31.805585861206055
2017-02-28,31.81951904296875
2017-03-01,32.46989822387695
2017-03-02,32.27711486816406
2017-03-03,32.46757125854492
2017-03-06,32.365386962890625
2017-03-07,32.40717697143555
2017-03-08,32.286399841308594
2017-03-09,32.212059020996094
2017-03-10,32.318912506103516
2017-03-13,32.33286666870117
2017-03-14,32.284080505371094
2017-03-15,32.62553405761719
2017-03-16,32.678958892822266
2017-03-17,32.516361236572266
2017-03-20,32.85780334472656
2017-03-21,32.48151779174805
2017-03-22,32.8485107421875
2017-03-23,32.73237609863281
2017-03-24,32.6673469543457
2017-03-27,32.723087310791016
2017-03-28,33.401336669921875
2017-03-29,33.47565841674805
2017-03-30,33.4315299987793
2017-03-31,33.36880111694336
2017-04-03,33.37809371948242
2017-04-04,33.62664031982422
2017-04-05,33.45242691040039
2017-04-06,33.36880111694336
2017-04-07,33.29448318481445
2017-04-10,33.2549934387207
2017-04-11,32.89729309082031
2017-04-12,32.9367790222168
2017-04-13,32.7625732421875
2017-04-17,32.94373321533203
2017-04-18,32.79740905761719
2017-04-19,32.6766242980957
2017-04-20,33.08543395996094
2017-04-21,33.04595184326172
2017-04-24,33.36417007446289
2017-04-25,33.57089614868164
2017-04-26,33.37345886230469
2017-04-27,33.39901351928711
2017-04-28,33.366493225097656
2017-05-01,34.04705810546875
2017-05-02,34.26306915283203
2017-05-03,34.1585578918457
2017-05-04,34.03544235229492
2017-05-05,34.599876403808594
2017-05-08,35.54059982299805
2017-05-09,35.768226623535156
2017-05-10,35.59866714477539
2017-05-11,35.906524658203125
2017-05-12,36.407989501953125
2017-05-15,36.3146858215332
2017-05-16,36.261051177978516
2017-05-17,35.04356384277344
2017-05-18,35.57766342163086
2017-05-19,35.69895553588867
2017-05-22,35.915870666503906
2017-05-23,35.87154006958008
2017-05-24,35.76426315307617
2017-05-25,35.88787841796875
2017-05-26,35.82724380493164
2017-05-30,35.84123229980469
2017-05-31,35.62897872924805
2017-06-01,35.72694778442383
2017-06-02,36.25638961791992
2017-06-05,35.90185546875
2017-06-06,36.023155212402344
2017-06-07,36.237728118896484
2017-06-08,36.149105072021484
2017-06-09,34.74736022949219
2017-06-12,33.917049407958984
2017-06-13,34.18991470336914
2017-06-14,33.85638427734375
2017-06-15,33.653465270996094
2017-06-16,33.182350158691406
2017-06-19,34.13161849975586
2017-06-20,33.8214111328125
2017-06-21,34.021995544433594
2017-06-22,33.96601867675781
2017-06-23,34.11763000488281
2017-06-26,34.01032638549805
2017-06-27,33.52287673950195
2017-06-28,34.01265335083008
2017-06-29,33.51121139526367
2017-06-30,33.590511322021484
2017-07-03,33.469215393066406
2017-07-05,33.60683059692383
2017-07-06,33.28963088989258
2017-07-07,33.6278076171875
2017-07-10,33.83306121826172
2017-07-11,33.942684173583984
2017-07-12,33.99167251586914
2017-07-13,34.465145111083984
2017-07-14,34.761356353759766
2017-07-17,34.882625579833984
2017-07-18,35.003910064697266
2017-07-19,35.223148345947266
2017-07-20,35.06455993652344
2017-07-21,35.0482292175293
2017-07-24,35.47270965576172
2017-07-25,35.624324798583984
2017-07-26,35.79225158691406
2017-07-27,35.1158561706543
2017-07-28,34.868629455566406
2017-07-31,34.689048767089844
2017-08-01,34.996917724609375
2017-08-02,36.650550842285156
2017-08-03,36.28437042236328
2017-08-04,36.47562789916992
2017-08-07,37.04005432128906
2017-08-08,37.33626937866211
2017-08-09,37.56483459472656
2017-08-10,36.36833190917969
2017-08-11,36.874080657958984
2017-08-14,37.42903137207031
2017-08-15,37.83878707885742
2017-08-16,37.68659973144531
2017-08-17,36.963077545166016
2017-08-18,36.87876892089844
2017-08-21,36.81086349487305
2017-08-22,37.41264724731445
2017-08-23,37.459468841552734
2017-08-24,37.29322052001953
2017-08-25,37.431373596191406
2017-08-28,37.808345794677734
2017-08-29,38.145530700683594
2017-08-30,38.248558044433594
2017-08-31,38.400753021240234
2017-09-01,38.412452697753906
2017-09-05,37.9511833190918
2017-09-06,37.911380767822266
2017-09-07,37.75917434692383
2017-09-08,37.14336395263672
2017-09-11,37.81537628173828
2017-09-12,37.6655158996582
2017-09-13,37.382198333740234
2017-09-14,37.061405181884766
2017-09-15,37.436058044433594
2017-09-18,37.1527214050293
2017-09-19,37.16677474975586
2017-09-20,36.54393768310547
2017-09-21,35.916404724121094
2017-09-22,35.565185546875
2017-09-25,35.251426696777344
2017-09-26,35.857887268066406
2017-09-27,36.113094329833984
2017-09-28,35.890655517578125
2017-09-29,36.08734130859375
2017-10-02,36.01476287841797
2017-10-03,36.171630859375
2017-10-04,35.937477111816406
2017-10-05,36.38471221923828
2017-10-06,36.36362838745117
2017-10-09,36.490074157714844
2017-10-10,36.50413131713867
2017-10-11,36.656333923339844
2017-10-12,36.52756118774414
2017-10-13,36.75935363769531
2017-10-16,37.436058044433594
2017-10-17,37.574195861816406
2017-10-18,37.40795135498047
2017-10-19,36.52286148071289
2017-10-20,36.58608627319336
2017-10-23,36.567352294921875
2017-10-24,36.78511047363281
2017-10-25,36.62355041503906
2017-10-26,36.857688903808594
2017-10-27,38.17831802368164
2017-10-30,39.03763961791992
2017-10-31,39.58088302612305
2017-11-01,39.07745361328125
2017-11-02,39.36311340332031
2017-11-03,40.39103698730469
2017-11-06,40.80079650878906
2017-11-07,40.93192672729492
2017-11-08,41.26677322387695
2017-11-09,41.18247604370117
2017-11-10,41.046165466308594
2017-11-13,40.88167190551758
2017-11-14,40.26365661621094
2017-11-15,39.7325553894043
2017-11-16,40.207244873046875
2017-11-17,39.9839973449707
2017-11-20,39.944053649902344
2017-11-21,40.6866340637207
2017-11-22,41.11431121826172
2017-11-24,41.116668701171875
2017-11-27,40.90988540649414
2017-11-28,40.67018508911133
2017-11-29,39.82655334472656
2017-11-30,40.38348388671875
2017-12-01,40.195499420166016
2017-12-04,39.901756286621094
2017-12-05,39.864158630371094
2017-12-06,39.71611022949219
2017-12-07,39.78895950317383
2017-12-08,39.80070495605469
2017-12-11,40.57617950439453
2017-12-12,40.348243713378906
2017-12-13,40.48219299316406
2017-12-14,40.47044372558594
2017-12-15,40.88167190551758
2017-12-18,41.4574089050293
2017-12-19,41.01561737060547
2017-12-20,40.97097396850586
2017-12-21,41.12607192993164
2017-12-22,41.12607192993164
2017-12-26,40.082698822021484
2017-12-27,40.08974838256836
2017-12-28,40.20255661010742
2017-12-29,39.767826080322266
2018-01-02,40.47984313964844
2018-01-03,40.472782135009766
2018-01-04,40.66078567504883
2018-01-05,41.123722076416016
2018-01-08,40.97097396850586
2018-01-09,40.966278076171875
2018-01-10,40.95685958862305
2018-01-11,41.18952178955078
2018-01-12,41.61484909057617
2018-01-16,41.403350830078125
2018-01-17,42.08717727661133
2018-01-18,42.12478256225586
2018-01-19,41.93679428100586
2018-01-22,41.59370040893555
2018-01-23,41.60309600830078
2018-01-24,40.940425872802734
2018-01-25,40.209590911865234
2018-01-26,40.3035888671875
2018-01-29,39.4693717956543
2018-01-30,39.236732482910156
2018-01-31,39.34482192993164
2018-02-01,39.42707824707031
2018-02-02,37.71632766723633
2018-02-05,36.774009704589844
2018-02-06,38.31085205078125
2018-02-07,37.49072265625
2018-02-08,36.4591178894043
2018-02-09,36.905052185058594
2018-02-12,38.39154815673828
2018-02-13,38.776145935058594
2018-02-14,39.49107360839844
2018-02-15,40.8171272277832
2018-02-16,40.684993743896484
2018-02-20,40.548152923583984
2018-02-21,40.364105224609375
2018-02-22,40.701499938964844
2018-02-23,41.40935134887695
2018-02-26,42.22810745239258
2018-02-27,42.09126281738281
2018-02-28,42.02754592895508
2018-03-01,41.2913932800293
2018-03-02,41.57689666748047
2018-03-05,41.7208137512207
2018-03-06,41.685420989990234
2018-03-07,41.2984619140625
2018-03-08,41.7491340637207
2018-03-09,42.46641159057617
2018-03-12,42.87697219848633
2018-03-13,42.46406173706055
2018-03-14,42.10306167602539
2018-03-15,42.15260314941406
2018-03-16,42.00395202636719
2018-03-19,41.36217498779297
2018-03-20,41.3480110168457
2018-03-21,40.411285400390625
2018-03-22,39.840293884277344
2018-03-23,38.9177131652832
2018-03-26,40.76520538330078
2018-03-27,39.71996307373047
2018-03-28,39.28108596801758
2018-03-29,39.58781433105469
2018-04-02,39.32826614379883
2018-04-03,39.731754302978516
2018-04-04,40.491519927978516
2018-04-05,40.772300720214844
2018-04-06,39.729393005371094
2018-04-09,40.123435974121094
2018-04-10,40.87847900390625
2018-04-11,40.68736267089844
2018-04-12,41.08846664428711
2018-04-13,41.22768783569336
2018-04-16,41.4848747253418
2018-04-17,42.05587387084961
2018-04-18,41.96148681640625
2018-04-19,40.772300720214844
2018-04-20,39.10176086425781
2018-04-23,38.98851776123047
2018-04-24,38.44581985473633
2018-04-25,38.613346099853516
2018-04-26,38.74782943725586
2018-04-27,38.299537658691406
2018-04-30,38.99321746826172
2018-05-01,39.8992805480957
2018-05-02,41.66183090209961
2018-05-03,41.73733139038086
2018-05-04,43.37483215332031
2018-05-07,43.68864440917969
2018-05-08,43.89863204956055
2018-05-09,44.207740783691406
2018-05-10,44.84007263183594
2018-05-11,44.6695442199707
2018-05-14,44.56533432006836
2018-05-15,44.160301208496094
2018-05-16,44.572425842285156
2018-05-17,44.290565490722656
2018-05-18,44.129512786865234
2018-05-21,44.44215393066406
2018-05-22,44.330841064453125
2018-05-23,44.61505889892578
2018-05-24,44.56533432006836
2018-05-25,44.667171478271484
2018-05-29,44.506107330322266
2018-05-30,44.41136932373047
2018-05-31,44.26213455200195
2018-06-01,45.06035614013672
2018-06-04,45.436981201171875
2018-06-05,45.787513732910156
2018-06-06,45.94622039794922
2018-06-07,45.82305145263672
2018-06-08,45.40617370605469
2018-06-11,45.29484939575195
2018-06-12,45.543556213378906
2018-06-13,45.1693229675293
2018-06-14,45.19301223754883
2018-06-15,44.728763580322266
2018-06-18,44.705081939697266
2018-06-19,43.98264694213867
2018-06-20,44.174503326416016
2018-06-21,43.92817306518555
2018-06-22,43.80027389526367
2018-06-25,43.14890670776367
2018-06-26,43.6842041015625
2018-06-27,43.62025451660156
2018-06-28,43.93764114379883
2018-06-29,43.845272064208984
2018-07-02,44.3355712890625
2018-07-03,43.56340408325195
2018-07-05,43.913963317871094
2018-07-06,44.52268981933594
2018-07-09,45.14088821411133
2018-07-10,45.08643341064453
2018-07-11,44.501373291015625
2018-07-12,45.24748229980469
2018-07-13,45.318546295166016
2018-07-16,45.21906280517578
2018-07-17,45.346961975097656
2018-07-18,45.098262786865234
2018-07-19,45.44881820678711
2018-07-20,45.34459686279297
2018-07-23,45.38486862182617
2018-07-24,45.71410369873047
2018-07-25,46.14517593383789
2018-07-26,46.00069808959961
2018-07-27,45.235633850097656
2018-07-30,44.982208251953125
2018-07-31,45.07220458984375
2018-08-01,47.727413177490234
2018-08-02,49.122535705566406
2018-08-03,49.2646369934082
2018-08-06,49.520442962646484
2018-08-07,49.05619430541992
2018-08-08,49.08937072753906
2018-08-09,49.47543716430664
2018-08-10,49.32807922363281
2018-08-13,49.646583557128906
2018-08-14,49.85575866699219
2018-08-15,49.972225189208984
2018-08-16,50.704315185546875
2018-08-17,51.71686935424805
2018-08-20,51.21297836303711
2018-08-21,51.11313247680664
2018-08-22,51.11552047729492
2018-08-23,51.22010040283203
2018-08-24,51.37934112548828
2018-08-27,51.80244827270508
2018-08-28,52.22077941894531
2018-08-29,53.00040817260742
2018-08-30,53.4876708984375
2018-08-31,54.10567855834961
2018-09-04,54.279197692871094
2018-09-05,53.925018310546875
2018-09-06,53.0289306640625
2018-09-07,52.60108184814453
2018-09-10,51.8951416015625
2018-09-11,53.207191467285156
2018-09-12,52.54642868041992
2018-09-13,53.81569290161133
2018-09-14,53.204811096191406
2018-09-17,51.788177490234375
2018-09-18,51.873748779296875
2018-09-19,51.90465545654297
2018-09-20,52.299224853515625
2018-09-21,51.73588943481445
2018-09-24,52.47986602783203
2018-09-25,52.8126335144043
2018-09-26,52.39191436767578
2018-09-27,53.468658447265625
2018-09-28,53.656436920166016
2018-10-01,54.01772689819336
2018-10-02,54.49786376953125
2018-10-03,55.16102981567383
2018-10-04,54.19123458862305
2018-10-05,53.31178665161133
2018-10-08,53.18818283081055
2018-10-09,53.925018310546875
2018-10-10,51.4268913269043
2018-10-11,50.97291564941406
2018-10-12,52.793617248535156
2018-10-15,51.664588928222656
2018-10-16,52.803138732910156
2018-10-17,52.574951171875
2018-10-18,51.3460807800293
2018-10-19,52.128089904785156
2018-10-22,52.44658660888672
2018-10-23,52.940982818603516
2018-10-24,51.12501907348633
2018-10-25,52.24455261230469
2018-10-26,51.41263961791992
2018-10-29,50.44760513305664
2018-10-30,50.699546813964844
2018-10-31,52.02112579345703
2018-11-01,52.819759368896484
2018-11-02,49.31618881225586
2018-11-05,47.91618728637695
2018-11-06,48.434356689453125
2018-11-07,49.903282165527344
2018-11-08,49.72917938232422
2018-11-09,48.770320892333984
2018-11-12,46.31355285644531
2018-11-13,45.85082244873047
2018-11-14,44.5556526184082
2018-11-15,45.65523147583008
2018-11-16,46.1609001159668
2018-11-19,44.331451416015625
2018-11-20,42.213382720947266
2018-11-21,42.165679931640625
2018-11-23,41.094722747802734
2018-11-26,41.65047836303711
2018-11-27,41.55984878540039
2018-11-28,43.15792465209961
2018-11-29,42.82640075683594
2018-11-30,42.59501266479492
2018-12-03,44.08340072631836
2018-12-04,42.14421844482422
2018-12-06,41.67434310913086
2018-12-07,40.18834686279297
2018-12-10,40.45310974121094
2018-12-11,40.221744537353516
2018-12-12,40.3338508605957
2018-12-13,40.77511215209961
2018-12-14,39.47039794921875
2018-12-17,39.10308837890625
2018-12-18,39.61113739013672
2018-12-19,38.37559509277344
2018-12-20,37.407196044921875
2018-12-21,35.95222473144531
2018-12-24,35.0219841003418
2018-12-26,37.4882926940918
2018-12-27,37.24500274658203
2018-12-28,37.26408004760742
2018-12-31,37.62425231933594
2019-01-02,37.667179107666016
2019-01-03,33.91525650024414
2019-01-04,35.363075256347656
2019-01-07,35.284358978271484
2019-01-08,35.956974029541016
2019-01-09,36.56760787963867
2019-01-10,36.68446731567383
2019-01-11,36.32431411743164
2019-01-14,35.778099060058594
2019-01-15,36.51036834716797
2019-01-16,36.95639419555664
2019-01-17,37.17583084106445
2019-01-18,37.404815673828125
2019-01-22,36.565223693847656
2019-01-23,36.713104248046875
2019-01-24,36.42210006713867
2019-01-25,37.6290168762207
2019-01-28,37.28078079223633
2019-01-29,36.894371032714844
2019-01-30,39.4155387878418
2019-01-31,39.699371337890625
2019-02-01,39.71846389770508
2019-02-04,40.846649169921875
2019-02-05,41.5455207824707
2019-02-06,41.55984878540039
2019-02-07,40.772727966308594
2019-02-08,40.82063674926758
2019-02-11,40.58587646484375
2019-02-12,40.93560791015625
2019-02-13,40.76552963256836
2019-02-14,40.91405487060547
2019-02-15,40.823028564453125
2019-02-19,40.9451904296875
2019-02-20,41.20868682861328
2019-02-21,40.97633361816406
2019-02-22,41.433868408203125
2019-02-25,41.73568344116211
2019-02-26,41.759639739990234
2019-02-27,41.888999938964844
2019-02-28,41.47697067260742
2019-03-01,41.91294479370117
2019-03-04,42.12374496459961
2019-03-05,42.04710006713867
2019-03-06,41.80515670776367
2019-03-07,41.3212776184082
2019-03-08,41.41948699951172
2019-03-11,42.8543586730957
2019-03-12,43.33584213256836
2019-03-13,43.52747344970703
2019-03-14,44.011356353759766
2019-03-15,44.583866119384766
2019-03-18,45.03899002075195
2019-03-19,44.68207550048828
2019-03-20,45.07252502441406
2019-03-21,46.73256301879883
2019-03-22,45.764801025390625
2019-03-25,45.21147537231445
2019-03-26,44.744354248046875
2019-03-27,45.14678192138672
2019-03-28,45.20668029785156
2019-03-29,45.50131607055664
2019-04-01,45.810325622558594
2019-04-02,46.476261138916016
2019-04-03,46.79485321044922
2019-04-04,46.87629318237305
2019-04-05,47.190093994140625
2019-04-08,47.93267822265625
2019-04-09,47.78895568847656
2019-04-10,48.057247161865234
2019-04-11,47.65721130371094
2019-04-12,47.638038635253906
2019-04-15,47.724281311035156
2019-04-16,47.729068756103516
2019-04-17,48.65849304199219
2019-04-18,48.8333625793457
2019-04-22,48.99384689331055
2019-04-23,49.700504302978516
2019-04-24,49.62385559082031
2019-04-25,49.17350769042969
2019-04-26,48.93876647949219
2019-04-29,49.01302719116211
2019-04-30,48.0692138671875
2019-05-01,50.42872619628906
2019-05-02,50.10054397583008
2019-05-03,50.72336196899414
2019-05-06,49.94005584716797
2019-05-07,48.59381866455078
2019-05-08,48.603397369384766
2019-05-09,48.081207275390625
2019-05-10,47.415103912353516
2019-05-13,44.65936279296875
2019-05-14,45.3663444519043
2019-05-15,45.90979766845703
2019-05-16,45.70780563354492
2019-05-17,45.448097229003906
2019-05-20,44.026939392089844
2019-05-21,44.870975494384766
2019-05-22,43.95240020751953
2019-05-23,43.202152252197266
2019-05-24,43.036224365234375
2019-05-28,42.858280181884766
2019-05-29,42.653873443603516
2019-05-30,42.87510299682617
2019-05-31,42.09840774536133
2019-06-03,41.67277145385742
2019-06-04,43.19733810424805
2019-06-05,43.89467239379883
2019-06-06,44.53913497924805
2019-06-07,45.72463607788086
2019-06-10,46.308963775634766
2019-06-11,46.84519958496094
2019-06-12,46.696109771728516
2019-06-13,46.68649673461914
2019-06-14,46.347434997558594
2019-06-17,46.623985290527344
2019-06-18,47.72050094604492
2019-06-19,47.581031799316406
2019-06-20,47.96337890625
2019-06-21,47.79985427856445
2019-06-24,47.75175857543945
2019-06-25,47.0279541015625
2019-06-26,48.045135498046875
2019-06-27,48.03070068359375
2019-06-28,47.593055725097656
2019-07-01,48.465946197509766
2019-07-02,48.749691009521484
2019-07-03,49.153682708740234
2019-07-05,49.11040115356445
2019-07-08,48.09803009033203
2019-07-09,48.39140319824219
2019-07-10,48.86992263793945
2019-07-11,48.51403045654297
2019-07-12,48.88676071166992
2019-07-15,49.346046447753906
2019-07-16,49.175323486328125
2019-07-17,48.898773193359375
2019-07-18,49.45426940917969
2019-07-19,48.71601867675781
2019-07-22,49.82938766479492
2019-07-23,50.21893310546875
2019-07-24,50.178070068359375
2019-07-25,49.781288146972656
2019-07-26,49.954437255859375
2019-07-29,50.42093276977539
2019-07-30,50.20451736450195
2019-07-31,51.228904724121094
2019-08-01,50.12034606933594
2019-08-02,49.059898376464844
2019-08-05,46.49171829223633
2019-08-06,47.371822357177734
2019-08-07,47.86237335205078
2019-08-08,48.918025970458984
2019-08-09,48.514923095703125
2019-08-12,48.391815185546875
2019-08-13,50.44112014770508
2019-08-14,48.93975067138672
2019-08-15,48.695953369140625
2019-08-16,49.84491729736328
2019-08-19,50.774234771728516
2019-08-20,50.776649475097656
2019-08-21,51.32699203491211
2019-08-22,51.283546447753906
2019-08-23,48.91319274902344
2019-08-26,49.842506408691406
2019-08-27,49.28009033203125
2019-08-28,49.610774993896484
2019-08-29,50.45078659057617
2019-08-30,50.38561248779297
2019-09-03,49.651817321777344
2019-09-04,50.494232177734375
2019-09-05,51.48147964477539
2019-09-06,51.47664260864258
2019-09-09,51.69630813598633
2019-09-10,52.30699157714844
2019-09-11,53.970096588134766
2019-09-12,53.84941101074219
2019-09-13,52.801822662353516
2019-09-16,53.07939529418945
2019-09-17,53.272518157958984
2019-09-18,53.77216720581055
2019-09-19,53.33527755737305
2019-09-20,52.55561447143555
2019-09-23,52.79458236694336
2019-09-24,52.543548583984375
2019-09-25,53.35216522216797
2019-09-26,53.07698059082031
2019-09-27,52.8187141418457
2019-09-30,54.06182098388672
2019-10-01,54.21147918701172
2019-10-02,52.85251998901367
2019-10-03,53.301475524902344
2019-10-04,54.795623779296875
2019-10-07,54.80768585205078
2019-10-08,54.16560745239258
2019-10-09,54.800445556640625
2019-10-10,55.53907012939453
2019-10-11,57.01631164550781
2019-10-14,56.93423080444336
2019-10-15,56.801483154296875
2019-10-16,56.572174072265625
2019-10-17,56.79182434082031
2019-10-18,57.0645866394043
2019-10-21,58.05424499511719
2019-10-22,57.92148971557617
2019-10-23,58.69872283935547
2019-10-24,58.7952766418457
2019-10-25,59.51941680908203
2019-10-28,60.11562728881836
2019-10-29,58.725276947021484
2019-10-30,58.71802520751953
2019-10-31,60.04561996459961
2019-11-01,61.74977493286133
2019-11-04,62.15528869628906
2019-11-05,62.065982818603516
2019-11-06,62.092529296875
2019-11-07,62.80915832519531
2019-11-08,62.98105239868164
2019-11-11,63.47976303100586
2019-11-12,63.42167282104492
2019-11-13,64.02936553955078
2019-11-14,63.58631896972656
2019-11-15,64.34168243408203
2019-11-18,64.66609191894531
2019-11-19,64.469970703125
2019-11-20,63.7194709777832
2019-11-21,63.43379592895508
2019-11-22,63.37810134887695
2019-11-25,64.4893569946289
2019-11-26,63.98577880859375
2019-11-27,64.84527587890625
2019-11-29,64.70242309570312
2019-12-02,63.954307556152344
2019-12-03,62.813995361328125
2019-12-04,63.3684196472168
2019-12-05,64.29808807373047
2019-12-06,65.54010772705078
2019-12-09,64.62251281738281
2019-12-10,65.00020599365234
2019-12-11,65.55461883544922
2019-12-12,65.72167205810547
2019-12-13,66.61502838134766
2019-12-16,67.75533294677734
2019-12-17,67.88851165771484
2019-12-18,67.72628784179688
2019-12-19,67.7940902709961
2019-12-20,67.65367126464844
2019-12-23,68.75765991210938
2019-12-24,68.82303619384766
2019-12-26,70.18850708007812
2019-12-27,70.16187286376953
2019-12-30,70.5782699584961
2019-12-31,71.09396362304688
2020-01-02,72.71607971191406
2020-01-03,72.00912475585938
2020-01-06,72.58291625976562
2020-01-07,72.24153900146484
2020-01-08,73.40365600585938
2020-01-09,74.96278381347656
2020-01-10,75.13225555419922
2020-01-13,76.73741912841797
2020-01-14,75.70121002197266
2020-01-15,75.37680053710938
2020-01-16,76.32099151611328
2020-01-17,77.16596221923828
2020-01-21,76.64301300048828
2020-01-22,76.91658020019531
2020-01-23,77.28699493408203
2020-01-24,77.06425476074219
2020-01-27,74.79818725585938
2020-01-28,76.91417694091797
2020-01-29,78.52416229248047
2020-01-30,78.41036224365234
2020-01-31,74.93376922607422
2020-02-03,74.72796630859375
2020-02-04,77.19499969482422
2020-02-05,77.82447052001953
2020-02-06,78.73480987548828
2020-02-07,77.66456604003906
2020-02-10,78.0334243774414
2020-02-11,77.5626449584961
2020-02-12,79.4045639038086
2020-02-13,78.83912658691406
2020-02-14,78.8585433959961
2020-02-18,77.41461181640625
2020-02-19,78.53579711914062
2020-02-20,77.73008728027344
2020-02-21,75.97065734863281
2020-02-24,72.36204528808594
2020-02-25,69.91097259521484
2020-02-26,71.0199966430664
2020-02-27,66.3775634765625
2020-02-28,66.33873748779297
2020-03-02,72.51493072509766
2020-03-03,70.21188354492188
2020-03-04,73.46864318847656
2020-03-05,71.0855484008789
2020-03-06,70.1415023803711
2020-03-09,64.59387969970703
2020-03-10,69.24602508544922
2020-03-11,66.84107971191406
2020-03-12,60.240211486816406
2020-03-13,67.4574966430664
2020-03-16,58.7792854309082
2020-03-17,61.36381530761719
2020-03-18,59.861637115478516
2020-03-19,59.402976989746094
2020-03-20,55.63173294067383
2020-03-23,54.44988250732422
2020-03-24,59.912601470947266
2020-03-25,59.582550048828125
2020-03-26,62.71796417236328
2020-03-27,60.121299743652344
2020-03-30,61.83704376220703
2020-03-31,61.71084213256836
2020-04-01,58.463809967041016
2020-04-02,59.43936538696289
2020-04-03,58.585147857666016
2020-04-06,63.695953369140625
2020-04-07,62.958229064941406
2020-04-08,64.56961822509766
2020-04-09,65.03555297851562
2020-04-13,66.31204223632812
2020-04-14,69.66099548339844
2020-04-15,69.02518463134766
2020-04-16,69.57365417480469
2020-04-17,68.62962341308594
2020-04-20,67.2051010131836
2020-04-21,65.12775421142578
2020-04-22,67.00367736816406
2020-04-23,66.7440185546875
2020-04-24,68.67088317871094
2020-04-27,68.71942138671875
2020-04-28,67.60552215576172
2020-04-29,69.82603454589844
2020-04-30,71.29910278320312
2020-05-01,70.15122985839844
2020-05-04,71.14378356933594
2020-05-05,72.21158599853516
2020-05-06,72.95660400390625
2020-05-07,73.71131896972656
2020-05-08,75.46577453613281
2020-05-11,76.65325164794922
2020-05-12,75.77725982666016
2020-05-13,74.86229705810547
2020-05-14,75.32220458984375
2020-05-15,74.87690734863281
2020-05-18,76.64110565185547
2020-05-19,76.19821166992188
2020-05-20,77.68014526367188
2020-05-21,77.10098266601562
2020-05-22,77.59739685058594
2020-05-26,77.07181549072266
2020-05-27,77.40760040283203
2020-05-28,77.44165802001953
2020-05-29,77.36621856689453
2020-06-01,78.31767272949219
2020-06-02,78.68022918701172
2020-06-03,79.1133804321289
2020-06-04,78.43204498291016
2020-06-05,80.66587829589844
2020-06-08,81.14280700683594
2020-06-09,83.70512390136719
2020-06-10,85.85865783691406
2020-06-11,81.73655700683594
2020-06-12,82.44220733642578
2020-06-15,83.46179962158203
2020-06-16,85.67372131347656
2020-06-17,85.55448150634766
2020-06-18,85.58853912353516
2020-06-19,85.09945678710938
2020-06-22,87.32596588134766
2020-06-23,89.1899185180664
2020-06-24,87.61553192138672
2020-06-25,88.7786865234375
2020-06-26,86.05089569091797
2020-06-29,88.03408813476562
2020-06-30,88.76895904541016
2020-07-01,88.60104370117188
2020-07-02,88.60104370117188
2020-07-06,90.97113800048828
2020-07-07,90.68888092041016
2020-07-08,92.80101776123047
2020-07-09,93.2000961303711
2020-07-10,93.36314392089844
2020-07-13,92.93244171142578
2020-07-14,94.47032928466797
2020-07-15,95.1200180053711
2020-07-16,93.94956970214844
2020-07-17,93.759765625
2020-07-20,95.73565673828125
2020-07-21,94.41434478759766
2020-07-22,94.67958068847656
2020-07-23,90.37010192871094
2020-07-24,90.146240234375
2020-07-27,92.28273010253906
2020-07-28,90.76675415039062
2020-07-29,92.50659942626953
2020-07-30,93.62594604492188
2020-07-31,103.42752838134766
2020-08-03,106.03364562988281
2020-08-04,106.74174499511719
2020-08-05,107.1286392211914
2020-08-06,110.8663101196289
2020-08-07,108.34565734863281
2020-08-10,109.92044830322266
2020-08-11,106.65141296386719
2020-08-12,110.1959228515625
2020-08-13,112.1461181640625
2020-08-14,112.0461654663086
2020-08-17,111.75363159179688
2020-08-18,112.68486785888672
2020-08-19,112.82622528076172
2020-08-20,115.3298110961914
2020-08-21,121.27302551269531
2020-08-24,122.7234878540039
2020-08-25,121.7166976928711
2020-08-26,123.3719482421875
2020-08-27,121.8970947265625
2020-08-28,121.69963073730469
2020-08-31,125.82675170898438
2020-09-01,130.83876037597656
2020-09-02,128.12796020507812
2020-09-03,117.86994171142578
2020-09-04,117.94792938232422
2020-09-08,110.01063537597656
2020-09-09,114.39857482910156
2020-09-10,110.66395568847656
2020-09-11,109.2110595703125
2020-09-14,112.48738861083984
2020-09-15,112.66291809082031
2020-09-16,109.33781433105469
2020-09-17,107.59239196777344
2020-09-18,104.17955017089844
2020-09-21,107.33887481689453
2020-09-22,109.02578735351562
2020-09-23,104.45256805419922
2020-09-24,105.52519226074219
2020-09-25,109.48407745361328
2020-09-28,112.09736633300781
2020-09-29,111.24899291992188
2020-09-30,112.92618560791016
2020-10-01,113.88178253173828
2020-10-02,110.20565032958984
2020-10-05,113.5989990234375
2020-10-06,110.34219360351562
2020-10-07,112.21437072753906
2020-10-08,112.10709381103516
2020-10-09,114.05731201171875
2020-10-12,121.30227661132812
2020-10-13,118.0844497680664
2020-10-14,118.1722183227539
2020-10-15,117.70416259765625
2020-10-16,116.05624389648438
2020-10-19,113.09193420410156
2020-10-20,114.58385467529297
2020-10-21,113.95979309082031
2020-10-22,112.86766052246094
2020-10-23,112.17536163330078
2020-10-26,112.18511199951172
2020-10-27,113.6965103149414
2020-10-28,108.43098449707031
2020-10-29,112.4483871459961
2020-10-30,106.14926147460938
2020-11-02,106.06148529052734
2020-11-03,107.68990325927734
2020-11-04,112.08760070800781
2020-11-05,116.06600189208984
2020-11-06,115.93415069580078
2020-11-09,113.6191635131836
2020-11-10,113.27729797363281
2020-11-11,116.71556854248047
2020-11-12,116.44206237792969
2020-11-13,116.49089813232422
2020-11-16,117.50674438476562
2020-11-17,116.61790466308594
2020-11-18,115.28946685791016
2020-11-19,115.88529968261719
2020-11-20,114.615478515625
2020-11-23,111.2065200805664
2020-11-24,112.49586486816406
2020-11-25,113.33589935302734
2020-11-27,113.88290405273438
2020-11-30,116.28579711914062
2020-12-01,119.87056732177734
2020-12-02,120.22222137451172
2020-12-03,120.08545684814453
2020-12-04,119.4114761352539
2020-12-07,120.87665557861328
2020-12-08,121.49202728271484
2020-12-09,118.952392578125
2020-12-10,120.37849426269531
2020-12-11,119.56775665283203
2020-12-14,118.952392578125
2020-12-15,124.91077423095703
2020-12-16,124.84236907958984
2020-12-17,125.71173095703125
2020-12-18,123.71910095214844
2020-12-21,125.25263977050781
2020-12-22,128.81785583496094
2020-12-23,127.91926574707031
2020-12-24,128.9058074951172
2020-12-28,133.5162353515625
2020-12-29,131.7384490966797
2020-12-30,130.61517333984375
2020-12-31,129.60906982421875
2021-01-04,126.40519714355469
2021-01-05,127.96809387207031
2021-01-06,123.66047668457031
2021-01-07,127.88017272949219
2021-01-08,128.98391723632812
2021-01-11,125.98519897460938
2021-01-12,125.80939483642578
2021-01-13,127.85087585449219
2021-01-14,125.9168472290039
2021-01-15,124.18794250488281
2021-01-19,124.86192321777344
2021-01-20,128.96438598632812
2021-01-21,133.69203186035156
2021-01-22,135.84092712402344
2021-01-25,139.60154724121094
2021-01-26,139.83596801757812
2021-01-27,138.76150512695312
2021-01-28,133.90692138671875
2021-01-29,128.8960418701172
2021-02-01,131.025390625
2021-02-02,131.85568237304688
2021-02-03,130.83004760742188
2021-02-04,134.199951171875
2021-02-05,133.78419494628906
2021-02-08,133.93092346191406
2021-02-09,133.05052185058594
2021-02-10,132.44400024414062
2021-02-11,132.18968200683594
2021-02-12,132.42445373535156
2021-02-16,130.29188537597656
2021-02-17,127.99298858642578
2021-02-18,126.8875961303711
2021-02-19,127.04412841796875
2021-02-22,123.25830841064453
2021-02-23,123.12137603759766
2021-02-24,122.6224594116211
2021-02-25,118.35733032226562
2021-02-26,118.62147521972656
2021-03-01,125.0093765258789
2021-03-02,122.39746856689453
2021-03-03,119.404052734375
2021-03-04,117.51603698730469
2021-03-05,118.77798461914062
2021-03-08,113.82807159423828
2021-03-09,118.45515441894531
2021-03-10,117.36932373046875
2021-03-11,119.30622863769531
2021-03-12,118.3964614868164
2021-03-15,121.29204559326172
2021-03-16,122.83768463134766
2021-03-17,122.04529571533203
2021-03-18,117.9073486328125
2021-03-19,117.37910461425781
2021-03-22,120.70513153076172
2021-03-23,119.87360382080078
2021-03-24,117.4769287109375
2021-03-25,117.96602630615234
2021-03-26,118.57255554199219
2021-03-29,118.74861907958984
2021-03-30,117.29106140136719
2021-03-31,119.49209594726562
2021-04-01,120.3236083984375
2021-04-05,123.16049194335938
2021-04-06,123.46376037597656
2021-04-07,125.11698150634766
2021-04-08,127.52342224121094
2021-04-09,130.10601806640625
2021-04-12,128.3843231201172
2021-04-13,131.50486755371094
2021-04-14,129.1571044921875
2021-04-15,131.57334899902344
2021-04-16,131.24078369140625
2021-04-19,131.90597534179688
2021-04-20,130.21360778808594
2021-04-21,130.59512329101562
2021-04-22,129.069091796875
2021-04-23,131.39730834960938
2021-04-26,131.78858947753906
2021-04-27,131.4657745361328
2021-04-28,130.67337036132812
2021-04-29,130.5755615234375
2021-04-30,128.59954833984375
2021-05-03,129.656005859375
2021-05-04,125.06808471679688
2021-05-05,125.31262969970703
2021-05-06,126.91694641113281
2021-05-07,127.59307098388672
2021-05-10,124.30060577392578
2021-05-11,123.3794937133789
2021-05-12,120.30259704589844
2021-05-13,122.45840454101562
2021-05-14,124.88854217529297
2021-05-17,123.73226165771484
2021-05-18,122.3407974243164
2021-05-19,122.18401336669922
2021-05-20,124.7513427734375
2021-05-21,122.90914154052734
2021-05-24,124.54557800292969
2021-05-25,124.34959411621094
2021-05-26,124.30060577392578
2021-05-27,122.76215362548828
2021-05-28,122.10562133789062
2021-06-01,121.78225708007812
2021-06-02,122.54657745361328
2021-06-03,121.05712127685547
2021-06-04,123.35990142822266
2021-06-07,123.36970520019531
2021-06-08,124.19281005859375
2021-06-09,124.57496643066406
2021-06-10,123.57546997070312
2021-06-11,124.7905502319336
2021-06-14,127.85765075683594
2021-06-15,127.0345230102539
2021-06-16,127.5342788696289
2021-06-17,129.1413116455078
2021-06-18,127.83805847167969
2021-06-21,129.64108276367188
2021-06-22,131.2873077392578
2021-06-23,131.01292419433594
2021-06-24,130.72879028320312
2021-06-25,130.43479919433594
2021-06-28,132.0712432861328
2021-06-29,133.590087890625
2021-06-30,134.20741271972656
2021-07-01,134.5111541748047
2021-07-02,137.14710998535156
2021-07-06,139.16574096679688
2021-07-07,141.66448974609375
2021-07-08,140.36117553710938
2021-07-09,142.19361877441406
2021-07-12,141.5958709716797
2021-07-13,142.7129364013672
2021-07-14,146.15243530273438
2021-07-15,145.49586486816406
2021-07-16,143.44789123535156
2021-07-19,139.5870819091797
2021-07-20,143.21270751953125
2021-07-21,142.477783203125
2021-07-22,143.84962463378906
2021-07-23,145.57424926757812
2021-07-26,145.99566650390625
2021-07-27,143.82022094726562
2021-07-28,142.06622314453125
2021-07-29,142.7129364013672
2021-07-30,142.9285430908203
2021-08-02,142.59536743164062
2021-08-03,144.39840698242188
2021-08-04,143.99664306640625
2021-08-05,144.10443115234375
2021-08-06,143.41748046875
2021-08-09,143.36837768554688
2021-08-10,142.88754272460938
2021-08-11,143.1427001953125
2021-08-12,146.1162109375
2021-08-13,146.32232666015625
2021-08-16,148.30467224121094
2021-08-17,147.3920440673828
2021-08-18,143.63336181640625
2021-08-19,143.967041015625
2021-08-20,145.4292755126953
2021-08-23,146.92098999023438
2021-08-24,146.83261108398438
2021-08-25,145.59613037109375
2021-08-26,144.79141235351562
2021-08-27,145.83163452148438
2021-08-30,150.26744079589844
2021-08-31,149.0015106201172
2021-09-01,149.66880798339844
2021-09-02,150.78756713867188
2021-09-03,151.42544555664062
2021-09-07,153.7709503173828
2021-09-08,152.2203826904297
2021-09-09,151.19976806640625
2021-09-10,146.1947479248047
2021-09-13,146.76393127441406
2021-09-14,145.360595703125
2021-09-15,146.2536163330078
2021-09-16,146.0181121826172
2021-09-17,143.33897399902344
2021-09-20,140.27708435058594
2021-09-21,140.7579345703125
2021-09-22,143.1328887939453
2021-09-23,144.0946502685547
2021-09-24,144.18295288085938
2021-09-27,142.66183471679688
2021-09-28,139.26629638671875
2021-09-29,140.16912841796875
2021-09-30,138.86390686035156
2021-10-01,139.9924774169922
2021-10-04,136.54788208007812
2021-10-05,138.4811553955078
2021-10-06,139.3546142578125
2021-10-07,140.6205596923828
2021-10-08,140.23780822753906
2021-10-11,140.14952087402344
2021-10-12,138.87371826171875
2021-10-13,138.28489685058594
2021-10-14,141.081787109375
2021-10-15,142.14169311523438
2021-10-18,143.81982421875
2021-10-19,145.9886016845703
2021-10-20,146.4793701171875
2021-10-21,146.6952667236328
2021-10-22,145.9199676513672
2021-10-25,145.87091064453125
2021-10-26,146.53826904296875
2021-10-27,146.07701110839844
2021-10-28,149.72767639160156
2021-10-29,147.00930786132812
2021-11-01,146.1849365234375
2021-11-02,147.22520446777344
2021-11-03,148.66783142089844
2021-11-04,148.14768981933594
2021-11-05,148.6783905029297
2021-11-08,147.8528289794922
2021-11-09,148.21649169921875
2021-11-10,145.3761749267578
2021-11-11,145.32701110839844
2021-11-12,147.4105987548828
2021-11-15,147.42041015625
2021-11-16,148.40318298339844
2021-11-17,150.85040283203125
2021-11-18,155.1550750732422
2021-11-19,157.78897094726562
2021-11-22,158.25086975097656
2021-11-23,158.63418579101562
2021-11-24,159.15505981445312
2021-11-26,154.11329650878906
2021-11-29,157.48431396484375
2021-11-30,162.45730590820312
2021-12-01,161.93641662597656
2021-12-02,160.9437713623047
2021-12-03,159.0568084716797
2021-12-06,162.47694396972656
2021-12-07,168.23614501953125
2021-12-08,172.06907653808594
2021-12-09,171.55804443359375
2021-12-10,176.3639373779297
2021-12-13,172.71775817871094
2021-12-14,171.3319854736328
2021-12-15,176.21653747558594
2021-12-16,169.29759216308594
2021-12-17,168.19683837890625
2021-12-20,166.83074951171875
2021-12-21,170.01502990722656
2021-12-22,172.61947631835938
2021-12-23,173.24844360351562
2021-12-27,177.22879028320312
2021-12-28,176.20669555664062
2021-12-29,176.29513549804688
2021-12-30,175.13543701171875
2021-12-31,174.51626586914062
2022-01-03,178.8799285888672
2022-01-04,176.609619140625
2022-01-05,171.91183471679688
2022-01-06,169.04208374023438
2022-01-07,169.20912170410156
2022-01-10,169.2288360595703
2022-01-11,172.06907653808594
2022-01-12,172.5113525390625
2022-01-13,169.2288360595703
2022-01-14,170.09365844726562
2022-01-18,166.87991333007812
2022-01-19,163.3712921142578
2022-01-20,161.6808624267578
2022-01-21,159.6170196533203
2022-01-24,158.84056091308594
2022-01-25,157.03219604492188
2022-01-26,156.94375610351562
2022-01-27,156.48184204101562
2022-01-28,167.40078735351562
2022-01-31,171.77427673339844
2022-02-01,171.607177734375
2022-02-02,172.81602478027344
2022-02-03,169.9265594482422
2022-02-04,169.64125061035156
2022-02-07,168.9228515625
2022-02-08,172.0423126220703
2022-02-09,173.46917724609375
2022-02-10,169.37550354003906
2022-02-11,165.95098876953125
2022-02-14,166.18719482421875
2022-02-15,170.03485107421875
2022-02-16,169.79864501953125
2022-02-17,166.18719482421875
2022-02-18,164.63235473632812
2022-02-22,161.69989013671875
2022-02-23,157.5176544189453
2022-02-24,160.1450653076172
2022-02-25,162.22145080566406
2022-02-28,162.48712158203125
2022-03-01,160.5977325439453
2022-03-02,163.9041748046875
2022-03-03,163.5794219970703
2022-03-04,160.56822204589844
2022-03-07,156.7599334716797
2022-03-08,154.92959594726562
2022-03-09,160.35174560546875
2022-03-10,155.9923858642578
2022-03-11,152.26278686523438
2022-03-14,148.21832275390625
2022-03-15,152.6170654296875
2022-03-16,157.04530334472656
2022-03-17,158.05886840820312
2022-03-18,161.36529541015625
2022-03-21,162.74298095703125
2022-03-22,166.12814331054688
2022-03-23,167.4959716796875
2022-03-24,171.29443359375
2022-03-25,171.93405151367188
2022-03-28,172.800048828125
2022-03-29,176.10646057128906
2022-03-30,174.93545532226562
2022-03-31,171.82582092285156
2022-04-01,171.53057861328125
2022-04-04,175.59474182128906
2022-04-05,172.26861572265625
2022-04-06,169.0901336669922
2022-04-07,169.3951873779297
2022-04-08,167.37786865234375
2022-04-11,163.10708618164062
2022-04-12,164.9866485595703
2022-04-13,167.68292236328125
2022-04-14,162.65443420410156
2022-04-18,162.4379425048828
2022-04-19,164.7307586669922
2022-04-20,164.56346130371094
2022-04-21,163.76641845703125
2022-04-22,159.21022033691406
2022-04-25,160.28286743164062
2022-04-26,154.2998046875
2022-04-27,154.073486328125
2022-04-28,161.03074645996094
2022-04-29,155.13624572753906
2022-05-02,155.44131469726562
2022-05-03,156.9370574951172
2022-05-04,163.37277221679688
2022-05-05,154.27027893066406
2022-05-06,154.99954223632812
2022-05-09,149.85520935058594
2022-05-10,152.2696990966797
2022-05-11,144.3758544921875
2022-05-12,140.4929656982422
2022-05-13,144.9770050048828
2022-05-16,143.4297637939453
2022-05-17,147.0761260986328
2022-05-18,138.7781982421875
2022-05-19,135.35853576660156
2022-05-20,135.5950469970703
2022-05-23,141.03501892089844
2022-05-24,138.32485961914062
2022-05-25,138.48257446289062
2022-05-26,141.69528198242188
2022-05-27,147.47032165527344
2022-05-31,146.68194580078125
2022-06-01,146.55380249023438
2022-06-02,149.017578125
2022-06-03,143.2720947265625
2022-06-06,144.02108764648438
2022-06-07,146.55380249023438
2022-06-08,145.814697265625
2022-06-09,140.57180786132812
2022-06-10,135.1417236328125
2022-06-13,129.9678192138672
2022-06-14,130.83505249023438
2022-06-15,133.46633911132812
2022-06-16,128.17420959472656
2022-06-17,129.6524658203125
2022-06-21,133.8999786376953
2022-06-22,133.3875274658203
2022-06-23,136.26519775390625
2022-06-24,139.60606384277344
2022-06-27,139.60606384277344
2022-06-28,135.44723510742188
2022-06-29,137.2112579345703
2022-06-30,134.73768615722656
2022-07-01,136.91558837890625
2022-07-05,139.5074920654297
2022-07-06,140.8477325439453
2022-07-07,144.22804260253906
2022-07-08,144.90802001953125
2022-07-11,142.76947021484375
2022-07-12,143.74513244628906
2022-07-13,143.3804931640625
2022-07-14,146.31727600097656
2022-07-15,147.9926300048828
2022-07-18,144.93760681152344
2022-07-19,148.81060791015625
2022-07-20,150.82102966308594
2022-07-21,153.09754943847656
2022-07-22,151.85580444335938
2022-07-25,150.73233032226562
2022-07-26,149.40187072753906
2022-07-27,154.5166473388672
2022-07-28,155.06854248046875
2022-07-29,160.1537322998047
2022-08-01,159.16819763183594
2022-08-02,157.68995666503906
2022-08-03,163.7212371826172
2022-08-04,163.40586853027344
2022-08-05,163.17889404296875
2022-08-08,162.70516967773438
2022-08-09,162.75453186035156
2022-08-10,167.017822265625
2022-08-11,166.27767944335938
2022-08-12,169.8402557373047
2022-08-15,170.9159393310547
2022-08-16,170.75802612304688
2022-08-17,172.25807189941406
2022-08-18,171.8633270263672
2022-08-19,169.2678680419922
2022-08-22,165.36976623535156
2022-08-23,165.03416442871094
2022-08-24,165.33026123046875
2022-08-25,167.7974395751953
2022-08-26,161.4716033935547
2022-08-29,159.26104736328125
2022-08-30,156.82345581054688
2022-08-31,155.1556396484375
2022-09-01,155.88592529296875
2022-09-02,153.76412963867188
2022-09-06,152.5009307861328
2022-09-07,153.91220092773438
2022-09-08,152.431884765625
2022-09-09,155.3036651611328
2022-09-12,161.2840576171875
2022-09-13,151.8199920654297
2022-09-14,153.27072143554688
2022-09-15,150.3693084716797
2022-09-16,148.72125244140625
2022-09-19,152.4515838623047
2022-09-20,154.83985900878906
2022-09-21,151.7015838623047
2022-09-22,150.7344512939453
2022-09-23,148.45477294921875
2022-09-26,148.7903289794922
2022-09-27,149.767333984375
2022-09-28,147.87252807617188
2022-09-29,140.60919189453125
2022-09-30,136.38534545898438
2022-10-03,140.5795440673828
2022-10-04,144.18167114257812
2022-10-05,144.47769165039062
2022-10-06,143.5204315185547
2022-10-07,138.25057983398438
2022-10-10,138.5762176513672
2022-10-11,137.1551513671875
2022-10-12,136.52349853515625
2022-10-13,141.11248779296875
2022-10-14,136.56300354003906
2022-10-17,140.5401153564453
2022-10-18,141.8625030517578
2022-10-19,141.9710693359375
2022-10-20,141.50721740722656
2022-10-21,145.3363037109375
2022-10-24,147.48765563964844
2022-10-25,150.33973693847656
2022-10-26,147.38897705078125
2022-10-27,142.89869689941406
2022-10-28,153.695068359375
2022-10-31,151.32656860351562
2022-11-01,148.67189025878906
2022-11-02,143.12567138671875
2022-11-03,137.0564727783203
2022-11-04,136.78955078125
2022-11-07,137.32333374023438
2022-11-08,137.89666748046875
2022-11-09,133.31991577148438
2022-11-10,145.18197631835938
2022-11-11,147.97946166992188
2022-11-14,146.5757598876953
2022-11-15,148.3155517578125
2022-11-16,147.07989501953125
2022-11-17,148.98773193359375
2022-11-18,149.55117797851562
2022-11-21,146.30886840820312
2022-11-22,148.45394897460938
2022-11-23,149.33370971679688
2022-11-25,146.40773010253906
2022-11-28,142.5624237060547
2022-11-29,139.54750061035156
2022-11-30,146.32862854003906
2022-12-01,146.60540771484375
2022-12-02,146.11114501953125
2022-12-05,144.94473266601562
2022-12-06,141.26748657226562
2022-12-07,139.3201446533203
2022-12-08,141.01046752929688
2022-12-09,140.526123046875
2022-12-12,142.82933044433594
2022-12-13,143.79808044433594
2022-12-14,141.5640411376953
2022-12-15,134.93113708496094
2022-12-16,132.9639892578125
2022-12-19,130.8486328125
2022-12-20,130.77944946289062
2022-12-21,133.89321899414062
2022-12-22,130.71023559570312
2022-12-23,130.34446716308594
2022-12-27,128.53550720214844
2022-12-28,124.59137725830078
2022-12-29,128.12034606933594
2022-12-30,128.43666076660156
2023-01-03,123.63253021240234
2023-01-04,124.90770721435547
2023-01-05,123.58309173583984
2023-01-06,128.1302032470703
2023-01-09,128.6541290283203
2023-01-10,129.2274932861328
2023-01-11,131.95574951171875
2023-01-12,131.87669372558594
2023-01-13,133.2111358642578
2023-01-17,134.37762451171875
2023-01-18,133.65597534179688
2023-01-19,133.7152862548828
2023-01-20,136.28541564941406
2023-01-23,139.4881591796875
2023-01-24,140.89186096191406
2023-01-25,140.22952270507812
2023-01-26,142.30543518066406
2023-01-27,144.2527618408203
2023-01-30,141.35641479492188
2023-01-31,142.63162231445312
2023-02-01,143.75851440429688
2023-02-02,149.08656311035156
2023-02-03,152.72425842285156
2023-02-06,149.98611450195312
2023-02-07,152.87254333496094
2023-02-08,150.1739501953125
2023-02-09,149.13600158691406
2023-02-10,149.50230407714844
2023-02-13,152.31394958496094
2023-02-14,151.67044067382812
2023-02-15,153.77919006347656
2023-02-16,152.17535400390625
2023-02-17,151.02696228027344
2023-02-21,146.99757385253906
2023-02-22,147.4232635498047
2023-02-23,147.90838623046875
2023-02-24,145.2452392578125
2023-02-27,146.4431610107422
2023-02-28,145.9382781982422
2023-03-01,143.8592071533203
2023-03-02,144.45323181152344
2023-03-03,149.52207946777344
2023-03-06,152.2941436767578
2023-03-07,150.08641052246094
2023-03-08,151.34373474121094
2023-03-09,149.0865020751953
2023-03-10,147.01734924316406
2023-03-13,148.96771240234375
2023-03-14,151.0665283203125
2023-03-15,151.46253967285156
2023-03-16,154.2939910888672
2023-03-17,153.45248413085938
2023-03-20,155.82850646972656
2023-03-21,157.6897430419922
2023-03-22,156.2542266845703
2023-03-23,157.34323120117188
2023-03-24,158.65005493164062
2023-03-27,156.69973754882812
2023-03-28,156.07601928710938
2023-03-29,159.1648712158203
2023-03-30,160.73898315429688
2023-03-31,163.25360107421875
2023-04-03,164.51095581054688
2023-04-04,163.97634887695312
2023-04-05,162.12498474121094
2023-04-06,163.01602172851562
2023-04-10,160.4122772216797
2023-04-11,159.194580078125
2023-04-12,158.50157165527344
2023-04-13,163.90704345703125
2023-04-14,163.560546875
2023-04-17,163.580322265625
2023-04-18,164.80795288085938
2023-04-19,165.9563751220703
2023-04-20,164.98614501953125
2023-04-21,163.37242126464844
2023-04-24,163.67933654785156
2023-04-25,162.13491821289062
2023-04-26,162.12498474121094
2023-04-27,166.7285919189453
2023-04-28,167.9859161376953
2023-05-01,167.89678955078125
2023-05-02,166.85728454589844
2023-05-03,165.77816772460938
2023-05-04,164.1347198486328
2023-05-05,171.83706665039062
2023-05-08,171.76776123046875
2023-05-09,170.05506896972656
2023-05-10,171.82717895507812
2023-05-11,172.01527404785156
2023-05-12,171.08338928222656
2023-05-15,170.58766174316406
2023-05-16,170.58766174316406
2023-05-17,171.2023162841797
2023-05-18,173.54200744628906
2023-05-19,173.65106201171875
2023-05-22,172.69931030273438
2023-05-23,170.08206176757812
2023-05-24,170.35968017578125
2023-05-25,171.499755859375
2023-05-26,173.91871643066406
2023-05-30,175.77261352539062
2023-05-31,175.72305297851562
2023-06-01,178.53857421875
2023-06-02,179.39117431640625
2023-06-05,178.032958984375
2023-06-06,177.6661834716797
2023-06-07,176.28814697265625
2023-06-08,179.0144500732422
2023-06-09,179.40110778808594
2023-06-12,182.20668029785156
2023-06-13,181.73085021972656
2023-06-14,182.36532592773438
2023-06-15,184.4075927734375
2023-06-16,183.32696533203125
2023-06-20,183.41619873046875
2023-06-21,182.375244140625
2023-06-22,185.38905334472656
2023-06-23,185.07179260253906
2023-06-26,183.67396545410156
2023-06-27,186.43992614746094
2023-06-28,187.6196746826172
2023-06-29,187.9567413330078
2023-06-30,192.29901123046875
2023-07-03,190.80203247070312
2023-07-05,189.6817626953125
2023-07-06,190.15762329101562
2023-07-07,189.03736877441406
2023-07-10,186.98519897460938
2023-07-11,186.4597625732422
2023-07-12,188.13519287109375
2023-07-13,188.89854431152344
2023-07-14,189.04727172851562
2023-07-17,192.31883239746094
2023-07-18,192.0610809326172
2023-07-19,193.41928100585938
2023-07-20,191.4662628173828
2023-07-21,190.28648376464844
2023-07-24,191.0895233154297
2023-07-25,191.95201110839844
2023-07-26,192.82444763183594
2023-07-27,191.55548095703125
2023-07-28,194.1429901123047
2023-07-31,194.75762939453125
2023-08-01,193.9248809814453
2023-08-02,190.92098999023438
2023-08-03,189.52313232421875
2023-08-04,180.42222595214844
2023-08-07,177.3092803955078
2023-08-08,178.2510986328125
2023-08-09,176.65496826171875
2023-08-10,176.43682861328125
2023-08-11,176.49639892578125
2023-08-14,178.15428161621094
2023-08-15,176.15887451171875
2023-08-16,175.2852783203125
2023-08-17,172.73397827148438
2023-08-18,173.22042846679688
2023-08-21,174.56060791015625
2023-08-22,175.94049072265625
2023-08-23,179.80218505859375
2023-08-24,175.0966796875
2023-08-25,177.31044006347656
2023-08-28,178.87896728515625
2023-08-29,182.78036499023438
2023-08-30,186.28468322753906
2023-08-31,186.50306701660156
2023-09-01,188.0814971923828
2023-09-05,188.31976318359375
2023-09-06,181.5791778564453
2023-09-07,176.26808166503906
2023-09-08,176.88356018066406
2023-09-11,178.05499267578125
2023-09-12,175.01727294921875
2023-09-13,172.94247436523438
2023-09-14,174.46133422851562
2023-09-15,173.73663330078125
2023-09-18,176.6750946044922
2023-09-19,177.76710510253906
2023-09-20,174.21316528320312
2023-09-21,172.66448974609375
2023-09-22,173.5182342529297
2023-09-25,174.79885864257812
2023-09-26,170.70884704589844
2023-09-27,169.18995666503906
2023-09-28,169.4480743408203
2023-09-29,169.9642791748047
2023-10-02,172.4857940673828
2023-10-03,171.14561462402344
2023-10-04,172.39646911621094
2023-10-05,173.63735961914062
2023-10-06,176.19862365722656
2023-10-09,177.68768310546875
2023-10-10,177.092041015625
2023-10-11,178.49179077148438
2023-10-12,179.39515686035156
2023-10-13,177.5487060546875
2023-10-16,177.41966247558594
2023-10-17,175.86105346679688
2023-10-18,174.56060791015625
2023-10-19,174.18338012695312
2023-10-20,171.6221466064453
2023-10-23,171.74127197265625
2023-10-24,172.17807006835938
2023-10-25,169.8551025390625
2023-10-26,165.6757354736328
2023-10-27,166.99603271484375
2023-10-30,169.05096435546875
2023-10-31,169.52749633789062
2023-11-01,172.7042236328125
2023-11-02,176.2780303955078
2023-11-03,175.3647003173828
2023-11-06,177.92591857910156
2023-11-07,180.49710083007812
2023-11-08,181.55929565429688
2023-11-09,181.08279418945312
2023-11-10,185.2875518798828
2023-11-13,183.6970977783203
2023-11-14,186.3213653564453
2023-11-15,186.887939453125
2023-11-16,188.5778045654297
2023-11-17,188.55792236328125
2023-11-20,190.30740356445312
2023-11-21,189.5022430419922
2023-11-22,190.16822814941406
2023-11-24,188.83624267578125
2023-11-27,188.65731811523438
2023-11-28,189.26368713378906
2023-11-29,188.2398223876953
2023-11-30,188.81637573242188
2023-12-01,190.09864807128906
2023-12-04,188.29945373535156
2023-12-05,192.26565551757812
2023-12-06,191.17222595214844
2023-12-07,193.11058044433594
2023-12-08,194.54197692871094
2023-12-11,192.02708435058594
2023-12-12,193.5479736328125
2023-12-13,196.778564453125
2023-12-14,196.92767333984375
2023-12-15,196.3909149169922
2023-12-18,194.72091674804688
2023-12-19,195.76466369628906
2023-12-20,193.66725158691406
2023-12-21,193.51812744140625
2023-12-22,192.444580078125
2023-12-26,191.89788818359375
2023-12-27,191.99725341796875
2023-12-28,192.42471313476562
2023-12-29,191.38096618652344
2024-01-02,184.53208923339844
2024-01-03,183.15037536621094
2024-01-04,180.82437133789062
2024-01-05,180.0986785888672
2024-01-08,184.4525604248047
2024-01-09,184.03506469726562
2024-01-10,185.0788116455078
2024-01-11,184.48236083984375
2024-01-12,184.81040954589844
2024-01-16,182.5341033935547
2024-01-17,181.58973693847656
2024-01-18,187.50424194335938
2024-01-19,190.416748046875
2024-01-22,192.7328338623047
2024-01-23,194.01515197753906
2024-01-24,193.33921813964844
2024-01-25,193.01116943359375
2024-01-26,191.27162170410156
2024-01-29,190.5857391357422
2024-01-30,186.9177703857422
2024-01-31,183.29949951171875
2024-02-01,185.7447967529297
2024-02-02,184.7408447265625
2024-02-05,186.55990600585938
2024-02-06,188.1702423095703
2024-02-07,188.2796173095703
2024-02-08,187.1960906982422
2024-02-09,187.96246337890625
2024-02-12,186.27044677734375
2024-02-13,184.1703643798828
2024-02-14,183.28456115722656
2024-02-15,182.9959259033203
2024-02-16,181.4532012939453
2024-02-20,180.7067413330078
2024-02-21,181.46316528320312
2024-02-22,183.5035400390625
2024-02-23,181.6622314453125
2024-02-26,180.30860900878906
2024-02-27,181.77171325683594
2024-02-28,180.56739807128906
2024-02-29,179.90054321289062
2024-03-01,178.815673828125
2024-03-04,174.277099609375
2024-03-05,169.32049560546875
2024-03-06,168.32518005371094
2024-03-07,168.20574951171875
2024-03-08,169.92762756347656
2024-03-11,171.93814086914062
2024-03-12,172.41587829589844
2024-03-13,170.3257598876953
2024-03-14,172.1869659423828
2024-03-15,171.80873107910156
2024-03-18,172.90357971191406
2024-03-19,175.2524871826172
2024-03-20,177.83030700683594
2024-03-21,170.56460571289062
2024-03-22,171.47035217285156
2024-03-25,170.0470733642578
2024-03-26,168.9124298095703
2024-03-27,172.49551391601562
2024-03-28,170.67410278320312
2024-04-01,169.2309112548828
2024-04-02,168.04649353027344
2024-04-03,168.85269165039062
2024-04-04,168.026611328125
2024-04-05,168.78302001953125
2024-04-08,167.65834045410156
2024-04-09,168.87261962890625
2024-04-10,166.9915008544922
2024-04-11,174.2173614501953
2024-04-12,175.7202911376953
2024-04-15,171.87840270996094
2024-04-16,168.58399963378906
2024-04-17,167.21046447753906
2024-04-18,166.2549591064453
2024-04-19,164.2245635986328
2024-04-22,165.06060791015625
2024-04-23,166.11563110351562
2024-04-24,168.22567749023438
2024-04-25,169.09158325195312
2024-04-26,168.5043487548828
2024-04-29,172.68460083007812
2024-04-30,169.5294952392578
2024-05-01,168.5043487548828
2024-05-02,172.21682739257812
2024-05-03,182.51817321777344
2024-05-06,180.8560333251953
2024-05-07,181.5427703857422
2024-05-08,181.88119506835938
2024-05-09,183.7025909423828
2024-05-10,182.43685913085938
2024-05-13,185.65602111816406
2024-05-14,186.80215454101562
2024-05-15,189.0845184326172
2024-05-16,189.2041015625
2024-05-17,189.23399353027344
2024-05-20,190.40008544921875
2024-05-21,191.70570373535156
2024-05-22,190.2605438232422
2024-05-23,186.2540283203125
2024-05-24,189.3436279296875
2024-05-28,189.3535919189453
2024-05-29,189.65260314941406
2024-05-30,190.6492462158203
2024-05-31,191.6060333251953
2024-06-03,193.38006591796875
2024-06-04,193.69898986816406
2024-06-05,195.21389770507812
2024-06-06,193.82855224609375
2024-06-07,196.23048400878906
2024-06-10,192.4730987548828
2024-06-11,206.45611572265625
2024-06-12,212.35630798339844
2024-06-13,213.52236938476562
2024-06-14,211.77822875976562
2024-06-17,215.94422912597656
2024-06-18,213.5721893310547
2024-06-20,208.97763061523438
2024-06-21,206.7949981689453
2024-06-24,207.44281005859375
2024-06-25,208.36968994140625
2024-06-26,212.5356903076172
2024-06-27,213.3828582763672
2024-06-28,209.91448974609375
2024-07-01,216.02395629882812
2024-07-02,219.5321807861328
2024-07-03,220.80789184570312
2024-07-05,225.5818328857422
2024-07-08,227.056884765625
2024-07-09,227.9139862060547
2024-07-10,232.19960021972656
2024-07-11,226.80772399902344
2024-07-12,229.76776123046875
2024-07-15,233.61483764648438
2024-07-16,234.03343200683594
2024-07-17,228.1133270263672
2024-07-18,223.42906188964844
2024-07-19,223.5586395263672
2024-07-22,223.20980834960938
2024-07-23,224.2563018798828
2024-07-24,217.80795288085938
2024-07-25,216.76148986816406
2024-07-26,217.2299041748047
2024-07-29,217.50897216796875
2024-07-30,218.06710815429688
2024-07-31,221.3361053466797
2024-08-01,217.62855529785156
2024-08-02,219.12355041503906
2024-08-05,208.5690155029297
2024-08-06,206.5358428955078
2024-08-07,209.11717224121094
2024-08-08,212.59547424316406
2024-08-09,215.51568603515625
2024-08-12,217.0522918701172
2024-08-13,220.78408813476562
2024-08-14,221.23309326171875
2024-08-15,224.22650146484375
2024-08-16,225.5535888671875
2024-08-19,225.3939208984375
2024-08-20,226.0125732421875
2024-08-21,225.90281677246094
2024-08-22,224.0369110107422
2024-08-23,226.3418426513672
2024-08-26,226.68109130859375
2024-08-27,227.52923583984375
2024-08-28,225.99261474609375
2024-08-29,229.28536987304688
2024-08-30,228.49710083007812
2024-09-03,222.28079223632812
2024-09-04,220.36500549316406
2024-09-05,221.8916473388672
2024-09-06,220.33506774902344
2024-09-09,220.4248809814453
2024-09-10,219.62661743164062
2024-09-11,222.17103576660156
2024-09-12,222.28079223632812
2024-09-13,222.01136779785156
2024-09-16,215.84495544433594
2024-09-17,216.31390380859375
2024-09-18,220.20535278320312
2024-09-19,228.3673858642578
2024-09-20,227.6988525390625
2024-09-23,225.97265625
2024-09-24,226.8706817626953
2024-09-25,225.8728790283203
2024-09-26,227.02035522460938
2024-09-27,227.2897491455078
2024-09-30,232.48831176757812
2024-10-01,225.71322631835938
2024-10-02,226.28196716308594
2024-10-03,225.17440795898438
2024-10-04,226.30194091796875
2024-10-07,221.2031707763672
2024-10-08,225.27420043945312
2024-10-09,229.03591918945312
2024-10-10,228.53700256347656
2024-10-11,227.05029296875
2024-10-14,230.79205322265625
2024-10-15,233.33645629882812
2024-10-16,231.27099609375
2024-10-17,231.6401824951172
2024-10-18,234.4839324951172
2024-10-21,235.96067810058594
2024-10-22,235.342041015625
2024-10-23,230.25323486328125
2024-10-24,230.06365966796875
2024-10-25,230.9018096923828
2024-10-28,232.88743591308594
2024-10-29,233.15684509277344
2024-10-30,229.59469604492188
2024-10-31,225.4138946533203
2024-11-01,222.4204864501953
2024-11-04,221.52244567871094
2024-11-05,222.95928955078125
2024-11-06,222.23089599609375
2024-11-07,226.98043823242188
2024-11-08,226.7107391357422
2024-11-11,223.98373413085938
2024-11-12,223.98373413085938
2024-11-13,224.8727569580078
2024-11-14,227.9693603515625
2024-11-15,224.7528839111328
2024-11-18,227.7695770263672
2024-11-19,228.02928161621094
2024-11-20,228.7484893798828
2024-11-21,228.26902770996094
2024-11-22,229.61753845214844
2024-11-25,232.61424255371094
2024-11-26,234.8018341064453
2024-11-27,234.67198181152344
2024-11-29,237.06935119628906
2024-12-02,239.3268585205078
2024-12-03,242.3834991455078
2024-12-04,242.74310302734375
2024-12-05,242.7730712890625
2024-12-06,242.5732879638672
2024-12-09,246.47900390625
2024-12-10,247.4978790283203
2024-12-11,246.2192840576172
2024-12-12,247.68768310546875
2024-12-13,247.85748291015625
2024-12-16,250.7642822265625
2024-12-17,253.20159912109375
2024-12-18,247.77757263183594
2024-12-19,249.51565551757812
2024-12-20,254.21051025390625
2024-12-23,254.98965454101562
2024-12-24,257.91644287109375
2024-12-26,258.7355041503906
2024-12-27,255.30929565429688
2024-12-30,251.9230194091797
2024-12-31,250.1449737548828
2025-01-02,243.5821990966797
2025-01-03,243.0927276611328
2025-01-06,244.73092651367188
2025-01-07,241.94400024414062
2025-01-08,242.43344116210938
2025-01-10,236.58987426757812
2025-01-13,234.14256286621094
2025-01-14,233.02378845214844
2025-01-15,237.60874938964844
2025-01-16,228.00930786132812
2025-01-17,229.7274169921875
2025-01-21,222.39547729492188
2025-01-22,223.58416748046875
2025-01-23,223.41436767578125
2025-01-24,222.5353240966797
2025-01-27,229.6075439453125
2025-01-28,237.99832153320312
2025-01-29,239.0971221923828
2025-01-30,237.3290557861328
2025-01-31,235.74081420898438
2025-02-03,227.75958251953125
2025-02-04,232.54432678222656
2025-02-05,232.21469116210938
2025-02-06,232.9638671875
2025-02-07,227.3800048828125
2025-02-10,227.64999389648438
2025-02-11,232.6199951171875
2025-02-12,236.8699951171875
2025-02-13,241.52999877929688
2025-02-14,244.60000610351562
2025-02-18,244.47000122070312
2025-02-19,244.8699951171875
2025-02-20,245.8300018310547
2025-02-21,245.5500030517578
2025-02-24,247.10000610351562
2025-02-25,247.0399932861328
2025-02-26,240.36000061035156
2025-02-27,237.3000030517578
2025-02-28,241.83999633789062
2025-03-03,238.02999877929688
2025-03-04,235.92999267578125
2025-03-05,235.74000549316406
2025-03-06,235.3300018310547
2025-03-07,239.07000732421875
2025-03-10,227.47999572753906
2025-03-11,220.83999633789062
2025-03-12,216.97999572753906
2025-03-13,209.67999267578125
2025-03-14,213.49000549316406
2025-03-17,214.0
2025-03-18,212.69000244140625
2025-03-19,215.24000549316406
2025-03-20,214.10000610351562
2025-03-21,218.27000427246094
2025-03-24,220.72999572753906
2025-03-25,223.75
2025-03-26,222.90499877929688
