Date,Close
1980-12-02,0.1258377730846405
1980-12-03,0.12310171872377396
1980-12-04,0.1272055059671402
1980-12-05,0.12036621570587158
1980-12-08,0.11352701485157013
1980-12-09,0.11079151928424835
1980-12-10,0.10395301878452301
1980-12-11,0.09848145395517349
1980-12-12,0.10258462280035019
1980-12-15,0.10668841004371643
1980-12-16,0.10395301878452301
1980-12-17,0.0998491495847702
1980-12-18,0.10258462280035019
1980-12-19,0.10668841004371643
1980-12-22,0.10668841004371643
1980-12-23,0.10942381620407104
1980-12-24,0.11352701485157013
1980-12-26,0.11489541083574295
1980-12-29,0.11352701485157013
1980-12-30,0.1162630245089531
1980-12-31,0.11489541083574295
1981-01-02,0.11763083189725876
1981-01-05,0.12241814285516739
1981-01-06,0.12310171872377396
1981-01-07,0.1162630245089531
1981-01-08,0.11352701485157013
1981-01-09,0.11215927451848984
1981-01-12,0.11352701485157013
1981-01-13,0.1162630245089531
1981-01-14,0.12036621570587158
1981-01-15,0.12036621570587158
1981-01-16,0.12036621570587158
1981-01-19,0.12036621570587158
1981-01-20,0.1162630245089531
1981-01-21,0.11489541083574295
1981-01-22,0.10942381620407104
1981-01-23,0.11215927451848984
1981-01-26,0.10942381620407104
1981-01-27,0.10942381620407104
1981-01-28,0.10942381620407104
1981-01-29,0.10942381620407104
1981-01-30,0.10532069206237793
1981-02-02,0.10258462280035019
1981-02-03,0.10258462280035019
1981-02-04,0.10258462280035019
1981-02-05,0.10532069206237793
1981-02-06,0.10532069206237793
1981-02-09,0.10258462280035019
1981-02-10,0.10258462280035019
1981-02-11,0.0998491495847702
1981-02-12,0.0998491495847702
1981-02-13,0.09848145395517349
1981-02-17,0.09848145395517349
1981-02-18,0.1012168750166893
1981-02-19,0.10395301878452301
1981-02-20,0.10258462280035019
1981-02-23,0.10258462280035019
1981-02-24,0.10395301878452301
1981-02-25,0.10395301878452301
1981-02-26,0.10532069206237793
1981-02-27,0.10532069206237793
1981-03-02,0.10532069206237793
1981-03-03,0.10805615782737732
1981-03-04,0.10805615782737732
1981-03-05,0.10668841004371643
1981-03-06,0.10532069206237793
1981-03-09,0.10395301878452301
1981-03-10,0.09574607759714127
1981-03-11,0.09711373597383499
1981-03-12,0.09848145395517349
1981-03-13,0.0998491495847702
1981-03-16,0.09711373597383499
1981-03-17,0.09711373597383499
1981-03-18,0.09574607759714127
1981-03-19,0.09437835961580276
1981-03-20,0.09574607759714127
1981-03-23,0.09574607759714127
1981-03-24,0.09711373597383499
1981-03-25,0.09574607759714127
1981-03-26,0.09711373597383499
1981-03-27,0.09848145395517349
1981-03-30,0.1012168750166893
1981-03-31,0.10258462280035019
1981-04-01,0.10942381620407104
1981-04-02,0.10942381620407104
1981-04-03,0.11215927451848984
1981-04-06,0.10942381620407104
1981-04-07,0.10942381620407104
1981-04-08,0.10942381620407104
1981-04-09,0.11899848282337189
1981-04-10,0.11899848282337189
1981-04-13,0.11489541083574295
1981-04-14,0.11215927451848984
1981-04-15,0.12036621570587158
1981-04-16,0.12173391133546829
1981-04-20,0.12173391133546829
1981-04-21,0.12173391133546829
1981-04-22,0.12310171872377396
1981-04-23,0.12310171872377396
1981-04-24,0.1162630245089531
1981-04-27,0.1162630245089531
1981-04-28,0.1162630245089531
1981-04-29,0.11489541083574295
1981-04-30,0.11352701485157013
1981-05-01,0.11352701485157013
1981-05-04,0.11215927451848984
1981-05-05,0.11079151928424835
1981-05-06,0.11079151928424835
1981-05-07,0.11215927451848984
1981-05-08,0.11215927451848984
1981-05-11,0.11079151928424835
1981-05-12,0.11352701485157013
1981-05-13,0.11489541083574295
1981-05-14,0.11215927451848984
1981-05-15,0.11079151928424835
1981-05-18,0.11079151928424835
1981-05-19,0.11079151928424835
1981-05-20,0.11079151928424835
1981-05-21,0.11215927451848984
1981-05-22,0.11215927451848984
1981-05-26,0.11489541083574295
1981-05-27,0.11899848282337189
1981-05-28,0.1244693472981453
1981-05-29,0.1244693472981453
1981-06-01,0.12857316434383392
1981-06-02,0.12994083762168884
1981-06-03,0.12857316434383392
1981-06-04,0.12857316434383392
1981-06-05,0.12994083762168884
1981-06-08,0.12857316434383392
1981-06-09,0.12857316434383392
1981-06-10,0.12994083762168884
1981-06-11,0.13130861520767212
1981-06-12,0.13267628848552704
1981-06-15,0.13404406607151031
1981-06-16,0.13541172444820404
1981-06-17,0.13267628848552704
1981-06-18,0.1258377730846405
1981-06-19,0.1272055059671402
1981-06-22,0.1272055059671402
1981-06-23,0.13404406607151031
1981-06-24,0.13130861520767212
1981-06-25,0.12994083762168884
1981-06-26,0.12994083762168884
1981-06-29,0.12994083762168884
1981-06-30,0.1272055059671402
1981-07-01,0.12857316434383392
1981-07-02,0.12994083762168884
1981-07-06,0.1258377730846405
1981-07-07,0.11763083189725876
1981-07-08,0.1162630245089531
1981-07-09,0.11763083189725876
1981-07-10,0.1162630245089531
1981-07-13,0.11899848282337189
1981-07-14,0.11899848282337189
1981-07-15,0.12173391133546829
1981-07-16,0.12173391133546829
1981-07-17,0.12173391133546829
1981-07-20,0.1162630245089531
1981-07-21,0.11352701485157013
1981-07-22,0.11352701485157013
1981-07-23,0.1162630245089531
1981-07-24,0.12036621570587158
1981-07-27,0.11899848282337189
1981-07-28,0.12036621570587158
1981-07-29,0.11899848282337189
1981-07-30,0.12036621570587158
1981-07-31,0.11899848282337189
1981-08-03,0.11489541083574295
1981-08-04,0.11489541083574295
1981-08-05,0.11079151928424835
1981-08-06,0.11079151928424835
1981-08-07,0.10668841004371643
1981-08-10,0.10668841004371643
1981-08-11,0.11352701485157013
1981-08-12,0.11489541083574295
1981-08-13,0.11489541083574295
1981-08-14,0.11489541083574295
1981-08-17,0.11352701485157013
1981-08-18,0.10532069206237793
1981-08-19,0.10805615782737732
1981-08-20,0.10805615782737732
1981-08-21,0.10942381620407104
1981-08-24,0.10532069206237793
1981-08-25,0.1019010916352272
1981-08-26,0.10395301878452301
1981-08-27,0.10395301878452301
1981-08-28,0.10532069206237793
1981-08-31,0.10532069206237793
1981-09-01,0.10395301878452301
1981-09-02,0.10532069206237793
1981-09-03,0.10532069206237793
1981-09-04,0.10258462280035019
1981-09-08,0.1012168750166893
1981-09-09,0.10258462280035019
1981-09-10,0.10532069206237793
1981-09-11,0.10805615782737732
1981-09-14,0.11079151928424835
1981-09-15,0.1162630245089531
1981-09-16,0.10942381620407104
1981-09-17,0.10805615782737732
1981-09-18,0.10805615782737732
1981-09-21,0.10942381620407104
1981-09-22,0.10532069206237793
1981-09-23,0.10532069206237793
1981-09-24,0.10532069206237793
1981-09-25,0.10258462280035019
1981-09-28,0.1012168750166893
1981-09-29,0.10258462280035019
1981-09-30,0.10395301878452301
1981-10-01,0.10395301878452301
1981-10-02,0.10668841004371643
1981-10-05,0.10942381620407104
1981-10-06,0.10805615782737732
1981-10-07,0.10805615782737732
1981-10-08,0.10942381620407104
1981-10-09,0.10258462280035019
1981-10-12,0.10805615782737732
1981-10-13,0.11899848282337189
1981-10-14,0.12310171872377396
1981-10-15,0.12310171872377396
1981-10-16,0.1244693472981453
1981-10-19,0.12857316434383392
1981-10-20,0.13130861520767212
1981-10-21,0.13404406607151031
1981-10-22,0.13267628848552704
1981-10-23,0.13130861520767212
1981-10-26,0.13130861520767212
1981-10-27,0.13404406607151031
1981-10-28,0.14361876249313354
1981-10-29,0.14635421335697174
1981-10-30,0.1449863761663437
1981-11-02,0.14088331162929535
1981-11-03,0.14225095510482788
1981-11-04,0.14225095510482788
1981-11-05,0.14225095510482788
1981-11-06,0.13951560854911804
1981-11-09,0.14088331162929535
1981-11-10,0.14225095510482788
1981-11-11,0.14361876249313354
1981-11-12,0.1490902453660965
1981-11-13,0.14772260189056396
1981-11-16,0.1449863761663437
1981-11-17,0.14361876249313354
1981-11-18,0.14225095510482788
1981-11-19,0.14430288970470428
1981-11-20,0.1449863761663437
1981-11-23,0.1449863761663437
1981-11-24,0.14772260189056396
1981-11-25,0.1490902453660965
1981-11-27,0.150457963347435
1981-11-30,0.15182572603225708
1981-12-01,0.15592879056930542
1981-12-02,0.15592879056930542
1981-12-03,0.1531934291124344
1981-12-04,0.1531934291124344
1981-12-07,0.1531934291124344
1981-12-08,0.15182572603225708
1981-12-09,0.150457963347435
1981-12-10,0.150457963347435
1981-12-11,0.150457963347435
1981-12-14,0.1490902453660965
1981-12-15,0.150457963347435
1981-12-16,0.150457963347435
1981-12-17,0.150457963347435
1981-12-18,0.1531934291124344
1981-12-21,0.15182572603225708
1981-12-22,0.150457963347435
1981-12-23,0.150457963347435
1981-12-24,0.14772260189056396
1981-12-28,0.14772260189056396
1981-12-29,0.1490902453660965
1981-12-30,0.15592879056930542
1981-12-31,0.1545611470937729
1982-01-04,0.1545611470937729
1982-01-05,0.150457963347435
1982-01-06,0.14772260189056396
1982-01-07,0.1490902453660965
1982-01-08,0.15592879056930542
1982-01-11,0.1572965383529663
1982-01-12,0.1600327044725418
1982-01-13,0.15592879056930542
1982-01-14,0.1572965383529663
1982-01-15,0.1572965383529663
1982-01-18,0.1586650162935257
1982-01-19,0.15592879056930542
1982-01-20,0.1545611470937729
1982-01-21,0.15592879056930542
1982-01-22,0.1545611470937729
1982-01-25,0.150457963347435
1982-01-26,0.15182572603225708
1982-01-27,0.15182572603225708
1982-01-28,0.1531934291124344
1982-01-29,0.1600327044725418
1982-02-01,0.1586650162935257
1982-02-02,0.1600327044725418
1982-02-03,0.16276808083057404
1982-02-04,0.16413573920726776
1982-02-05,0.1661876142024994
1982-02-08,0.16140031814575195
1982-02-09,0.1572965383529663
1982-02-10,0.1572965383529663
1982-02-11,0.1572965383529663
1982-02-12,0.15661309659481049
1982-02-16,0.1531934291124344
1982-02-17,0.1545611470937729
1982-02-18,0.15592879056930542
1982-02-19,0.15592879056930542
1982-02-22,0.15661309659481049
1982-02-23,0.1525091677904129
1982-02-24,0.15182572603225708
1982-02-25,0.1552453190088272
1982-02-26,0.1552453190088272
1982-03-01,0.1552453190088272
1982-03-02,0.15592879056930542
1982-03-03,0.15592879056930542
1982-03-04,0.1552453190088272
1982-03-05,0.15592879056930542
1982-03-08,0.1525091677904129
1982-03-09,0.13951560854911804
1982-03-10,0.14430288970470428
1982-03-11,0.14293520152568817
1982-03-12,0.13951560854911804
1982-03-15,0.13814786076545715
1982-03-16,0.13814786076545715
1982-03-17,0.13609595596790314
1982-03-18,0.14225095510482788
1982-03-19,0.14635421335697174
1982-03-22,0.15182572603225708
1982-03-23,0.15592879056930542
1982-03-24,0.1579807698726654
1982-03-25,0.16140031814575195
1982-03-26,0.15934844315052032
1982-03-29,0.16071614623069763
1982-03-30,0.16071614623069763
1982-03-31,0.16071614623069763
1982-04-01,0.16140031814575195
1982-04-02,0.16413573920726776
1982-04-05,0.16345153748989105
1982-04-06,0.16482000052928925
1982-04-07,0.16482000052928925
1982-04-08,0.16550353169441223
1982-04-12,0.16482000052928925
1982-04-13,0.16345153748989105
1982-04-14,0.16276808083057404
1982-04-15,0.16413573920726776
1982-04-16,0.16550353169441223
1982-04-19,0.16550353169441223
1982-04-20,0.16550353169441223
1982-04-21,0.16413573920726776
1982-04-22,0.16413573920726776
1982-04-23,0.16345153748989105
1982-04-26,0.15934844315052032
1982-04-27,0.15661309659481049
1982-04-28,0.15661309659481049
1982-04-29,0.1531934291124344
1982-04-30,0.1531934291124344
1982-05-03,0.1531934291124344
1982-05-04,0.1572965383529663
1982-05-05,0.16208384931087494
1982-05-06,0.16413573920726776
1982-05-07,0.16413573920726776
1982-05-10,0.16413573920726776
1982-05-11,0.16482000052928925
1982-05-12,0.16482000052928925
1982-05-13,0.16482000052928925
1982-05-14,0.16482000052928925
1982-05-17,0.16482000052928925
1982-05-18,0.16208384931087494
1982-05-19,0.16071614623069763
1982-05-20,0.16071614623069763
1982-05-21,0.16413573920726776
1982-05-24,0.16413573920726776
1982-05-25,0.16413573920726776
1982-05-26,0.16276808083057404
1982-05-27,0.16345153748989105
1982-05-28,0.16345153748989105
1982-06-01,0.16345153748989105
1982-06-02,0.16345153748989105
1982-06-03,0.16345153748989105
1982-06-04,0.16345153748989105
1982-06-07,0.16345153748989105
1982-06-08,0.16345153748989105
1982-06-09,0.16276808083057404
1982-06-10,0.16140031814575195
1982-06-11,0.16208384931087494
1982-06-14,0.16276808083057404
1982-06-15,0.16345153748989105
1982-06-16,0.16755536198616028
1982-06-17,0.16755536198616028
1982-06-18,0.16823886334896088
1982-06-21,0.16755536198616028
1982-06-22,0.16755536198616028
1982-06-23,0.16687121987342834
1982-06-24,0.16687121987342834
1982-06-25,0.16687121987342834
1982-06-28,0.16687121987342834
1982-06-29,0.16892315447330475
1982-06-30,0.17097501456737518
1982-07-01,0.17097501456737518
1982-07-02,0.17097501456737518
1982-07-06,0.17097501456737518
1982-07-07,0.17097501456737518
1982-07-08,0.17097501456737518
1982-07-09,0.17097501456737518
1982-07-12,0.17371049523353577
1982-07-13,0.18396860361099243
1982-07-14,0.1846528798341751
1982-07-15,0.19149215519428253
1982-07-16,0.19285984337329865
1982-07-19,0.19627872109413147
1982-07-20,0.19012367725372314
1982-07-21,0.19012367725372314
1982-07-22,0.19012367725372314
1982-07-23,0.19080789387226105
1982-07-26,0.19080789387226105
1982-07-27,0.19217562675476074
1982-07-28,0.19354330003261566
1982-07-29,0.18944025039672852
1982-07-30,0.19012367725372314
1982-08-02,0.19012367725372314
1982-08-03,0.19217562675476074
1982-08-04,0.19217562675476074
1982-08-05,0.19217562675476074
1982-08-06,0.18944025039672852
1982-08-09,0.1846528798341751
1982-08-10,0.18328511714935303
1982-08-11,0.1812332421541214
1982-08-12,0.1771300584077835
1982-08-13,0.17302630841732025
1982-08-16,0.17302630841732025
1982-08-17,0.18328511714935303
1982-08-18,0.19149215519428253
1982-08-19,0.19833068549633026
1982-08-20,0.20927317440509796
1982-08-23,0.20858950912952423
1982-08-24,0.21064074337482452
1982-08-25,0.21474456787109375
1982-08-26,0.21816349029541016
1982-08-27,0.2188476324081421
1982-08-30,0.21748003363609314
1982-08-31,0.21953187882900238
1982-09-01,0.2188476324081421
1982-09-02,0.2188476324081421
1982-09-03,0.2215830385684967
1982-09-07,0.22431926429271698
1982-09-08,0.22773823142051697
1982-09-09,0.2345775067806244
1982-09-10,0.2338932305574417
1982-09-13,0.24141664803028107
1982-09-14,0.24620398879051208
1982-09-15,0.24278438091278076
1982-09-16,0.23526166379451752
1982-09-17,0.2345775067806244
1982-09-20,0.2338932305574417
1982-09-21,0.2509908080101013
1982-09-22,0.25304263830184937
1982-09-23,0.24620398879051208
1982-09-24,0.24825522303581238
1982-09-27,0.25304263830184937
1982-09-28,0.2578299045562744
1982-09-29,0.25304263830184937
1982-09-30,0.2544102370738983
1982-10-01,0.2537268400192261
1982-10-04,0.24210025370121002
1982-10-05,0.23526166379451752
1982-10-06,0.2366293966770172
1982-10-07,0.2516748905181885
1982-10-08,0.26398491859436035
1982-10-11,0.2646692097187042
1982-10-12,0.26193317770957947
1982-10-13,0.2660368084907532
1982-10-14,0.2605653703212738
1982-10-15,0.25714632868766785
1982-10-18,0.26261723041534424
1982-10-19,0.2516748905181885
1982-10-20,0.2489394098520279
1982-10-21,0.2544102370738983
1982-10-22,0.2550945281982422
1982-10-25,0.2544102370738983
1982-10-26,0.2585141658782959
1982-10-27,0.2605653703212738
1982-10-28,0.2605653703212738
1982-10-29,0.25714632868766785
1982-11-01,0.25714632868766785
1982-11-02,0.26398491859436035
1982-11-03,0.2735595703125
1982-11-04,0.27492737770080566
1982-11-05,0.2762950360774994
1982-11-08,0.27834710478782654
1982-11-09,0.2803988754749298
1982-11-10,0.29476022720336914
1982-11-11,0.2810823619365692
1982-11-12,0.2653525769710541
1982-11-15,0.2544102370738983
1982-11-16,0.24551986157894135
1982-11-17,0.25030726194381714
1982-11-18,0.2516748905181885
1982-11-19,0.255778044462204
1982-11-22,0.2550945281982422
1982-11-23,0.2564621865749359
1982-11-24,0.2598816752433777
1982-11-26,0.2674045264720917
1982-11-29,0.2708241939544678
1982-11-30,0.28518643975257874
1982-12-01,0.2913413345813751
1982-12-02,0.2913413345813751
1982-12-03,0.2920248806476593
1982-12-06,0.29817983508110046
1982-12-07,0.30228370428085327
1982-12-08,0.3029671907424927
1982-12-09,0.2940766513347626
1982-12-10,0.29270902276039124
1982-12-13,0.2872375249862671
1982-12-14,0.2831342816352844
1982-12-15,0.26808878779411316
1982-12-16,0.2633014917373657
1982-12-17,0.2694566249847412
1982-12-20,0.2653525769710541
1982-12-21,0.2646692097187042
1982-12-22,0.2660368084907532
1982-12-23,0.2728753983974457
1982-12-27,0.2687724530696869
1982-12-28,0.26193317770957947
1982-12-29,0.2598816752433777
1982-12-30,0.2578299045562744
1982-12-31,0.2468874305486679
1983-01-03,0.24073243141174316
1983-01-04,0.2386806756258011
1983-01-05,0.23526166379451752
1983-01-06,0.25304263830184937
1983-01-07,0.23252539336681366
1983-01-10,0.21611231565475464
1983-01-11,0.21200840175151825
1983-01-12,0.22842252254486084
1983-01-13,0.23526166379451752
1983-01-14,0.24073243141174316
1983-01-17,0.22842252254486084
1983-01-18,0.22431926429271698
1983-01-19,0.2270546853542328
1983-01-20,0.2366293966770172
1983-01-21,0.2338932305574417
1983-01-24,0.2270546853542328
1983-01-25,0.2270546853542328
1983-01-26,0.22431926429271698
1983-01-27,0.2188476324081421
1983-01-28,0.2188476324081421
1983-01-31,0.2188476324081421
1983-02-01,0.21748003363609314
1983-02-02,0.21200840175151825
1983-02-03,0.21337682008743286
1983-02-04,0.22021546959877014
1983-02-07,0.2188476324081421
1983-02-08,0.21474456787109375
1983-02-09,0.22021546959877014
1983-02-10,0.2215830385684967
1983-02-11,0.23526166379451752
1983-02-14,0.2489394098520279
1983-02-15,0.2516748905181885
1983-02-16,0.2475719004869461
1983-02-17,0.25304263830184937
1983-02-18,0.25304263830184937
1983-02-22,0.2475719004869461
1983-02-23,0.25030726194381714
1983-02-24,0.20927317440509796
1983-02-25,0.18602055311203003
1983-02-28,0.19559518992900848
1983-03-01,0.19285984337329865
1983-03-02,0.18738830089569092
1983-03-03,0.18191733956336975
1983-03-04,0.1778135597705841
1983-03-07,0.1750781536102295
1983-03-08,0.17097501456737518
1983-03-09,0.1750781536102295
1983-03-10,0.1791812777519226
1983-03-11,0.1778135597705841
1983-03-14,0.17644579708576202
1983-03-15,0.17644579708576202
1983-03-16,0.17644579708576202
1983-03-17,0.1750781536102295
1983-03-18,0.17097501456737518
1983-03-21,0.17371049523353577
1983-03-22,0.1750781536102295
1983-03-23,0.1778135597705841
1983-03-24,0.17371049523353577
1983-03-25,0.17644579708576202
1983-03-28,0.1750781536102295
1983-03-29,0.17644579708576202
1983-03-30,0.1778135597705841
1983-03-31,0.18328511714935303
1983-04-04,0.18328511714935303
1983-04-05,0.18328511714935303
1983-04-06,0.18054968118667603
1983-04-07,0.18191733956336975
1983-04-08,0.1791812777519226
1983-04-11,0.1778135597705841
1983-04-12,0.1778135597705841
1983-04-13,0.1778135597705841
1983-04-14,0.1778135597705841
1983-04-15,0.1846528798341751
1983-04-18,0.1846528798341751
1983-04-19,0.18328511714935303
1983-04-20,0.1846528798341751
1983-04-21,0.18602055311203003
1983-04-22,0.19559518992900848
1983-04-25,0.20243455469608307
1983-04-26,0.22295087575912476
1983-04-27,0.2188476324081421
1983-04-28,0.21200840175151825
1983-04-29,0.21748003363609314
1983-05-02,0.2188476324081421
1983-05-03,0.21337682008743286
1983-05-04,0.21474456787109375
1983-05-05,0.21474456787109375
1983-05-06,0.21337682008743286
1983-05-09,0.21474456787109375
1983-05-10,0.21200840175151825
1983-05-11,0.2051698863506317
1983-05-12,0.2079053372144699
1983-05-13,0.20927317440509796
1983-05-16,0.1996982991695404
1983-05-17,0.2051698863506317
1983-05-18,0.21200840175151825
1983-05-19,0.21611231565475464
1983-05-20,0.21474456787109375
1983-05-23,0.21474456787109375
1983-05-24,0.22021546959877014
1983-05-25,0.21611231565475464
1983-05-26,0.21611231565475464
1983-05-27,0.21474456787109375
1983-05-31,0.21474456787109375
1983-06-01,0.21611231565475464
1983-06-02,0.21611231565475464
1983-06-03,0.21611231565475464
1983-06-06,0.21337682008743286
1983-06-07,0.20927317440509796
1983-06-08,0.2051698863506317
1983-06-09,0.20243455469608307
1983-06-10,0.2051698863506317
1983-06-13,0.2038021832704544
1983-06-14,0.20243455469608307
1983-06-15,0.19833068549633026
1983-06-16,0.19559518992900848
1983-06-17,0.19559518992900848
1983-06-20,0.19285984337329865
1983-06-21,0.19285984337329865
1983-06-22,0.19012367725372314
1983-06-23,0.18875598907470703
1983-06-24,0.19012367725372314
1983-06-27,0.19012367725372314
1983-06-28,0.18875598907470703
1983-06-29,0.18738830089569092
1983-06-30,0.18738830089569092
1983-07-01,0.19149215519428253
1983-07-05,0.19149215519428253
1983-07-06,0.18875598907470703
1983-07-07,0.18602055311203003
1983-07-08,0.18054968118667603
1983-07-11,0.18328511714935303
1983-07-12,0.18191733956336975
1983-07-13,0.1778135597705841
1983-07-14,0.1791812777519226
1983-07-15,0.1778135597705841
1983-07-18,0.1750781536102295
1983-07-19,0.1778135597705841
1983-07-20,0.19149215519428253
1983-07-21,0.20106609165668488
1983-07-22,0.2065376192331314
1983-07-25,0.2051698863506317
1983-07-26,0.2051698863506317
1983-07-27,0.19149215519428253
1983-07-28,0.18191733956336975
1983-07-29,0.18328511714935303
1983-08-01,0.18191733956336975
1983-08-02,0.18328511714935303
1983-08-03,0.18738830089569092
1983-08-04,0.18602055311203003
1983-08-05,0.18602055311203003
1983-08-08,0.18602055311203003
1983-08-09,0.1846528798341751
1983-08-10,0.18328511714935303
1983-08-11,0.18191733956336975
1983-08-12,0.1846528798341751
1983-08-15,0.19559518992900848
1983-08-16,0.19422747194766998
1983-08-17,0.19285984337329865
1983-08-18,0.18875598907470703
1983-08-19,0.18602055311203003
1983-08-22,0.18875598907470703
1983-08-23,0.18602055311203003
1983-08-24,0.18328511714935303
1983-08-25,0.1846528798341751
1983-08-26,0.18191733956336975
1983-08-29,0.18191733956336975
1983-08-30,0.18054968118667603
1983-08-31,0.18602055311203003
1983-09-01,0.18602055311203003
1983-09-02,0.18875598907470703
1983-09-06,0.19012367725372314
1983-09-07,0.19012367725372314
1983-09-08,0.19012367725372314
1983-09-09,0.18875598907470703
1983-09-12,0.18054968118667603
1983-09-13,0.17644579708576202
1983-09-14,0.1750781536102295
1983-09-15,0.17644579708576202
1983-09-16,0.1778135597705841
1983-09-19,0.19012367725372314
1983-09-20,0.19285984337329865
1983-09-21,0.19285984337329865
1983-09-22,0.19696290791034698
1983-09-23,0.19559518992900848
1983-09-26,0.19149215519428253
1983-09-27,0.18738830089569092
1983-09-28,0.18738830089569092
1983-09-29,0.18328511714935303
1983-09-30,0.1846528798341751
1983-10-03,0.18328511714935303
1983-10-04,0.19149215519428253
1983-10-05,0.19696290791034698
1983-10-06,0.19696290791034698
1983-10-07,0.19696290791034698
1983-10-10,0.19833068549633026
1983-10-11,0.19696290791034698
1983-10-12,0.20106609165668488
1983-10-13,0.20243455469608307
1983-10-14,0.20106609165668488
1983-10-17,0.20106609165668488
1983-10-18,0.20243455469608307
1983-10-19,0.19696290791034698
1983-10-20,0.19833068549633026
1983-10-21,0.19696290791034698
1983-10-24,0.19696290791034698
1983-10-25,0.1996982991695404
1983-10-26,0.20106609165668488
1983-10-27,0.1996982991695404
1983-10-28,0.1996982991695404
1983-10-31,0.1996982991695404
1983-11-01,0.20106609165668488
1983-11-02,0.1996982991695404
1983-11-03,0.1996982991695404
1983-11-04,0.1996982991695404
1983-11-07,0.20106609165668488
1983-11-08,0.19559518992900848
1983-11-09,0.19422747194766998
1983-11-10,0.19422747194766998
1983-11-11,0.19422747194766998
1983-11-14,0.19696290791034698
1983-11-15,0.19559518992900848
1983-11-16,0.1996982991695404
1983-11-17,0.18328511714935303
1983-11-18,0.18191733956336975
1983-11-21,0.18054968118667603
1983-11-22,0.1778135597705841
1983-11-23,0.17371049523353577
1983-11-25,0.16823886334896088
1983-11-28,0.16276808083057404
1983-11-29,0.16550353169441223
1983-11-30,0.16687121987342834
1983-12-01,0.16823886334896088
1983-12-02,0.16687121987342834
1983-12-05,0.16276808083057404
1983-12-06,0.16276808083057404
1983-12-07,0.16140031814575195
1983-12-08,0.16140031814575195
1983-12-09,0.16140031814575195
1983-12-12,0.1600327044725418
1983-12-13,0.16687121987342834
1983-12-14,0.16413573920726776
1983-12-15,0.16550353169441223
1983-12-16,0.16140031814575195
1983-12-19,0.16140031814575195
1983-12-20,0.1600327044725418
1983-12-21,0.16276808083057404
1983-12-22,0.16140031814575195
1983-12-23,0.16413573920726776
1983-12-27,0.16413573920726776
1983-12-28,0.16276808083057404
1983-12-29,0.16140031814575195
1983-12-30,0.1586650162935257
1984-01-03,0.16276808083057404
1984-01-04,0.16823886334896088
1984-01-05,0.17371049523353577
1984-01-06,0.1791812777519226
1984-01-09,0.1778135597705841
1984-01-10,0.16823886334896088
1984-01-11,0.16276808083057404
1984-01-12,0.1586650162935257
1984-01-13,0.1600327044725418
1984-01-16,0.16413573920726776
1984-01-17,0.16413573920726776
1984-01-18,0.16413573920726776
1984-01-19,0.16413573920726776
1984-01-20,0.16140031814575195
1984-01-23,0.16140031814575195
1984-01-24,0.1600327044725418
1984-01-25,0.1586650162935257
1984-01-26,0.1600327044725418
1984-01-27,0.1600327044725418
1984-01-30,0.15592879056930542
1984-01-31,0.1545611470937729
1984-02-01,0.150457963347435
1984-02-02,0.14635421335697174
1984-02-03,0.14635421335697174
1984-02-06,0.14225095510482788
1984-02-07,0.13814786076545715
1984-02-08,0.12994083762168884
1984-02-09,0.13130861520767212
1984-02-10,0.13130861520767212
1984-02-13,0.12857316434383392
1984-02-14,0.14225095510482788
1984-02-15,0.1449863761663437
1984-02-16,0.13951560854911804
1984-02-17,0.13951560854911804
1984-02-21,0.13541172444820404
1984-02-22,0.13404406607151031
1984-02-23,0.13130861520767212
1984-02-24,0.12857316434383392
1984-02-27,0.13130861520767212
1984-02-28,0.1258377730846405
1984-02-29,0.1258377730846405
1984-03-01,0.1272055059671402
1984-03-02,0.12857316434383392
1984-03-05,0.1272055059671402
1984-03-06,0.12994083762168884
1984-03-07,0.1244693472981453
1984-03-08,0.1272055059671402
1984-03-09,0.1272055059671402
1984-03-12,0.12857316434383392
1984-03-13,0.12857316434383392
1984-03-14,0.12994083762168884
1984-03-15,0.13130861520767212
1984-03-16,0.13130861520767212
1984-03-19,0.13130861520767212
1984-03-20,0.12857316434383392
1984-03-21,0.12857316434383392
1984-03-22,0.1258377730846405
1984-03-23,0.1258377730846405
1984-03-26,0.1244693472981453
1984-03-27,0.1244693472981453
1984-03-28,0.1272055059671402
1984-03-29,0.1258377730846405
1984-03-30,0.1258377730846405
1984-04-02,0.1244693472981453
1984-04-03,0.12173391133546829
1984-04-04,0.12036621570587158
1984-04-05,0.11079151928424835
1984-04-06,0.10942381620407104
1984-04-09,0.10942381620407104
1984-04-10,0.10805615782737732
1984-04-11,0.10532069206237793
1984-04-12,0.10668841004371643
1984-04-13,0.10942381620407104
1984-04-16,0.10942381620407104
1984-04-17,0.10942381620407104
1984-04-18,0.10805615782737732
1984-04-19,0.11079151928424835
1984-04-23,0.11079151928424835
1984-04-24,0.10942381620407104
1984-04-25,0.11079151928424835
1984-04-26,0.11079151928424835
1984-04-27,0.10942381620407104
1984-04-30,0.10942381620407104
1984-05-01,0.11079151928424835
1984-05-02,0.11489541083574295
1984-05-03,0.11489541083574295
1984-05-04,0.11352701485157013
1984-05-07,0.11489541083574295
1984-05-08,0.11489541083574295
1984-05-09,0.1162630245089531
1984-05-10,0.12173391133546829
1984-05-11,0.11899848282337189
1984-05-14,0.12036621570587158
1984-05-15,0.12173391133546829
1984-05-16,0.12173391133546829
1984-05-17,0.11763083189725876
1984-05-18,0.11489541083574295
1984-05-21,0.11079151928424835
1984-05-22,0.11215927451848984
1984-05-23,0.10942381620407104
1984-05-24,0.10805615782737732
1984-05-25,0.10942381620407104
1984-05-29,0.10668841004371643
1984-05-30,0.10668841004371643
1984-05-31,0.10668841004371643
1984-06-01,0.10942381620407104
1984-06-04,0.10942381620407104
1984-06-05,0.10668841004371643
1984-06-06,0.10805615782737732
1984-06-07,0.10805615782737732
1984-06-08,0.11352701485157013
1984-06-11,0.11079151928424835
1984-06-12,0.11079151928424835
1984-06-13,0.11079151928424835
1984-06-14,0.11215927451848984
1984-06-15,0.11352701485157013
1984-06-18,0.11215927451848984
1984-06-19,0.11079151928424835
1984-06-20,0.11352701485157013
1984-06-21,0.11215927451848984
1984-06-22,0.10942381620407104
1984-06-25,0.10668841004371643
1984-06-26,0.10532069206237793
1984-06-27,0.10532069206237793
1984-06-28,0.10805615782737732
1984-06-29,0.10942381620407104
1984-07-02,0.10942381620407104
1984-07-03,0.10942381620407104
1984-07-05,0.10942381620407104
1984-07-06,0.10942381620407104
1984-07-09,0.10942381620407104
1984-07-10,0.11079151928424835
1984-07-11,0.10942381620407104
1984-07-12,0.10668841004371643
1984-07-13,0.10668841004371643
1984-07-16,0.10532069206237793
1984-07-17,0.10532069206237793
1984-07-18,0.0998491495847702
1984-07-19,0.0998491495847702
1984-07-20,0.09848145395517349
1984-07-23,0.09437835961580276
1984-07-24,0.09164220839738846
1984-07-25,0.09027446061372757
1984-07-26,0.09027446061372757
1984-07-27,0.09301064908504486
1984-07-30,0.09437835961580276
1984-07-31,0.09164220839738846
1984-08-01,0.09164220839738846
1984-08-02,0.09164220839738846
1984-08-03,0.09437835961580276
1984-08-06,0.09574607759714127
1984-08-07,0.0998491495847702
1984-08-08,0.10395301878452301
1984-08-09,0.10942381620407104
1984-08-10,0.11079151928424835
1984-08-13,0.11215927451848984
1984-08-14,0.11215927451848984
1984-08-15,0.11215927451848984
1984-08-16,0.11079151928424835
1984-08-17,0.10395301878452301
1984-08-20,0.10258462280035019
1984-08-21,0.10942381620407104
1984-08-22,0.10668841004371643
1984-08-23,0.10805615782737732
1984-08-24,0.10805615782737732
1984-08-27,0.10805615782737732
1984-08-28,0.10805615782737732
1984-08-29,0.11079151928424835
1984-08-30,0.11079151928424835
1984-08-31,0.11215927451848984
1984-09-04,0.11079151928424835
1984-09-05,0.11079151928424835
1984-09-06,0.11079151928424835
1984-09-07,0.11079151928424835
1984-09-10,0.10805615782737732
1984-09-11,0.11215927451848984
1984-09-12,0.11352701485157013
1984-09-13,0.11079151928424835
1984-09-14,0.11079151928424835
1984-09-17,0.10805615782737732
1984-09-18,0.10395301878452301
1984-09-19,0.10395301878452301
1984-09-20,0.0998491495847702
1984-09-21,0.0998491495847702
1984-09-24,0.09711373597383499
1984-09-25,0.09711373597383499
1984-09-26,0.0998491495847702
1984-09-27,0.09848145395517349
1984-09-28,0.09848145395517349
1984-10-01,0.09574607759714127
1984-10-02,0.09574607759714127
1984-10-03,0.09574607759714127
1984-10-04,0.09437835961580276
1984-10-05,0.09164220839738846
1984-10-08,0.09027446061372757
1984-10-09,0.09027446061372757
1984-10-10,0.09164220839738846
1984-10-11,0.09164220839738846
1984-10-12,0.09027446061372757
1984-10-15,0.09027446061372757
1984-10-16,0.09027446061372757
1984-10-17,0.09164220839738846
1984-10-18,0.09027446061372757
1984-10-19,0.08890677988529205
1984-10-22,0.08890677988529205
1984-10-23,0.08890677988529205
1984-10-24,0.08617135882377625
1984-10-25,0.08617135882377625
1984-10-26,0.08343591541051865
1984-10-29,0.08206818252801895
1984-10-30,0.0806998759508133
1984-10-31,0.0752289816737175
1984-11-01,0.0765967145562172
1984-11-02,0.07796439528465271
1984-11-05,0.0765967145562172
1984-11-06,0.0806998759508133
1984-11-07,0.07933210581541061
1984-11-08,0.07933210581541061
1984-11-09,0.07933210581541061
1984-11-12,0.07933210581541061
1984-11-13,0.07796439528465271
1984-11-14,0.0765967145562172
1984-11-15,0.0752289816737175
1984-11-16,0.0765967145562172
1984-11-19,0.0752289816737175
1984-11-20,0.0765967145562172
1984-11-21,0.0765967145562172
1984-11-23,0.0806998759508133
1984-11-26,0.08206818252801895
1984-11-27,0.08480367064476013
1984-11-28,0.08343591541051865
1984-11-29,0.08480367064476013
1984-11-30,0.08480367064476013
1984-12-03,0.08480367064476013
1984-12-04,0.08206818252801895
1984-12-05,0.08206818252801895
1984-12-06,0.0806998759508133
1984-12-07,0.08343591541051865
1984-12-10,0.0806998759508133
1984-12-11,0.0806998759508133
1984-12-12,0.07933210581541061
1984-12-13,0.0806998759508133
1984-12-14,0.08480367064476013
1984-12-17,0.08617135882377625
1984-12-18,0.08890677988529205
1984-12-19,0.09164220839738846
1984-12-20,0.08890677988529205
1984-12-21,0.08890677988529205
1984-12-24,0.08753907680511475
1984-12-26,0.08753907680511475
1984-12-27,0.08617135882377625
1984-12-28,0.08617135882377625
1984-12-31,0.08617135882377625
1985-01-02,0.08890677988529205
1985-01-03,0.09301064908504486
1985-01-04,0.09711373597383499
1985-01-07,0.09574607759714127
1985-01-08,0.09848145395517349
1985-01-09,0.09711373597383499
1985-01-10,0.09848145395517349
1985-01-11,0.09574607759714127
1985-01-14,0.09164220839738846
1985-01-15,0.08890677988529205
1985-01-16,0.09164220839738846
1985-01-17,0.09164220839738846
1985-01-18,0.09574607759714127
1985-01-21,0.1012168750166893
1985-01-22,0.1012168750166893
1985-01-23,0.10942381620407104
1985-01-24,0.1012168750166893
1985-01-25,0.10395301878452301
1985-01-28,0.10258462280035019
1985-01-29,0.10258462280035019
1985-01-30,0.10532069206237793
1985-01-31,0.1012168750166893
1985-02-01,0.1012168750166893
1985-02-04,0.10258462280035019
1985-02-05,0.10532069206237793
1985-02-06,0.10395301878452301
1985-02-07,0.10395301878452301
1985-02-08,0.10258462280035019
1985-02-11,0.10258462280035019
1985-02-12,0.10258462280035019
1985-02-13,0.10395301878452301
1985-02-14,0.10395301878452301
1985-02-15,0.10395301878452301
1985-02-19,0.10395301878452301
1985-02-20,0.10395301878452301
1985-02-21,0.10258462280035019
1985-02-22,0.10395301878452301
1985-02-25,0.10258462280035019
1985-02-26,0.10258462280035019
1985-02-27,0.1012168750166893
1985-02-28,0.0998491495847702
1985-03-01,0.1012168750166893
1985-03-04,0.1012168750166893
1985-03-05,0.1012168750166893
1985-03-06,0.1012168750166893
1985-03-07,0.1012168750166893
1985-03-08,0.0998491495847702
1985-03-11,0.09574607759714127
1985-03-12,0.09437835961580276
1985-03-13,0.09437835961580276
1985-03-14,0.09437835961580276
1985-03-15,0.0998491495847702
1985-03-18,0.09574607759714127
1985-03-19,0.09848145395517349
1985-03-20,0.09848145395517349
1985-03-21,0.09711373597383499
1985-03-22,0.09711373597383499
1985-03-25,0.09437835961580276
1985-03-26,0.09574607759714127
1985-03-27,0.09711373597383499
1985-03-28,0.09437835961580276
1985-03-29,0.09574607759714127
1985-04-01,0.09711373597383499
1985-04-02,0.09301064908504486
1985-04-03,0.09437835961580276
1985-04-04,0.09301064908504486
1985-04-08,0.09437835961580276
1985-04-09,0.09574607759714127
1985-04-10,0.09574607759714127
1985-04-11,0.09848145395517349
1985-04-12,0.09848145395517349
1985-04-15,0.0998491495847702
1985-04-16,0.10668841004371643
1985-04-17,0.11079151928424835
1985-04-18,0.11215927451848984
1985-04-19,0.11352701485157013
1985-04-22,0.10942381620407104
1985-04-23,0.11079151928424835
1985-04-24,0.11215927451848984
1985-04-25,0.11215927451848984
1985-04-26,0.11215927451848984
1985-04-29,0.10805615782737732
1985-04-30,0.10805615782737732
1985-05-01,0.11352701485157013
1985-05-02,0.11489541083574295
1985-05-03,0.11352701485157013
1985-05-06,0.11489541083574295
1985-05-07,0.11352701485157013
1985-05-08,0.11489541083574295
1985-05-09,0.11489541083574295
1985-05-10,0.11352701485157013
1985-05-13,0.11352701485157013
1985-05-14,0.11489541083574295
1985-05-15,0.11352701485157013
1985-05-16,0.1162630245089531
1985-05-17,0.1244693472981453
1985-05-20,0.12310171872377396
1985-05-21,0.11763083189725876
1985-05-22,0.12036621570587158
1985-05-23,0.11899848282337189
1985-05-24,0.12036621570587158
1985-05-28,0.12173391133546829
1985-05-29,0.12310171872377396
1985-05-30,0.12310171872377396
1985-05-31,0.12173391133546829
1985-06-03,0.11899848282337189
1985-06-04,0.11899848282337189
1985-06-05,0.11899848282337189
1985-06-06,0.11899848282337189
1985-06-07,0.11489541083574295
1985-06-10,0.11763083189725876
1985-06-11,0.1162630245089531
1985-06-12,0.11489541083574295
1985-06-13,0.11079151928424835
1985-06-14,0.11215927451848984
1985-06-17,0.10942381620407104
1985-06-18,0.11352701485157013
1985-06-19,0.11763083189725876
1985-06-20,0.11899848282337189
1985-06-21,0.12036621570587158
1985-06-24,0.12036621570587158
1985-06-25,0.12173391133546829
1985-06-26,0.12173391133546829
1985-06-27,0.12036621570587158
1985-06-28,0.11763083189725876
1985-07-01,0.11899848282337189
1985-07-02,0.11899848282337189
1985-07-03,0.11899848282337189
1985-07-05,0.1162630245089531
1985-07-08,0.11899848282337189
1985-07-09,0.11763083189725876
1985-07-10,0.1244693472981453
1985-07-11,0.12310171872377396
1985-07-12,0.12310171872377396
1985-07-15,0.1244693472981453
1985-07-16,0.1244693472981453
1985-07-17,0.1244693472981453
1985-07-18,0.1258377730846405
1985-07-19,0.1272055059671402
1985-07-22,0.1272055059671402
1985-07-23,0.12310171872377396
1985-07-24,0.1258377730846405
1985-07-25,0.1258377730846405
1985-07-26,0.12857316434383392
1985-07-29,0.1244693472981453
1985-07-30,0.12310171872377396
1985-07-31,0.12310171872377396
1985-08-01,0.12173391133546829
1985-08-02,0.1258377730846405
1985-08-05,0.1244693472981453
1985-08-06,0.12310171872377396
1985-08-07,0.1244693472981453
1985-08-08,0.1244693472981453
1985-08-09,0.12310171872377396
1985-08-12,0.12310171872377396
1985-08-13,0.1244693472981453
1985-08-14,0.1272055059671402
1985-08-15,0.1258377730846405
1985-08-16,0.1258377730846405
1985-08-19,0.1272055059671402
1985-08-20,0.1272055059671402
1985-08-21,0.1272055059671402
1985-08-22,0.12857316434383392
1985-08-23,0.13130861520767212
1985-08-26,0.12994083762168884
1985-08-27,0.12994083762168884
1985-08-28,0.13267628848552704
1985-08-29,0.13678015768527985
1985-08-30,0.13678015768527985
1985-09-03,0.13678015768527985
1985-09-04,0.13678015768527985
1985-09-05,0.13541172444820404
1985-09-06,0.13814786076545715
1985-09-09,0.13951560854911804
1985-09-10,0.14225095510482788
1985-09-11,0.13951560854911804
1985-09-12,0.13678015768527985
1985-09-13,0.13541172444820404
1985-09-16,0.13130861520767212
1985-09-17,0.1272055059671402
1985-09-18,0.12857316434383392
1985-09-19,0.13404406607151031
1985-09-20,0.13404406607151031
1985-09-23,0.14088331162929535
1985-09-24,0.13951560854911804
1985-09-25,0.14225095510482788
1985-09-26,0.1449863761663437
1985-09-30,0.14635421335697174
1985-10-01,0.1545611470937729
1985-10-02,0.150457963347435
1985-10-03,0.150457963347435
1985-10-04,0.1586650162935257
1985-10-07,0.1572965383529663
1985-10-08,0.1545611470937729
1985-10-09,0.1531934291124344
1985-10-10,0.1545611470937729
1985-10-11,0.1545611470937729
1985-10-14,0.15592879056930542
1985-10-15,0.1545611470937729
1985-10-16,0.1531934291124344
1985-10-17,0.15592879056930542
1985-10-18,0.1531934291124344
1985-10-21,0.1531934291124344
1985-10-22,0.150457963347435
1985-10-23,0.1531934291124344
1985-10-24,0.150457963347435
1985-10-25,0.14772260189056396
1985-10-28,0.1449863761663437
1985-10-29,0.14635421335697174
1985-10-30,0.1490902453660965
1985-10-31,0.14772260189056396
1985-11-01,0.14772260189056396
1985-11-04,0.14635421335697174
1985-11-05,0.1490902453660965
1985-11-06,0.14635421335697174
1985-11-07,0.14635421335697174
1985-11-08,0.14361876249313354
1985-11-11,0.14225095510482788
1985-11-12,0.1449863761663437
1985-11-13,0.14088331162929535
1985-11-14,0.14225095510482788
1985-11-15,0.13678015768527985
1985-11-18,0.13541172444820404
1985-11-19,0.13814786076545715
1985-11-20,0.14088331162929535
1985-11-21,0.14635421335697174
1985-11-22,0.150457963347435
1985-11-25,0.1490902453660965
1985-11-26,0.14772260189056396
1985-11-27,0.14635421335697174
1985-11-29,0.1449863761663437
1985-12-02,0.13951560854911804
1985-12-03,0.14088331162929535
1985-12-04,0.1449863761663437
1985-12-05,0.1490902453660965
1985-12-06,0.14772260189056396
1985-12-09,0.1449863761663437
1985-12-10,0.1449863761663437
1985-12-11,0.14635421335697174
1985-12-12,0.15592879056930542
1985-12-13,0.1545611470937729
1985-12-16,0.15592879056930542
1985-12-17,0.15182572603225708
1985-12-18,0.1490902453660965
1985-12-19,0.15182572603225708
1985-12-20,0.15592879056930542
1985-12-23,0.1545611470937729
1985-12-24,0.1531934291124344
1985-12-26,0.15182572603225708
1985-12-27,0.1531934291124344
1985-12-30,0.1531934291124344
1985-12-31,0.1545611470937729
1986-01-02,0.150457963347435
1986-01-03,0.1600327044725418
1986-01-06,0.16413573920726776
1986-01-07,0.16960734128952026
1986-01-08,0.1723427176475525
1986-01-09,0.1723427176475525
1986-01-10,0.1723427176475525
1986-01-13,0.17097501456737518
1986-01-14,0.16550353169441223
1986-01-15,0.1750781536102295
1986-01-16,0.1750781536102295
1986-01-17,0.17371049523353577
1986-01-20,0.1750781536102295
1986-01-21,0.17371049523353577
1986-01-22,0.1750781536102295
1986-01-23,0.17371049523353577
1986-01-24,0.17644579708576202
1986-01-27,0.17644579708576202
1986-01-28,0.18191733956336975
1986-01-29,0.1846528798341751
1986-01-30,0.1846528798341751
1986-01-31,0.1846528798341751
1986-02-03,0.18191733956336975
1986-02-04,0.18054968118667603
1986-02-05,0.18054968118667603
1986-02-06,0.18328511714935303
1986-02-07,0.18328511714935303
1986-02-10,0.18191733956336975
1986-02-11,0.18328511714935303
1986-02-12,0.18738830089569092
1986-02-13,0.18328511714935303
1986-02-14,0.18602055311203003
1986-02-18,0.18602055311203003
1986-02-19,0.19149215519428253
1986-02-20,0.19012367725372314
1986-02-21,0.19012367725372314
1986-02-24,0.18875598907470703
1986-02-25,0.18602055311203003
1986-02-26,0.18602055311203003
1986-02-27,0.18054968118667603
1986-02-28,0.1791812777519226
1986-03-03,0.1778135597705841
1986-03-04,0.18328511714935303
1986-03-05,0.1846528798341751
1986-03-06,0.18738830089569092
1986-03-07,0.1723427176475525
1986-03-10,0.1778135597705841
1986-03-11,0.18191733956336975
1986-03-12,0.18602055311203003
1986-03-13,0.18602055311203003
1986-03-14,0.18738830089569092
1986-03-17,0.1846528798341751
1986-03-18,0.18328511714935303
1986-03-19,0.18328511714935303
1986-03-20,0.18738830089569092
1986-03-21,0.18328511714935303
1986-03-24,0.18602055311203003
1986-03-25,0.19285984337329865
1986-03-26,0.1996982991695404
1986-03-27,0.20106609165668488
1986-03-31,0.19833068549633026
1986-04-01,0.19285984337329865
1986-04-02,0.18738830089569092
1986-04-03,0.18328511714935303
1986-04-04,0.1846528798341751
1986-04-07,0.1778135597705841
1986-04-08,0.1750781536102295
1986-04-09,0.17644579708576202
1986-04-10,0.18054968118667603
1986-04-11,0.18191733956336975
1986-04-14,0.18191733956336975
1986-04-15,0.18602055311203003
1986-04-16,0.18875598907470703
1986-04-17,0.18875598907470703
1986-04-18,0.19012367725372314
1986-04-21,0.18738830089569092
1986-04-22,0.18602055311203003
1986-04-23,0.18328511714935303
1986-04-24,0.18191733956336975
1986-04-25,0.18328511714935303
1986-04-28,0.18191733956336975
1986-04-29,0.1791812777519226
1986-04-30,0.17644579708576202
1986-05-01,0.1723427176475525
1986-05-02,0.16687121987342834
1986-05-05,0.1723427176475525
1986-05-06,0.1750781536102295
1986-05-07,0.17371049523353577
1986-05-08,0.1750781536102295
1986-05-09,0.17644579708576202
1986-05-12,0.17644579708576202
1986-05-13,0.17644579708576202
1986-05-14,0.1778135597705841
1986-05-15,0.1778135597705841
1986-05-16,0.1791812777519226
1986-05-19,0.1778135597705841
1986-05-20,0.17644579708576202
1986-05-21,0.17371049523353577
1986-05-22,0.1750781536102295
1986-05-23,0.17644579708576202
1986-05-27,0.1791812777519226
1986-05-28,0.18328511714935303
1986-05-29,0.18875598907470703
1986-05-30,0.19149215519428253
1986-06-02,0.1846528798341751
1986-06-03,0.18602055311203003
1986-06-04,0.18738830089569092
1986-06-05,0.19559518992900848
1986-06-06,0.19696290791034698
1986-06-09,0.19285984337329865
1986-06-10,0.19149215519428253
1986-06-11,0.19012367725372314
1986-06-12,0.19012367725372314
1986-06-13,0.19285984337329865
1986-06-16,0.19422747194766998
1986-06-17,0.19559518992900848
1986-06-18,0.19422747194766998
1986-06-19,0.1846528798341751
1986-06-20,0.19149215519428253
1986-06-23,0.19285984337329865
1986-06-24,0.19696290791034698
1986-06-25,0.20927317440509796
1986-06-26,0.2188476324081421
1986-06-27,0.21064074337482452
1986-06-30,0.21337682008743286
1986-07-01,0.21611231565475464
1986-07-02,0.22021546959877014
1986-07-03,0.21611231565475464
1986-07-07,0.2065376192331314
1986-07-08,0.2038021832704544
1986-07-09,0.2038021832704544
1986-07-10,0.1996982991695404
1986-07-11,0.19833068549633026
1986-07-14,0.19422747194766998
1986-07-15,0.19285984337329865
1986-07-16,0.19559518992900848
1986-07-17,0.19012367725372314
1986-07-18,0.18328511714935303
1986-07-21,0.18054968118667603
1986-07-22,0.16687121987342834
1986-07-23,0.16960734128952026
1986-07-24,0.1600327044725418
1986-07-25,0.15592879056930542
1986-07-28,0.1545611470937729
1986-07-29,0.1531934291124344
1986-07-30,0.15182572603225708
1986-07-31,0.1531934291124344
1986-08-01,0.1531934291124344
1986-08-04,0.150457963347435
1986-08-05,0.15182572603225708
1986-08-06,0.15182572603225708
1986-08-07,0.15592879056930542
1986-08-08,0.1572965383529663
1986-08-11,0.1600327044725418
1986-08-12,0.1572965383529663
1986-08-13,0.1600327044725418
1986-08-14,0.16276808083057404
1986-08-15,0.16823886334896088
1986-08-18,0.17097501456737518
1986-08-19,0.16823886334896088
1986-08-20,0.1723427176475525
1986-08-21,0.16960734128952026
1986-08-22,0.16960734128952026
1986-08-25,0.16413573920726776
1986-08-26,0.16276808083057404
1986-08-27,0.16276808083057404
1986-08-28,0.16140031814575195
1986-08-29,0.1600327044725418
1986-09-02,0.150457963347435
1986-09-03,0.1545611470937729
1986-09-04,0.1572965383529663
1986-09-05,0.1586650162935257
1986-09-08,0.16140031814575195
1986-09-09,0.1586650162935257
1986-09-10,0.1572965383529663
1986-09-11,0.150457963347435
1986-09-12,0.14225095510482788
1986-09-15,0.13951560854911804
1986-09-16,0.13130861520767212
1986-09-17,0.14225095510482788
1986-09-18,0.14088331162929535
1986-09-19,0.13814786076545715
1986-09-22,0.13951560854911804
1986-09-23,0.13267628848552704
1986-09-24,0.1272055059671402
1986-09-25,0.1244693472981453
1986-09-26,0.1244693472981453
1986-09-29,0.11899848282337189
1986-09-30,0.1162630245089531
1986-10-01,0.12036621570587158
1986-10-02,0.13404406607151031
1986-10-03,0.14225095510482788
1986-10-06,0.13814786076545715
1986-10-07,0.13678015768527985
1986-10-08,0.13951560854911804
1986-10-09,0.1449863761663437
1986-10-10,0.1490902453660965
1986-10-13,0.150457963347435
1986-10-14,0.14225095510482788
1986-10-15,0.14361876249313354
1986-10-16,0.1449863761663437
1986-10-17,0.14088331162929535
1986-10-20,0.13814786076545715
1986-10-21,0.13951560854911804
1986-10-22,0.13678015768527985
1986-10-23,0.13951560854911804
1986-10-24,0.13951560854911804
1986-10-27,0.13814786076545715
1986-10-28,0.13678015768527985
1986-10-29,0.13814786076545715
1986-10-30,0.14361876249313354
1986-10-31,0.1600327044725418
1986-11-03,0.16550353169441223
1986-11-04,0.1572965383529663
1986-11-05,0.16140031814575195
1986-11-06,0.1531934291124344
1986-11-07,0.150457963347435
1986-11-10,0.1490902453660965
1986-11-11,0.1545611470937729
1986-11-12,0.150457963347435
1986-11-13,0.1449863761663437
1986-11-14,0.1490902453660965
1986-11-17,0.14772260189056396
1986-11-18,0.1449863761663437
1986-11-19,0.14088331162929535
1986-11-20,0.14225095510482788
1986-11-21,0.14225095510482788
1986-11-24,0.1449863761663437
1986-11-25,0.1449863761663437
1986-11-26,0.15182572603225708
1986-11-28,0.1531934291124344
1986-12-01,0.15592879056930542
1986-12-02,0.1572965383529663
1986-12-03,0.1586650162935257
1986-12-04,0.1572965383529663
1986-12-05,0.1531934291124344
1986-12-08,0.14772260189056396
1986-12-09,0.14088331162929535
1986-12-10,0.13678015768527985
1986-12-11,0.13267628848552704
1986-12-12,0.12994083762168884
1986-12-15,0.1258377730846405
1986-12-16,0.12857316434383392
1986-12-17,0.13130861520767212
1986-12-18,0.13541172444820404
1986-12-19,0.13951560854911804
1986-12-22,0.13541172444820404
1986-12-23,0.13130861520767212
1986-12-24,0.12857316434383392
1986-12-26,0.12857316434383392
1986-12-29,0.12994083762168884
1986-12-30,0.12857316434383392
1986-12-31,0.12857316434383392
1987-01-02,0.12857316434383392
1987-01-05,0.13267628848552704
1987-01-06,0.1272055059671402
1987-01-07,0.12857316434383392
1987-01-08,0.12857316434383392
1987-01-09,0.12994083762168884
1987-01-12,0.12994083762168884
1987-01-13,0.13404406607151031
1987-01-14,0.13541172444820404
1987-01-15,0.14088331162929535
1987-01-16,0.13404406607151031
1987-01-19,0.13130861520767212
1987-01-20,0.13130861520767212
1987-01-21,0.13130861520767212
1987-01-22,0.13404406607151031
1987-01-23,0.13130861520767212
1987-01-26,0.12857316434383392
1987-01-27,0.13404406607151031
1987-01-28,0.13404406607151031
1987-01-29,0.13678015768527985
1987-01-30,0.13541172444820404
1987-02-02,0.14361876249313354
1987-02-03,0.14635421335697174
1987-02-04,0.150457963347435
1987-02-05,0.14772260189056396
1987-02-06,0.14635421335697174
1987-02-09,0.1449863761663437
1987-02-10,0.14088331162929535
1987-02-11,0.14635421335697174
1987-02-12,0.1531934291124344
1987-02-13,0.14772260189056396
1987-02-17,0.150457963347435
1987-02-18,0.1490902453660965
1987-02-19,0.14635421335697174
1987-02-20,0.14772260189056396
1987-02-23,0.14772260189056396
1987-02-24,0.1449863761663437
1987-02-25,0.14225095510482788
1987-02-26,0.1449863761663437
1987-02-27,0.16413573920726776
1987-03-02,0.1600327044725418
1987-03-03,0.1545611470937729
1987-03-04,0.16140031814575195
1987-03-05,0.16823886334896088
1987-03-06,0.17371049523353577
1987-03-09,0.17371049523353577
1987-03-10,0.18054968118667603
1987-03-11,0.18738830089569092
1987-03-12,0.19149215519428253
1987-03-13,0.18328511714935303
1987-03-16,0.18875598907470703
1987-03-17,0.19285984337329865
1987-03-18,0.19012367725372314
1987-03-19,0.19012367725372314
1987-03-20,0.2038021832704544
1987-03-23,0.20243455469608307
1987-03-24,0.20243455469608307
1987-03-25,0.20243455469608307
1987-03-26,0.20243455469608307
1987-03-27,0.20106609165668488
1987-03-30,0.18875598907470703
1987-03-31,0.19833068549633026
1987-04-01,0.19559518992900848
1987-04-02,0.19696290791034698
1987-04-03,0.19833068549633026
1987-04-06,0.19559518992900848
1987-04-07,0.19149215519428253
1987-04-08,0.1846528798341751
1987-04-09,0.18191733956336975
1987-04-10,0.17644579708576202
1987-04-13,0.1750781536102295
1987-04-14,0.17371049523353577
1987-04-15,0.17644579708576202
1987-04-16,0.18054968118667603
1987-04-20,0.18328511714935303
1987-04-21,0.19559518992900848
1987-04-22,0.19559518992900848
1987-04-23,0.19285984337329865
1987-04-24,0.18875598907470703
1987-04-27,0.18602055311203003
1987-04-28,0.1846528798341751
1987-04-29,0.18328511714935303
1987-04-30,0.18328511714935303
1987-05-01,0.18054968118667603
1987-05-04,0.1778135597705841
1987-05-05,0.18054968118667603
1987-05-06,0.1791812777519226
1987-05-07,0.1778135597705841
1987-05-08,0.1750781536102295
1987-05-11,0.17644579708576202
1987-05-12,0.17644579708576202
1987-05-13,0.1750781536102295
1987-05-14,0.1846528798341751
1987-05-15,0.18328511714935303
1987-05-18,0.17644579708576202
1987-05-19,0.17371049523353577
1987-05-20,0.16687121987342834
1987-05-21,0.16960734128952026
1987-05-22,0.16960734128952026
1987-05-26,0.16960734128952026
1987-05-27,0.1723427176475525
1987-05-28,0.17097501456737518
1987-05-29,0.1846528798341751
1987-06-01,0.1846528798341751
1987-06-02,0.1791812777519226
1987-06-03,0.1791812777519226
1987-06-04,0.18191733956336975
1987-06-05,0.18602055311203003
1987-06-08,0.19012367725372314
1987-06-09,0.19696290791034698
1987-06-10,0.19559518992900848
1987-06-11,0.19559518992900848
1987-06-12,0.1996982991695404
1987-06-15,0.2051698863506317
1987-06-16,0.2038021832704544
1987-06-17,0.2038021832704544
1987-06-18,0.20243455469608307
1987-06-19,0.20243455469608307
1987-06-22,0.2038021832704544
1987-06-23,0.2051698863506317
1987-06-24,0.20243455469608307
1987-06-25,0.1996982991695404
1987-06-26,0.19422747194766998
1987-06-29,0.18738830089569092
1987-06-30,0.1846528798341751
1987-07-01,0.1846528798341751
1987-07-02,0.18738830089569092
1987-07-06,0.18875598907470703
1987-07-07,0.19012367725372314
1987-07-08,0.1996982991695404
1987-07-09,0.19833068549633026
1987-07-10,0.1996982991695404
1987-07-13,0.2079053372144699
1987-07-14,0.21474456787109375
1987-07-15,0.2065376192331314
1987-07-16,0.2065376192331314
1987-07-17,0.2065376192331314
1987-07-20,0.2038021832704544
1987-07-21,0.2051698863506317
1987-07-22,0.21474456787109375
1987-07-23,0.2188476324081421
1987-07-24,0.21200840175151825
1987-07-27,0.21474456787109375
1987-07-28,0.21064074337482452
1987-07-29,0.21200840175151825
1987-07-30,0.23115791380405426
1987-07-31,0.2338932305574417
1987-08-03,0.22295087575912476
1987-08-04,0.2215830385684967
1987-08-05,0.22295087575912476
1987-08-06,0.2270546853542328
1987-08-07,0.23115791380405426
1987-08-10,0.23252539336681366
1987-08-11,0.23936480283737183
1987-08-12,0.23526166379451752
1987-08-13,0.23936480283737183
1987-08-14,0.24346782267093658
1987-08-17,0.2366293966770172
1987-08-18,0.2270546853542328
1987-08-19,0.22295087575912476
1987-08-20,0.22568699717521667
1987-08-21,0.22568699717521667
1987-08-24,0.22295087575912476
1987-08-25,0.24073243141174316
1987-08-26,0.2366293966770172
1987-08-27,0.23115791380405426
1987-08-28,0.23115791380405426
1987-08-31,0.23526166379451752
1987-09-01,0.22979013621807098
1987-09-02,0.2215830385684967
1987-09-03,0.22295087575912476
1987-09-04,0.22201891243457794
1987-09-08,0.22201891243457794
1987-09-09,0.24531707167625427
1987-09-10,0.25354039669036865
1987-09-11,0.2507994771003723
1987-09-14,0.24805887043476105
1987-09-15,0.24531707167625427
1987-09-16,0.25216981768608093
1987-09-17,0.2507994771003723
1987-09-18,0.25216981768608093
1987-09-21,0.24394670128822327
1987-09-22,0.2562812864780426
1987-09-23,0.2686161398887634
1987-09-24,0.2686161398887634
1987-09-25,0.2658745348453522
1987-09-28,0.2645042836666107
1987-09-29,0.2562812864780426
1987-09-30,0.26176345348358154
1987-10-01,0.2645042836666107
1987-10-02,0.2576521933078766
1987-10-05,0.2576521933078766
1987-10-06,0.24805887043476105
1987-10-07,0.24120600521564484
1987-10-08,0.23846514523029327
1987-10-09,0.2302422821521759
1987-10-12,0.2275013029575348
1987-10-13,0.23572438955307007
1987-10-14,0.2302422821521759
1987-10-15,0.22613093256950378
1987-10-16,0.22201891243457794
1987-10-19,0.193239226937294
1987-10-20,0.16445860266685486
1987-10-21,0.19186879694461823
1987-10-22,0.180904820561409
1987-10-23,0.180904820561409
1987-10-26,0.17131130397319794
1987-10-27,0.1726817786693573
1987-10-28,0.16582900285720825
1987-10-29,0.17405222356319427
1987-10-30,0.18364569544792175
1987-11-02,0.18775694072246552
1987-11-03,0.18501614034175873
1987-11-04,0.18364569544792175
1987-11-05,0.18364569544792175
1987-11-06,0.193239226937294
1987-11-09,0.18775694072246552
1987-11-10,0.180904820561409
1987-11-11,0.1781633496284485
1987-11-12,0.18364569544792175
1987-11-13,0.18364569544792175
1987-11-16,0.1822752207517624
1987-11-17,0.1781633496284485
1987-11-18,0.18501614034175873
1987-11-19,0.1822752207517624
1987-11-20,0.1781633496284485
1987-11-23,0.17679288983345032
1987-11-24,0.1754225790500641
1987-11-25,0.17679288983345032
1987-11-27,0.1754225790500641
1987-11-30,0.17131130397319794
1987-12-01,0.1699410229921341
1987-12-02,0.17131130397319794
1987-12-03,0.16856981813907623
1987-12-04,0.16719947755336761
1987-12-07,0.16830343008041382
1987-12-08,0.17796021699905396
1987-12-09,0.1834787279367447
1987-12-10,0.1820993274450302
1987-12-11,0.1848582625389099
1987-12-14,0.19727395474910736
1987-12-15,0.2110692858695984
1987-12-16,0.21934662759304047
1987-12-17,0.2110692858695984
1987-12-18,0.21244856715202332
1987-12-21,0.21658772230148315
1987-12-22,0.22072598338127136
1987-12-23,0.2276240438222885
1987-12-24,0.22486445307731628
1987-12-28,0.21244856715202332
1987-12-29,0.2152082324028015
1987-12-30,0.2152082324028015
1987-12-31,0.2152082324028015
1988-01-04,0.21244856715202332
1988-01-05,0.20141230523586273
1988-01-06,0.20555132627487183
1988-01-07,0.21934662759304047
1988-01-08,0.20141230523586273
1988-01-11,0.2069307565689087
1988-01-12,0.20555132627487183
1988-01-13,0.20279182493686676
1988-01-14,0.20279182493686676
1988-01-15,0.20968975126743317
1988-01-18,0.2083103209733963
1988-01-19,0.2069307565689087
1988-01-20,0.19727395474910736
1988-01-21,0.198653444647789
1988-01-22,0.1958944946527481
1988-01-25,0.20003290474414825
1988-01-26,0.1945151835680008
1988-01-27,0.198653444647789
1988-01-28,0.1958944946527481
1988-01-29,0.1958944946527481
1988-02-01,0.20141230523586273
1988-02-02,0.21796715259552002
1988-02-03,0.21934662759304047
1988-02-04,0.22210556268692017
1988-02-05,0.2276240438222885
1988-02-08,0.23176252841949463
1988-02-09,0.2276240438222885
1988-02-10,0.23176252841949463
1988-02-11,0.2331419438123703
1988-02-12,0.23728089034557343
1988-02-16,0.2427985668182373
1988-02-17,0.24693690240383148
1988-02-18,0.2441781759262085
1988-02-19,0.24831707775592804
1988-02-22,0.249696746468544
1988-02-23,0.24693690240383148
1988-02-24,0.2441781759262085
1988-02-25,0.2303830087184906
1988-02-26,0.22900351881980896
1988-02-29,0.23452118039131165
1988-03-01,0.24003960192203522
1988-03-02,0.2607329487800598
1988-03-03,0.26211217045783997
1988-03-04,0.25521454215049744
1988-03-07,0.2565937340259552
1988-03-08,0.2593533992767334
1988-03-09,0.27452805638313293
1988-03-10,0.27176934480667114
1988-03-11,0.263491690158844
1988-03-14,0.2618299722671509
1988-03-15,0.26875609159469604
1988-03-16,0.2701413631439209
1988-03-17,0.28122422099113464
1988-03-18,0.2867659330368042
1988-03-21,0.27845364809036255
1988-03-22,0.27706822752952576
1988-03-23,0.27706822752952576
1988-03-24,0.27568310499191284
1988-03-25,0.27706822752952576
1988-03-28,0.2742980420589447
1988-03-29,0.2646004259586334
1988-03-30,0.25074732303619385
1988-03-31,0.24659070372581482
1988-04-04,0.2438202202320099
1988-04-05,0.2438202202320099
1988-04-06,0.2424350082874298
1988-04-07,0.25074732303619385
1988-04-08,0.2659856379032135
1988-04-11,0.2673709988594055
1988-04-12,0.2673709988594055
1988-04-13,0.2659856379032135
1988-04-14,0.2618299722671509
1988-04-15,0.26321518421173096
1988-04-18,0.2576735019683838
1988-04-19,0.2618299722671509
1988-04-20,0.2562883496284485
1988-04-21,0.25490283966064453
1988-04-22,0.2590586841106415
1988-04-25,0.2618299722671509
1988-04-26,0.2659856379032135
1988-04-27,0.27845364809036255
1988-04-28,0.27706822752952576
1988-04-29,0.27845364809036255
1988-05-02,0.27845364809036255
1988-05-03,0.27706822752952576
1988-05-04,0.2798389196395874
1988-05-05,0.2826101779937744
1988-05-06,0.28399544954299927
1988-05-09,0.27845364809036255
1988-05-10,0.27706822752952576
1988-05-11,0.2701413631439209
1988-05-12,0.2646004259586334
1988-05-13,0.2701413631439209
1988-05-16,0.2701413631439209
1988-05-17,0.2659856379032135
1988-05-18,0.2618299722671509
1988-05-19,0.2646004259586334
1988-05-20,0.26044461131095886
1988-05-23,0.2535177767276764
1988-05-24,0.24936190247535706
1988-05-25,0.25490283966064453
1988-05-26,0.2646004259586334
1988-05-27,0.2618299722671509
1988-05-31,0.26875609159469604
1988-06-01,0.26875609159469604
1988-06-02,0.2659856379032135
1988-06-03,0.26875609159469604
1988-06-06,0.2673709988594055
1988-06-07,0.2618299722671509
1988-06-08,0.2646004259586334
1988-06-09,0.2701413631439209
1988-06-10,0.2701413631439209
1988-06-13,0.2782101333141327
1988-06-14,0.283774733543396
1988-06-15,0.2823829650878906
1988-06-16,0.28099220991134644
1988-06-17,0.28099220991134644
1988-06-20,0.2726461887359619
1988-06-21,0.2768191695213318
1988-06-22,0.2865566909313202
1988-06-23,0.2935114800930023
1988-06-24,0.2962941527366638
1988-06-27,0.3004668653011322
1988-06-28,0.31437721848487854
1988-06-29,0.3171599507331848
1988-06-30,0.3171599507331848
1988-07-01,0.3129863142967224
1988-07-05,0.3129863142967224
1988-07-06,0.3060314357280731
1988-07-07,0.3074227273464203
1988-07-08,0.3088134825229645
1988-07-11,0.3060314357280731
1988-07-12,0.3074227273464203
1988-07-13,0.3088134825229645
1988-07-14,0.30185800790786743
1988-07-15,0.2962941527366638
1988-07-18,0.2879476845264435
1988-07-19,0.2893385589122772
1988-07-20,0.2893385589122772
1988-07-21,0.2865566909313202
1988-07-22,0.2782101333141327
1988-07-25,0.28099220991134644
1988-07-26,0.28099220991134644
1988-07-27,0.2823829650878906
1988-07-28,0.27960121631622314
1988-07-29,0.283774733543396
1988-08-01,0.2851654589176178
1988-08-02,0.283774733543396
1988-08-03,0.2851654589176178
1988-08-04,0.2907295823097229
1988-08-05,0.2893385589122772
1988-08-08,0.2865566909313202
1988-08-09,0.2879476845264435
1988-08-10,0.28099220991134644
1988-08-11,0.2823829650878906
1988-08-12,0.27960121631622314
1988-08-15,0.26569098234176636
1988-08-16,0.2684728503227234
1988-08-17,0.2726461887359619
1988-08-18,0.27403733134269714
1988-08-19,0.283774733543396
1988-08-22,0.2754283845424652
1988-08-23,0.26569098234176636
1988-08-24,0.2726461887359619
1988-08-25,0.2684728503227234
1988-08-26,0.2670819163322449
1988-08-29,0.2754283845424652
1988-08-30,0.2768191695213318
1988-08-31,0.2823829650878906
1988-09-01,0.2782101333141327
1988-09-02,0.2949031591415405
1988-09-06,0.2962941527366638
1988-09-07,0.29212063550949097
1988-09-08,0.3060314357280731
1988-09-09,0.3185507655143738
1988-09-12,0.31966811418533325
1988-09-13,0.3238556385040283
1988-09-14,0.3238556385040283
1988-09-15,0.31966811418533325
1988-09-16,0.31687554717063904
1988-09-19,0.33921048045158386
1988-09-20,0.33083537220954895
1988-09-21,0.3350229561328888
1988-09-22,0.3350229561328888
1988-09-23,0.33921048045158386
1988-09-26,0.3350229561328888
1988-09-27,0.3350229561328888
1988-09-28,0.32804301381111145
1988-09-29,0.32664740085601807
1988-09-30,0.3294396698474884
1988-10-03,0.3294396698474884
1988-10-04,0.32804301381111145
1988-10-05,0.32664740085601807
1988-10-06,0.3378146290779114
1988-10-07,0.34619030356407166
1988-10-10,0.3517744839191437
1988-10-11,0.3531701862812042
1988-10-12,0.3489820659160614
1988-10-13,0.3489820659160614
1988-10-14,0.36014947295188904
1988-10-17,0.36014947295188904
1988-10-18,0.36014947295188904
1988-10-19,0.3657335937023163
1988-10-20,0.3713169991970062
1988-10-21,0.3796926736831665
1988-10-24,0.3741094768047333
1988-10-25,0.3713169991970062
1988-10-26,0.3699209690093994
1988-10-27,0.35596203804016113
1988-10-28,0.3615454435348511
1988-10-31,0.35735777020454407
1988-11-01,0.3489820659160614
1988-11-02,0.3489820659160614
1988-11-03,0.3671294152736664
1988-11-04,0.36852532625198364
1988-11-07,0.3657335937023163
1988-11-08,0.36852532625198364
1988-11-09,0.3699209690093994
1988-11-10,0.3741094768047333
1988-11-11,0.36433762311935425
1988-11-14,0.36433762311935425
1988-11-15,0.3657335937023163
1988-11-16,0.35596203804016113
1988-11-17,0.3489820659160614
1988-11-18,0.3447946310043335
1988-11-21,0.3406069576740265
1988-11-22,0.3294396698474884
1988-11-23,0.332231342792511
1988-11-25,0.32664740085601807
1988-11-28,0.3126879930496216
1988-11-29,0.31408387422561646
1988-11-30,0.31687554717063904
1988-12-01,0.3210640251636505
1988-12-02,0.31966811418533325
1988-12-05,0.3210640251636505
1988-12-06,0.3210640251636505
1988-12-07,0.31408387422561646
1988-12-08,0.3043123781681061
1988-12-09,0.305708110332489
1988-12-12,0.3045857548713684
1988-12-13,0.31300756335258484
1988-12-14,0.3003750741481781
1988-12-15,0.28353121876716614
1988-12-16,0.28493472933769226
1988-12-19,0.2765136659145355
1988-12-20,0.27791717648506165
1988-12-21,0.28353121876716614
1988-12-22,0.29195311665534973
1988-12-23,0.2961638271808624
1988-12-27,0.2961638271808624
1988-12-28,0.29756811261177063
1988-12-29,0.2989714741706848
1988-12-30,0.29756811261177063
1989-01-03,0.3003750741481781
1989-01-04,0.3087969720363617
1989-01-05,0.2989714741706848
1989-01-06,0.29476040601730347
1989-01-09,0.2905496656894684
1989-01-10,0.2905496656894684
1989-01-11,0.29756811261177063
1989-01-12,0.29476040601730347
1989-01-13,0.29756811261177063
1989-01-16,0.3059893846511841
1989-01-17,0.31300756335258484
1989-01-18,0.3256400227546692
1989-01-19,0.3298506438732147
1989-01-20,0.3312546908855438
1989-01-23,0.3368692100048065
1989-01-24,0.3452909588813782
1989-01-25,0.34388741850852966
1989-01-26,0.3466944694519043
1989-01-27,0.3312546908855438
1989-01-30,0.3354654312133789
1989-01-31,0.3396761119365692
1989-02-01,0.34950152039527893
1989-02-02,0.3593269884586334
1989-02-03,0.367748886346817
1989-02-06,0.3663451671600342
1989-02-07,0.36915233731269836
1989-02-08,0.36353760957717896
1989-02-09,0.35371288657188416
1989-02-10,0.34388741850852966
1989-02-13,0.34388741850852966
1989-02-14,0.3410796523094177
1989-02-15,0.3410796523094177
1989-02-16,0.3410796523094177
1989-02-17,0.3410796523094177
1989-02-21,0.3410796523094177
1989-02-22,0.3368692100048065
1989-02-23,0.3340620696544647
1989-02-24,0.3312546908855438
1989-02-27,0.33265841007232666
1989-02-28,0.3368692100048065
1989-03-01,0.3371513783931732
1989-03-02,0.33997270464897156
1989-03-03,0.34279391169548035
1989-03-06,0.3540791869163513
1989-03-07,0.3540791869163513
1989-03-08,0.3597222864627838
1989-03-09,0.3667760491371155
1989-03-10,0.37523940205574036
1989-03-13,0.36959701776504517
1989-03-14,0.3597222864627838
1989-03-15,0.3625433146953583
1989-03-16,0.36818626523017883
1989-03-17,0.35549041628837585
1989-03-20,0.3837036192417145
1989-03-21,0.3822930157184601
1989-03-22,0.3780613839626312
1989-03-23,0.3724184036254883
1989-03-27,0.3710075318813324
1989-03-28,0.36818626523017883
1989-03-29,0.36818626523017883
1989-03-30,0.3780613839626312
1989-03-31,0.3794719874858856
1989-04-03,0.390757292509079
1989-04-04,0.394989013671875
1989-04-05,0.39357835054397583
1989-04-06,0.40909555554389954
1989-04-07,0.410506010055542
1989-04-10,0.40909555554389954
1989-04-11,0.4062747061252594
1989-04-12,0.410506010055542
1989-04-13,0.41191765666007996
1989-04-14,0.41755998134613037
1989-04-17,0.42038118839263916
1989-04-18,0.42038118839263916
1989-04-19,0.42320263385772705
1989-04-20,0.4189704954624176
1989-04-21,0.42038118839263916
1989-04-24,0.4189704954624176
1989-04-25,0.410506010055542
1989-04-26,0.4076848328113556
1989-04-27,0.41332828998565674
1989-04-28,0.41332828998565674
1989-05-01,0.42038118839263916
1989-05-02,0.42461347579956055
1989-05-03,0.4302558898925781
1989-05-04,0.42602404952049255
1989-05-05,0.4316665828227997
1989-05-08,0.44436225295066833
1989-05-09,0.4457736313343048
1989-05-10,0.4387202262878418
1989-05-11,0.43307697772979736
1989-05-12,0.43307697772979736
1989-05-15,0.42602404952049255
1989-05-16,0.42461347579956055
1989-05-17,0.42461347579956055
1989-05-18,0.42179152369499207
1989-05-19,0.4316665828227997
1989-05-22,0.4344882667064667
1989-05-23,0.42743465304374695
1989-05-24,0.42602404952049255
1989-05-25,0.42320263385772705
1989-05-26,0.42884522676467896
1989-05-30,0.42461347579956055
1989-05-31,0.42884522676467896
1989-06-01,0.43307697772979736
1989-06-02,0.452826589345932
1989-06-05,0.4500056207180023
1989-06-06,0.4782187342643738
1989-06-07,0.5078431963920593
1989-06-08,0.5050222873687744
1989-06-09,0.4951474070549011
1989-06-12,0.4855215549468994
1989-06-13,0.4826907813549042
1989-06-14,0.4713664650917053
1989-06-15,0.46570444107055664
1989-06-16,0.46711987257003784
1989-06-19,0.4741976261138916
1989-06-20,0.4770282506942749
1989-06-21,0.4826907813549042
1989-06-22,0.47985929250717163
1989-06-23,0.4869372844696045
1989-06-26,0.48410630226135254
1989-06-27,0.4911833107471466
1989-06-28,0.4855215549468994
1989-06-29,0.46711987257003784
1989-06-30,0.4614580273628235
1989-07-03,0.4614580273628235
1989-07-05,0.47985929250717163
1989-07-06,0.5039237141609192
1989-07-07,0.4954303205013275
1989-07-10,0.48410630226135254
1989-07-11,0.48127540946006775
1989-07-12,0.46287328004837036
1989-07-13,0.48835277557373047
1989-07-14,0.5138318538665771
1989-07-17,0.5081698894500732
1989-07-18,0.4968459904193878
1989-07-19,0.48976802825927734
1989-07-20,0.48127540946006775
1989-07-21,0.4855215549468994
1989-07-24,0.48976802825927734
1989-07-25,0.5039237141609192
1989-07-26,0.5180789232254028
1989-07-27,0.5152477025985718
1989-07-28,0.5124163627624512
1989-07-31,0.5251560211181641
1989-08-01,0.5194941163063049
1989-08-02,0.5223249793052673
1989-08-03,0.5180789232254028
1989-08-04,0.5251560211181641
1989-08-07,0.5421424508094788
1989-08-08,0.5463886857032776
1989-08-09,0.532233715057373
1989-08-10,0.5393112301826477
1989-08-11,0.5336490869522095
1989-08-14,0.5336490869522095
1989-08-15,0.5393112301826477
1989-08-16,0.5463886857032776
1989-08-17,0.5478041172027588
1989-08-18,0.5463886857032776
1989-08-21,0.5364800691604614
1989-08-22,0.5378958582878113
1989-08-23,0.5378958582878113
1989-08-24,0.5478041172027588
1989-08-25,0.5449729561805725
1989-08-28,0.5492202639579773
1989-08-29,0.5492202639579773
1989-08-30,0.5732837319374084
1989-08-31,0.5902695059776306
1989-09-01,0.5860235691070557
1989-09-05,0.5902695059776306
1989-09-06,0.5860235691070557
1989-09-07,0.5916852355003357
1989-09-08,0.6299042701721191
1989-09-11,0.6458012461662292
1989-09-12,0.6415433287620544
1989-09-13,0.6614136695861816
1989-09-14,0.6599944233894348
1989-09-15,0.6557365655899048
1989-09-18,0.6500589847564697
1989-09-19,0.6756078004837036
1989-09-20,0.701155424118042
1989-09-21,0.7267032265663147
1989-09-22,0.7054134011268616
1989-09-25,0.7039942145347595
1989-09-26,0.7025749087333679
1989-09-27,0.7451552152633667
1989-09-28,0.7721222639083862
1989-09-29,0.7550907135009766
1989-10-02,0.7408965826034546
1989-10-03,0.7338008284568787
1989-10-04,0.7295418977737427
1989-10-05,0.7281226515769958
1989-10-06,0.7465741634368896
1989-10-09,0.7607682347297668
1989-10-10,0.7465741634368896
1989-10-11,0.7437357306480408
1989-10-12,0.7579296231269836
1989-10-13,0.7323812246322632
1989-10-16,0.7352198362350464
1989-10-17,0.7295418977737427
1989-10-18,0.7408965826034546
1989-10-19,0.7508320212364197
1989-10-20,0.752251386642456
1989-10-23,0.7536707520484924
1989-10-24,0.7423161268234253
1989-10-25,0.7451552152633667
1989-10-26,0.7139295339584351
1989-10-27,0.6841230988502502
1989-10-30,0.6699296832084656
1989-10-31,0.6983169913291931
1989-11-01,0.7125101685523987
1989-11-02,0.68128502368927
1989-11-03,0.6770271062850952
1989-11-06,0.6585752964019775
1989-11-07,0.6670914888381958
1989-11-08,0.6926392912864685
1989-11-09,0.6926392912864685
1989-11-10,0.7153489589691162
1989-11-13,0.7068325877189636
1989-11-14,0.6983169913291931
1989-11-15,0.6614136695861816
1989-11-16,0.6699296832084656
1989-11-17,0.6756078004837036
1989-11-20,0.6727681756019592
1989-11-21,0.6656721830368042
1989-11-22,0.6670914888381958
1989-11-24,0.6756078004837036
1989-11-27,0.6898010969161987
1989-11-28,0.6841230988502502
1989-11-29,0.6614136695861816
1989-11-30,0.6699296832084656
1989-12-01,0.6443819999694824
1989-12-04,0.6330269575119019
1989-12-05,0.6259302496910095
1989-12-06,0.6188341975212097
1989-12-07,0.6131563782691956
1989-12-08,0.6245109438896179
1989-12-11,0.626789927482605
1989-12-12,0.6011490225791931
1989-12-13,0.5783563852310181
1989-12-14,0.5683845281600952
1989-12-15,0.5427437424659729
1989-12-18,0.5598371624946594
1989-12-19,0.6011490225791931
1989-12-20,0.6096959710121155
1989-12-21,0.6168181300163269
1989-12-22,0.6125450134277344
1989-12-26,0.6125450134277344
1989-12-27,0.6039977073669434
1989-12-28,0.5982999205589294
1989-12-29,0.6068468689918518
1990-01-02,0.6410349011421204
1990-01-03,0.626789927482605
1990-01-04,0.6139698028564453
1990-01-05,0.6324886679649353
1990-01-08,0.6296391487121582
1990-01-09,0.6182434558868408
1990-01-10,0.6153936982154846
1990-01-11,0.6125450134277344
1990-01-12,0.6096959710121155
1990-01-15,0.6153936982154846
1990-01-16,0.6239413619041443
1990-01-17,0.6153936982154846
1990-01-18,0.626789927482605
1990-01-19,0.6381863951683044
1990-01-22,0.6353373527526855
1990-01-23,0.6353373527526855
1990-01-24,0.6125450134277344
1990-01-25,0.6039977073669434
1990-01-26,0.6096959710121155
1990-01-29,0.5926013588905334
1990-01-30,0.572658121585846
1990-01-31,0.575507640838623
1990-02-01,0.5527153611183167
1990-02-02,0.575507640838623
1990-02-05,0.5982999205589294
1990-02-06,0.5954506993293762
1990-02-07,0.5926013588905334
1990-02-08,0.5982999205589294
1990-02-09,0.6039977073669434
1990-02-12,0.6011490225791931
1990-02-13,0.6039977073669434
1990-02-14,0.5997241139411926
1990-02-15,0.6125450134277344
1990-02-16,0.6182434558868408
1990-02-20,0.6153936982154846
1990-02-21,0.6125450134277344
1990-02-22,0.6125450134277344
1990-02-23,0.6011490225791931
1990-02-26,0.6125450134277344
1990-02-27,0.6239413619041443
1990-02-28,0.6467333436012268
1990-03-01,0.6467333436012268
1990-03-02,0.6239413619041443
1990-03-05,0.6381863951683044
1990-03-06,0.6609786748886108
1990-03-07,0.6809221506118774
1990-03-08,0.6980160474777222
1990-03-09,0.695166826248169
1990-03-12,0.7088877558708191
1990-03-13,0.70317143201828
1990-03-14,0.7088877558708191
1990-03-15,0.7088877558708191
1990-03-16,0.7146050333976746
1990-03-19,0.7431885600090027
1990-03-20,0.7431885600090027
1990-03-21,0.7174628376960754
1990-03-22,0.7146050333976746
1990-03-23,0.723179817199707
1990-03-26,0.7489055395126343
1990-03-27,0.7832067608833313
1990-03-28,0.791781485080719
1990-03-29,0.7803475856781006
1990-03-30,0.7746313214302063
1990-04-02,0.7689142823219299
1990-04-03,0.791781485080719
1990-04-04,0.7974988222122192
1990-04-05,0.7832067608833313
1990-04-06,0.7631977796554565
1990-04-09,0.7560513615608215
1990-04-10,0.7746313214302063
1990-04-11,0.7717733979225159
1990-04-12,0.7774896025657654
1990-04-16,0.7832067608833313
1990-04-17,0.7974988222122192
1990-04-18,0.7832067608833313
1990-04-19,0.7660558819770813
1990-04-20,0.7631977796554565
1990-04-23,0.7517637014389038
1990-04-24,0.7617687582969666
1990-04-25,0.7889231443405151
1990-04-26,0.7846359610557556
1990-04-27,0.7746313214302063
1990-04-30,0.7860649228096008
1990-05-01,0.7946406006813049
1990-05-02,0.8146489858627319
1990-05-03,0.8203661441802979
1990-05-04,0.8203661441802979
1990-05-07,0.8203661441802979
1990-05-08,0.8203661441802979
1990-05-09,0.8146489858627319
1990-05-10,0.8089320659637451
1990-05-11,0.8046444058418274
1990-05-14,0.8203661441802979
1990-05-15,0.8603836894035339
1990-05-16,0.8846802711486816
1990-05-17,0.8703882098197937
1990-05-18,0.8689584732055664
1990-05-21,0.8718171119689941
1990-05-22,0.8661008477210999
1990-05-23,0.8975436091423035
1990-05-24,0.930414617061615
1990-05-25,0.9146935343742371
1990-05-29,0.9347032904624939
1990-05-30,0.9146935343742371
1990-05-31,0.8975436091423035
1990-06-01,0.8903977274894714
1990-06-04,0.8918263912200928
1990-06-05,0.8975436091423035
1990-06-06,0.8918263912200928
1990-06-07,0.9004021883010864
1990-06-08,0.8818220496177673
1990-06-11,0.8654870390892029
1990-06-12,0.9013106226921082
1990-06-13,0.9228038191795349
1990-06-14,0.9142060279846191
1990-06-15,0.9027425646781921
1990-06-18,0.8712184429168701
1990-06-19,0.8597553372383118
1990-06-20,0.8898467421531677
1990-06-21,0.8798156380653381
1990-06-22,0.8540239334106445
1990-06-25,0.8511568903923035
1990-06-26,0.8267976641654968
1990-06-27,0.8396937251091003
1990-06-28,0.8884137272834778
1990-06-29,0.8798156380653381
1990-07-02,0.8912792205810547
1990-07-03,0.8912792205810547
1990-07-05,0.8941448330879211
1990-07-06,0.9170717597007751
1990-07-09,1.000181794166565
1990-07-10,1.000181794166565
1990-07-11,1.0216747522354126
1990-07-12,1.0532000064849854
1990-07-13,1.0517669916152954
1990-07-16,1.0775598287582397
1990-07-17,1.0231084823608398
1990-07-18,1.0345720052719116
1990-07-19,1.046034574508667
1990-07-20,1.027407169342041
1990-07-23,1.0360051393508911
1990-07-24,1.011644959449768
1990-07-25,1.0087789297103882
1990-07-26,1.000181794166565
1990-07-27,0.9872851967811584
1990-07-30,0.9915841221809387
1990-07-31,0.9858521819114685
1990-08-01,0.9801209568977356
1990-08-02,0.9715228080749512
1990-08-03,0.9228038191795349
1990-08-06,0.8339621424674988
1990-08-07,0.8583218455314636
1990-08-08,0.8654870390892029
1990-08-09,0.882681667804718
1990-08-10,0.8511568903923035
1990-08-13,0.8683526515960693
1990-08-14,0.8798156380653381
1990-08-15,0.8927117586135864
1990-08-16,0.882681667804718
1990-08-17,0.8654870390892029
1990-08-20,0.8396937251091003
1990-08-21,0.7723464965820312
1990-08-22,0.7107303142547607
1990-08-23,0.6878039240837097
1990-08-24,0.7107303142547607
1990-08-27,0.7795111536979675
1990-08-28,0.7766453623771667
1990-08-29,0.7451210618019104
1990-08-30,0.7336573004722595
1990-08-31,0.7508528232574463
1990-09-04,0.7866761684417725
1990-09-05,0.8110353350639343
1990-09-06,0.7795111536979675
1990-09-07,0.7823771238327026
1990-09-10,0.7760541439056396
1990-09-11,0.8162930607795715
1990-09-12,0.8392878770828247
1990-09-13,0.8349765539169312
1990-09-14,0.862281858921051
1990-09-17,0.8277907967567444
1990-09-18,0.8162930607795715
1990-09-19,0.803358793258667
1990-09-20,0.7760541439056396
1990-09-21,0.7703050374984741
1990-09-24,0.7530593872070312
1990-09-25,0.7631190419197083
1990-09-26,0.7415626049041748
1990-09-27,0.6984484195709229
1990-09-28,0.718568742275238
1990-10-01,0.7645565271377563
1990-10-02,0.7473108768463135
1990-10-03,0.7013223171234131
1990-10-04,0.7228795289993286
1990-10-05,0.7128193974494934
1990-10-08,0.6955740451812744
1990-10-09,0.6438368558883667
1990-10-10,0.6668314933776855
1990-10-11,0.6438368558883667
1990-10-12,0.689825177192688
1990-10-15,0.6610830426216125
1990-10-16,0.6438368558883667
1990-10-17,0.5978488922119141
1990-10-18,0.6237171292304993
1990-10-19,0.6610830426216125
1990-10-22,0.6812024712562561
1990-10-23,0.678328275680542
1990-10-24,0.6668314933776855
1990-10-25,0.6524598002433777
1990-10-26,0.6323400139808655
1990-10-29,0.620842456817627
1990-10-30,0.620842456817627
1990-10-31,0.6323400139808655
1990-11-01,0.6467109322547913
1990-11-02,0.6639572381973267
1990-11-05,0.6610830426216125
1990-11-06,0.6668314933776855
1990-11-07,0.6668314933776855
1990-11-08,0.6840770244598389
1990-11-09,0.689825177192688
1990-11-12,0.7300654053688049
1990-11-13,0.7616816759109497
1990-11-14,0.7904248237609863
1990-11-15,0.7961733341217041
1990-11-16,0.7875511646270752
1990-11-19,0.7932989597320557
1990-11-20,0.7760541439056396
1990-11-21,0.7703050374984741
1990-11-23,0.7760541439056396
1990-11-26,0.7990476489067078
1990-11-27,0.8191673159599304
1990-11-28,0.8105450868606567
1990-11-29,0.8277907967567444
1990-11-30,0.7846761345863342
1990-12-03,0.8076702952384949
1990-12-04,0.8220424652099609
1990-12-05,0.8507848381996155
1990-12-06,0.8392878770828247
1990-12-07,0.8536584973335266
1990-12-10,0.8424649238586426
1990-12-11,0.8251535296440125
1990-12-12,0.868430495262146
1990-12-13,0.8713167309761047
1990-12-14,0.8828570246696472
1990-12-17,0.8511203527450562
1990-12-18,0.8828570246696472
1990-12-19,0.9059378504753113
1990-12-20,0.9088236093521118
1990-12-21,0.926133930683136
1990-12-24,0.9203636646270752
1990-12-26,0.926133930683136
1990-12-27,0.9059378504753113
1990-12-28,0.9059378504753113
1990-12-31,0.9290192723274231
1991-01-02,0.9232490062713623
1991-01-03,0.879970908164978
1991-01-04,0.8626608848571777
1991-01-07,0.8395792841911316
1991-01-08,0.8453490734100342
1991-01-09,0.8395792841911316
1991-01-10,0.8655453324317932
1991-01-11,0.8395792841911316
1991-01-14,0.8193832635879517
1991-01-15,0.8511203527450562
1991-01-16,0.8828570246696472
1991-01-17,0.95787113904953
1991-01-18,0.99249267578125
1991-01-21,1.0040332078933716
1991-01-22,0.9867227077484131
1991-01-23,1.0213444232940674
1991-01-24,1.001147747039795
1991-01-25,0.99249267578125
1991-01-28,0.9982638359069824
1991-01-29,1.0098038911819458
1991-01-30,1.0357695817947388
1991-01-31,1.1021287441253662
1991-02-01,1.0617353916168213
1991-02-04,1.1050136089324951
1991-02-05,1.099243402481079
1991-02-06,1.1656023263931274
1991-02-07,1.1540613174438477
1991-02-08,1.1309791803359985
1991-02-11,1.1598315238952637
1991-02-12,1.162716269493103
1991-02-13,1.174257516860962
1991-02-14,1.076161503791809
1991-02-15,1.0357695817947388
1991-02-19,1.0819323062896729
1991-02-20,1.0559662580490112
1991-02-21,1.0559662580490112
1991-02-22,1.1021287441253662
1991-02-25,1.125210165977478
1991-02-26,1.1165536642074585
1991-02-27,1.1338651180267334
1991-02-28,1.1078983545303345
1991-03-01,1.1165536642074585
1991-03-04,1.1454051733016968
1991-03-05,1.1482915878295898
1991-03-06,1.162716269493103
1991-03-07,1.191567301750183
1991-03-08,1.2175341844558716
1991-03-11,1.2064061164855957
1991-03-12,1.2035194635391235
1991-03-13,1.191975474357605
1991-03-14,1.191975474357605
1991-03-15,1.1544554233551025
1991-03-18,1.0967319011688232
1991-03-19,1.0563271045684814
1991-03-20,1.0447828769683838
1991-03-21,1.018805980682373
1991-03-22,1.0390098094940186
1991-03-25,1.04766845703125
1991-03-26,1.0505543947219849
1991-03-27,1.0505543947219849
1991-03-28,1.064984679222107
1991-04-01,1.0534411668777466
1991-04-02,1.0592129230499268
1991-04-03,0.99571692943573
1991-04-04,1.018805980682373
1991-04-05,1.0245795249938965
1991-04-08,1.0303505659103394
1991-04-09,1.0043760538101196
1991-04-10,0.9986050128936768
1991-04-11,1.0274651050567627
1991-04-12,1.013034701347351
1991-04-15,1.0043760538101196
1991-04-16,1.018805980682373
1991-04-17,1.0620988607406616
1991-04-18,1.0851881504058838
1991-04-19,1.0823019742965698
1991-04-22,1.0938464403152466
1991-04-23,1.1227078437805176
1991-04-24,1.1486836671829224
1991-04-25,1.1342520713806152
1991-04-26,1.1111626625061035
1991-04-29,1.102505087852478
1991-04-30,1.0967319011688232
1991-05-01,1.1140499114990234
1991-05-02,1.1227078437805176
1991-05-03,1.125593900680542
1991-05-06,1.125593900680542
1991-05-07,1.1198214292526245
1991-05-08,1.0678718090057373
1991-05-09,1.0765291452407837
1991-05-10,1.0390098094940186
1991-05-13,1.0072616338729858
1991-05-14,0.99571692943573
1991-05-15,0.9466530084609985
1991-05-16,0.9524257183074951
1991-05-17,0.9177927374839783
1991-05-20,0.8860445022583008
1991-05-21,0.9004746079444885
1991-05-22,0.8918163180351257
1991-05-23,0.9091334342956543
1991-05-24,0.9235644340515137
1991-05-28,0.9091334342956543
1991-05-29,0.8975889086723328
1991-05-30,0.8860445022583008
1991-05-31,0.9177927374839783
1991-06-03,0.9293363094329834
1991-06-04,0.9293363094329834
1991-06-05,0.9610833525657654
1991-06-06,0.949539303779602
1991-06-07,0.9149055480957031
1991-06-10,0.892221987247467
1991-06-11,0.8662348389625549
1991-06-12,0.8806719779968262
1991-06-13,0.892221987247467
1991-06-14,0.8951107263565063
1991-06-17,0.8835600018501282
1991-06-18,0.8864476680755615
1991-06-19,0.8662348389625549
1991-06-20,0.8691229224205017
1991-06-21,0.8748980760574341
1991-06-24,0.8691229224205017
1991-06-25,0.8720104098320007
1991-06-26,0.8604611754417419
1991-06-27,0.8286982774734497
1991-06-28,0.8344731330871582
1991-07-01,0.8373608589172363
1991-07-02,0.8286982774734497
1991-07-03,0.8315861225128174
1991-07-05,0.8460225462913513
1991-07-08,0.8979973196983337
1991-07-09,0.9528586268424988
1991-07-10,0.9817336201667786
1991-07-11,0.9788461923599243
1991-07-12,1.0019451379776
1991-07-15,0.99905925989151
1991-07-16,0.970183253288269
1991-07-17,0.970183253288269
1991-07-18,0.9961702823638916
1991-07-19,0.9875084161758423
1991-07-22,0.99905925989151
1991-07-23,0.9846205711364746
1991-07-24,0.9846205711364746
1991-07-25,0.9759590029716492
1991-07-26,0.9875084161758423
1991-07-29,0.9759590029716492
1991-07-30,0.9644092321395874
1991-07-31,1.007719874382019
1991-08-01,1.0365948677062988
1991-08-02,1.0106085538864136
1991-08-05,0.9903958439826965
1991-08-06,1.0221577882766724
1991-08-07,1.007719874382019
1991-08-08,1.0308200120925903
1991-08-09,1.0221577882766724
1991-08-12,1.0337079763412476
1991-08-13,1.059694528579712
1991-08-14,1.0914567708969116
1991-08-15,1.1116678714752197
1991-08-16,1.0799063444137573
1991-08-19,1.0394829511642456
1991-08-20,1.0452581644058228
1991-08-21,1.1145566701889038
1991-08-22,1.1087807416915894
1991-08-23,1.1261060237884521
1991-08-26,1.1030069589614868
1991-08-27,1.094343900680542
1991-08-28,1.128993272781372
1991-08-29,1.1261060237884521
1991-08-30,1.1520931720733643
1991-09-03,1.1492061614990234
1991-09-04,1.1376559734344482
1991-09-05,1.1261060237884521
1991-09-06,1.128993272781372
1991-09-09,1.1236319541931152
1991-09-10,1.1034138202667236
1991-09-11,1.1034138202667236
1991-09-12,1.1120779514312744
1991-09-13,1.1120779514312744
1991-09-16,1.1814028024673462
1991-09-17,1.1871795654296875
1991-09-18,1.1842917203903198
1991-09-19,1.190068006515503
1991-09-20,1.190068006515503
1991-09-23,1.2073997259140015
1991-09-24,1.213175892829895
1991-09-25,1.2593926191329956
1991-09-26,1.2391729354858398
1991-09-27,1.2391729354858398
1991-09-30,1.2507272958755493
1991-10-01,1.262280821800232
1991-10-02,1.213175892829895
1991-10-03,1.169848084449768
1991-10-04,1.1785138845443726
1991-10-07,1.1785138845443726
1991-10-08,1.146740436553955
1991-10-09,1.1785138845443726
1991-10-10,1.1871795654296875
1991-10-11,1.1727374792099
1991-10-14,1.213175892829895
1991-10-15,1.2189536094665527
1991-10-16,1.2189536094665527
1991-10-17,1.2478386163711548
1991-10-18,1.2680583000183105
1991-10-21,1.2565045356750488
1991-10-22,1.2507272958755493
1991-10-23,1.242061972618103
1991-10-24,1.201622486114502
1991-10-25,1.2073997259140015
1991-10-28,1.2478386163711548
1991-10-29,1.2680583000183105
1991-10-30,1.2767244577407837
1991-10-31,1.2767244577407837
1991-11-01,1.2882784605026245
1991-11-04,1.2998322248458862
1991-11-05,1.334495186805725
1991-11-06,1.3287174701690674
1991-11-07,1.340270757675171
1991-11-08,1.366268277168274
1991-11-11,1.3749339580535889
1991-11-12,1.412483811378479
1991-11-13,1.4384812116622925
1991-11-14,1.3864874839782715
1991-11-15,1.334495186805725
1991-11-18,1.380710244178772
1991-11-19,1.3171628713607788
1991-11-20,1.3142752647399902
1991-11-21,1.3691565990447998
1991-11-22,1.366268277168274
1991-11-25,1.3576023578643799
1991-11-26,1.360491394996643
1991-11-27,1.3576023578643799
1991-11-29,1.360491394996643
1991-12-02,1.3980411291122437
1991-12-03,1.3864874839782715
1991-12-04,1.354714035987854
1991-12-05,1.3316055536270142
1991-12-06,1.343159556388855
1991-12-09,1.3580466508865356
1991-12-10,1.360935926437378
1991-12-11,1.3696049451828003
1991-12-12,1.3782720565795898
1991-12-13,1.4302831888198853
1991-12-16,1.4909615516662598
1991-12-17,1.4938510656356812
1991-12-18,1.476514458656311
1991-12-19,1.4505095481872559
1991-12-20,1.4505095481872559
1991-12-23,1.4938510656356812
1991-12-24,1.5429718494415283
1991-12-26,1.606540560722351
1991-12-27,1.646992802619934
1991-12-30,1.7221180200576782
1991-12-31,1.6729977130889893
1992-01-02,1.6787760257720947
1992-01-03,1.6874449253082275
1992-01-06,1.6498823165893555
1992-01-07,1.635434865951538
1992-01-08,1.6267662048339844
1992-01-09,1.6412138938903809
1992-01-10,1.6729977130889893
1992-01-13,1.646992802619934
1992-01-14,1.7278964519500732
1992-01-15,1.7741291522979736
1992-01-16,1.7278964519500732
1992-01-17,1.7278964519500732
1992-01-20,1.7163416147232056
1992-01-21,1.6787760257720947
1992-01-22,1.7221180200576782
1992-01-23,1.7047816514968872
1992-01-24,1.6874449253082275
1992-01-27,1.675886631011963
1992-01-28,1.6932238340377808
1992-01-29,1.6383247375488281
1992-01-30,1.7163416147232056
1992-01-31,1.701892375946045
1992-02-03,1.736566185951233
1992-02-04,1.7278964519500732
1992-02-05,1.7510141134262085
1992-02-06,1.7452352046966553
1992-02-07,1.7221180200576782
1992-02-10,1.7625714540481567
1992-02-11,1.733676552772522
1992-02-12,1.7221180200576782
1992-02-13,1.7278964519500732
1992-02-14,1.7221180200576782
1992-02-18,1.7221180200576782
1992-02-19,1.6498823165893555
1992-02-20,1.667218804359436
1992-02-21,1.6007612943649292
1992-02-24,1.5978718996047974
1992-02-25,1.6094297170639038
1992-02-26,1.6643295288085938
1992-02-27,1.6787760257720947
1992-02-28,1.6874449253082275
1992-03-02,1.6874449253082275
1992-03-03,1.7076712846755981
1992-03-04,1.701892375946045
1992-03-05,1.684556245803833
1992-03-06,1.646992802619934
1992-03-09,1.6156398057937622
1992-03-10,1.658992886543274
1992-03-11,1.6474319696426392
1992-03-12,1.6503227949142456
1992-03-13,1.7139075994491577
1992-03-16,1.630090594291687
1992-03-17,1.630090594291687
1992-03-18,1.6127492189407349
1992-03-19,1.5636160373687744
1992-03-20,1.5462746620178223
1992-03-23,1.5376033782958984
1992-03-24,1.5376033782958984
1992-03-25,1.5462746620178223
1992-03-26,1.5491642951965332
1992-03-27,1.5115911960601807
1992-03-30,1.5520541667938232
1992-03-31,1.557834506034851
1992-04-01,1.5665056705474854
1992-04-02,1.5665056705474854
1992-04-03,1.560725212097168
1992-04-06,1.5722862482070923
1992-04-07,1.5433838367462158
1992-04-08,1.497139811515808
1992-04-09,1.514482021331787
1992-04-10,1.5433838367462158
1992-04-13,1.5809575319290161
1992-04-14,1.6098589897155762
1992-04-15,1.6445415019989014
1992-04-16,1.6214191913604736
1992-04-20,1.5722862482070923
1992-04-21,1.5376033782958984
1992-04-22,1.523152470588684
1992-04-23,1.514482021331787
1992-04-24,1.485579490661621
1992-04-27,1.4248842000961304
1992-04-28,1.3959819078445435
1992-04-29,1.4075431823730469
1992-04-30,1.4480057954788208
1992-05-01,1.4162136316299438
1992-05-04,1.4451156854629517
1992-05-05,1.476908802986145
1992-05-06,1.4884692430496216
1992-05-07,1.4740188121795654
1992-05-08,1.4682377576828003
1992-05-11,1.5058106184005737
1992-05-12,1.5202624797821045
1992-05-13,1.5115911960601807
1992-05-14,1.4075431823730469
1992-05-15,1.346848487854004
1992-05-18,1.4046529531478882
1992-05-19,1.4162136316299438
1992-05-20,1.4162136316299438
1992-05-21,1.3786396980285645
1992-05-22,1.358408808708191
1992-05-26,1.3699699640274048
1992-05-27,1.3612992763519287
1992-05-28,1.3295063972473145
1992-05-29,1.3410675525665283
1992-06-01,1.3641893863677979
1992-06-02,1.3497384786605835
1992-06-03,1.3612992763519287
1992-06-04,1.3208353519439697
1992-06-05,1.3092747926712036
1992-06-08,1.3270621299743652
1992-06-09,1.3183878660202026
1992-06-10,1.3068231344223022
1992-06-11,1.3357359170913696
1992-06-12,1.3299534320831299
1992-06-15,1.3386266231536865
1992-06-16,1.3154971599578857
1992-06-17,1.2865843772888184
1992-06-18,1.3068231344223022
1992-06-19,1.3039319515228271
1992-06-22,1.3010414838790894
1992-06-23,1.3126062154769897
1992-06-24,1.2779114246368408
1992-06-25,1.321278691291809
1992-06-26,1.379103183746338
1992-06-29,1.4166890382766724
1992-06-30,1.4369276762008667
1992-07-01,1.4398183822631836
1992-07-02,1.4022328853607178
1992-07-06,1.4513839483261108
1992-07-07,1.3819948434829712
1992-07-08,1.5294452905654907
1992-07-09,1.5207726955413818
1992-07-10,1.57570481300354
1992-07-13,1.5728143453598022
1992-07-14,1.5670318603515625
1992-07-15,1.569922924041748
1992-07-16,1.5728143453598022
1992-07-17,1.5728143453598022
1992-07-20,1.604617714881897
1992-07-21,1.6132910251617432
1992-07-22,1.569922924041748
1992-07-23,1.569922924041748
1992-07-24,1.5641411542892456
1992-07-27,1.5959444046020508
1992-07-28,1.616182565689087
1992-07-29,1.6624410152435303
1992-07-30,1.6450934410095215
1992-07-31,1.6595499515533447
1992-08-03,1.6913535594940186
1992-08-04,1.6711150407791138
1992-08-05,1.6595499515533447
1992-08-06,1.6508768796920776
1992-08-07,1.665332555770874
1992-08-10,1.6450934410095215
1992-08-11,1.6306378841400146
1992-08-12,1.6103997230529785
1992-08-13,1.6508768796920776
1992-08-14,1.6306378841400146
1992-08-17,1.6190733909606934
1992-08-18,1.6306378841400146
1992-08-19,1.6393131017684937
1992-08-20,1.6219640970230103
1992-08-21,1.6277467012405396
1992-08-24,1.6103997230529785
1992-08-25,1.636420488357544
1992-08-26,1.636420488357544
1992-08-27,1.6479853391647339
1992-08-28,1.665332555770874
1992-08-31,1.6740058660507202
1992-09-01,1.6855716705322266
1992-09-02,1.7029180526733398
1992-09-03,1.6826797723770142
1992-09-04,1.6657676696777344
1992-09-08,1.6889029741287231
1992-09-09,1.7004717588424683
1992-09-10,1.7293912172317505
1992-09-11,1.7322821617126465
1992-09-14,1.7872300148010254
1992-09-15,1.7669856548309326
1992-09-16,1.7669856548309326
1992-09-17,1.7756621837615967
1992-09-18,1.7496339082717896
1992-09-21,1.7669856548309326
1992-09-22,1.7467435598373413
1992-09-23,1.8103662729263306
1992-09-24,1.7930139303207397
1992-09-25,1.7756621837615967
1992-09-28,1.7756621837615967
1992-09-29,1.821933627128601
1992-09-30,1.8392852544784546
1992-10-01,1.8190420866012573
1992-10-02,1.8016897439956665
1992-10-05,1.795906901359558
1992-10-06,1.7814459800720215
1992-10-07,1.8132582902908325
1992-10-08,1.8248249292373657
1992-10-09,1.795906901359558
1992-10-12,1.7987979650497437
1992-10-13,1.7872300148010254
1992-10-14,1.7669856548309326
1992-10-15,1.8132582902908325
1992-10-16,1.795906901359558
1992-10-19,1.8016897439956665
1992-10-20,1.8161498308181763
1992-10-21,1.8161498308181763
1992-10-22,1.8045817613601685
1992-10-23,1.7930139303207397
1992-10-26,1.7872300148010254
1992-10-27,1.778554081916809
1992-10-28,1.7930139303207397
1992-10-29,1.7901217937469482
1992-10-30,1.8016897439956665
1992-11-02,1.8479607105255127
1992-11-03,1.9029088020324707
1992-11-04,1.8768808841705322
1992-11-05,1.8682048320770264
1992-11-06,1.931827425956726
1992-11-09,1.9405039548873901
1992-11-10,1.9520692825317383
1992-11-11,1.9491806030273438
1992-11-12,1.9607467651367188
1992-11-13,1.97809898853302
1992-11-16,1.9896676540374756
1992-11-17,2.0185866355895996
1992-11-18,2.015695095062256
1992-11-19,2.0185866355895996
1992-11-20,2.033046245574951
1992-11-23,2.044614553451538
1992-11-24,2.053290605545044
1992-11-25,2.0185866355895996
1992-11-27,2.0272610187530518
1992-11-30,1.9954519271850586
1992-12-01,1.9636404514312744
1992-12-02,1.9289368391036987
1992-12-03,1.9347196817398071
1992-12-04,1.9607467651367188
1992-12-07,1.9873608350753784
1992-12-08,1.975790023803711
1992-12-09,1.9960397481918335
1992-12-10,2.0105044841766357
1992-12-11,2.0191822052001953
1992-12-14,2.013397216796875
1992-12-15,2.056788921356201
1992-12-16,2.051001787185669
1992-12-17,2.051001787185669
1992-12-18,2.0452182292938232
1992-12-21,2.0018253326416016
1992-12-22,1.9902547597885132
1992-12-23,1.9526458978652954
1992-12-24,1.9613248109817505
1992-12-28,1.9410762786865234
1992-12-29,1.9410762786865234
1992-12-30,1.9439688920974731
1992-12-31,1.9208263158798218
1993-01-04,1.926612138748169
1993-01-05,1.8890045881271362
1993-01-06,1.8774340152740479
1993-01-07,1.891899585723877
1993-01-08,1.8513977527618408
1993-01-11,1.8803272247314453
1993-01-12,1.8716479539871216
1993-01-13,1.900577425956726
1993-01-14,1.9960397481918335
1993-01-15,1.9700043201446533
1993-01-18,1.9555397033691406
1993-01-19,1.9439688920974731
1993-01-20,1.9497555494308472
1993-01-21,1.9497555494308472
1993-01-22,1.909255027770996
1993-01-25,1.909255027770996
1993-01-26,1.9121474027633667
1993-01-27,1.8716479539871216
1993-01-28,1.874541163444519
1993-01-29,1.8890045881271362
1993-02-01,1.9468622207641602
1993-02-02,1.9613248109817505
1993-02-03,1.9902547597885132
1993-02-04,2.030754804611206
1993-02-05,1.9671130180358887
1993-02-08,1.8947917222976685
1993-02-09,1.8861116170883179
1993-02-10,1.874541163444519
1993-02-11,1.909255027770996
1993-02-12,1.900577425956726
1993-02-16,1.6894011497497559
1993-02-17,1.6749382019042969
1993-02-18,1.6662594079971313
1993-02-19,1.6402240991592407
1993-02-22,1.5274044275283813
1993-02-23,1.6026173830032349
1993-02-24,1.6431162357330322
1993-02-25,1.646009087562561
1993-02-26,1.6691515445709229
1993-03-01,1.6836167573928833
1993-03-02,1.7588297128677368
1993-03-03,1.7327930927276611
1993-03-04,1.6575803756713867
1993-03-05,1.6315453052520752
1993-03-08,1.6986819505691528
1993-03-09,1.6928939819335938
1993-03-10,1.7218334674835205
1993-03-11,1.6842130422592163
1993-03-12,1.661062479019165
1993-03-15,1.7681349515914917
1993-03-16,1.7652416229248047
1993-03-17,1.7478774785995483
1993-03-18,1.779710054397583
1993-03-19,1.7652416229248047
1993-03-22,1.7912846803665161
1993-03-23,1.7768161296844482
1993-03-24,1.7999662160873413
1993-03-25,1.820223093032837
1993-03-26,1.7652416229248047
1993-03-29,1.7652416229248047
1993-03-30,1.779710054397583
1993-03-31,1.7739213705062866
1993-04-01,1.7507708072662354
1993-04-02,1.7160446643829346
1993-04-05,1.7015758752822876
1993-04-06,1.6147608757019043
1993-04-07,1.6726378202438354
1993-04-08,1.6552752256393433
1993-04-12,1.7015758752822876
1993-04-13,1.7334078550338745
1993-04-14,1.7015758752822876
1993-04-15,1.7015758752822876
1993-04-16,1.681318998336792
1993-04-19,1.6494871377944946
1993-04-20,1.661062479019165
1993-04-21,1.6668497323989868
1993-04-22,1.6321238279342651
1993-04-23,1.626336693763733
1993-04-26,1.626336693763733
1993-04-27,1.6234421730041504
1993-04-28,1.6205482482910156
1993-04-29,1.5945045948028564
1993-04-30,1.5800344944000244
1993-05-03,1.6147608757019043
1993-05-04,1.6002916097640991
1993-05-05,1.6176549196243286
1993-05-06,1.606080174446106
1993-05-07,1.637911319732666
1993-05-10,1.6871073246002197
1993-05-11,1.710256814956665
1993-05-12,1.7247265577316284
1993-05-13,1.6842130422592163
1993-05-14,1.6928939819335938
1993-05-17,1.6986819505691528
1993-05-18,1.7218334674835205
1993-05-19,1.7710273265838623
1993-05-20,1.7478774785995483
1993-05-21,1.6928939819335938
1993-05-24,1.7305145263671875
1993-05-25,1.713151216506958
1993-05-26,1.7276204824447632
1993-05-27,1.7247265577316284
1993-05-28,1.6784253120422363
1993-06-01,1.7276204824447632
1993-06-02,1.6928939819335938
1993-06-03,1.6784253120422363
1993-06-04,1.6436986923217773
1993-06-07,1.6211191415786743
1993-06-08,1.586381435394287
1993-06-09,1.6037507057189941
1993-06-10,1.5921711921691895
1993-06-11,1.586381435394287
1993-06-14,1.5776958465576172
1993-06-15,1.5429577827453613
1993-06-16,1.557432770729065
1993-06-17,1.5487481355667114
1993-06-18,1.4358477592468262
1993-06-21,1.3403180837631226
1993-06-22,1.3200538158416748
1993-06-23,1.2621570825576782
1993-06-24,1.2534736394882202
1993-06-25,1.3055799007415771
1993-06-28,1.3055799007415771
1993-06-29,1.2737363576889038
1993-06-30,1.2766311168670654
1993-07-01,1.2621570825576782
1993-07-02,1.2650514841079712
1993-07-06,1.2563674449920654
1993-07-07,1.2621570825576782
1993-07-08,1.2968956232070923
1993-07-09,1.2766311168670654
1993-07-12,1.2882105112075806
1993-07-13,1.285315990447998
1993-07-14,1.3200538158416748
1993-07-15,1.3374239206314087
1993-07-16,1.322948932647705
1993-07-19,1.3084745407104492
1993-07-20,1.302686333656311
1993-07-21,1.2940009832382202
1993-07-22,1.2882105112075806
1993-07-23,1.2882105112075806
1993-07-26,1.2882105112075806
1993-07-27,1.2968956232070923
1993-07-28,1.285315990447998
1993-07-29,1.2968956232070923
1993-07-30,1.302686333656311
1993-08-02,1.3084745407104492
1993-08-03,1.3055799007415771
1993-08-04,1.2940009832382202
1993-08-05,1.2766311168670654
1993-08-06,1.2940009832382202
1993-08-09,1.2766311168670654
1993-08-10,1.230313777923584
1993-08-11,1.1550469398498535
1993-08-12,1.1897855997085571
1993-08-13,1.2100498676300049
1993-08-16,1.2447882890701294
1993-08-17,1.227419376373291
1993-08-18,1.233209252357483
1993-08-19,1.2621570825576782
1993-08-20,1.2563674449920654
1993-08-23,1.2882105112075806
1993-08-24,1.311369776725769
1993-08-25,1.279526710510254
1993-08-26,1.2708419561386108
1993-08-27,1.2361031770706177
1993-08-30,1.233209252357483
1993-08-31,1.247682809829712
1993-09-01,1.2534736394882202
1993-09-02,1.2447882890701294
1993-09-03,1.207715630531311
1993-09-07,1.1874432563781738
1993-09-08,1.1845464706420898
1993-09-09,1.207715630531311
1993-09-10,1.1990281343460083
1993-09-13,1.1903390884399414
1993-09-14,1.1584810018539429
1993-09-15,1.1295192241668701
1993-09-16,1.0947649478912354
1993-09-17,1.1121416091918945
1993-09-20,1.0715948343276978
1993-09-21,1.0397367477416992
1993-09-22,1.0484261512756348
1993-09-23,1.0773868560791016
1993-09-24,1.080283284187317
1993-09-27,1.0918676853179932
1993-09-28,1.0715948343276978
1993-09-29,1.0397367477416992
1993-09-30,1.042632818222046
1993-10-01,1.060010313987732
1993-10-04,1.0918676853179932
1993-10-05,1.0658025741577148
1993-10-06,1.0484261512756348
1993-10-07,1.042632818222046
1993-10-08,1.042632818222046
1993-10-11,1.0715948343276978
1993-10-12,1.0484261512756348
1993-10-13,1.0484261512756348
1993-10-14,1.0744911432266235
1993-10-15,1.1237260103225708
1993-10-18,1.1150373220443726
1993-10-19,1.0947649478912354
1993-10-20,1.1034531593322754
1993-10-21,1.1092458963394165
1993-10-22,1.0831793546676636
1993-10-25,1.0715948343276978
1993-10-26,1.0889729261398315
1993-10-27,1.0918676853179932
1993-10-28,1.1092458963394165
1993-10-29,1.1208300590515137
1993-11-01,1.2019243240356445
1993-11-02,1.2395752668380737
1993-11-03,1.2048202753067017
1993-11-04,1.1758582592010498
1993-11-05,1.2106127738952637
1993-11-08,1.2250940799713135
1993-11-09,1.2395752668380737
1993-11-10,1.207715630531311
1993-11-11,1.1903390884399414
1993-11-12,1.1671693325042725
1993-11-15,1.149791955947876
1993-11-16,1.1671693325042725
1993-11-17,1.164273977279663
1993-11-18,1.164273977279663
1993-11-19,1.1729624271392822
1993-11-22,1.1700655221939087
1993-11-23,1.152688980102539
1993-11-24,1.1468963623046875
1993-11-26,1.1324152946472168
1993-11-29,1.1208300590515137
1993-11-30,1.1092458963394165
1993-12-01,1.1208300590515137
1993-12-02,1.117933988571167
1993-12-03,1.1121416091918945
1993-12-06,1.1011295318603516
1993-12-07,1.0808461904525757
1993-12-08,1.0866409540176392
1993-12-09,1.0837435722351074
1993-12-10,1.0576642751693726
1993-12-13,1.0460731983184814
1993-12-14,1.0344829559326172
1993-12-15,1.0692551136016846
1993-12-16,1.0634599924087524
1993-12-17,1.0431756973266602
1993-12-20,1.0344829559326172
1993-12-21,1.0055056810379028
1993-12-22,1.0344829559326172
1993-12-23,1.0634599924087524
1993-12-27,1.0576642751693726
1993-12-28,1.0489723682403564
1993-12-29,1.0576642751693726
1993-12-30,1.0634599924087524
1993-12-31,1.0721532106399536
1994-01-03,1.0837435722351074
1994-01-04,1.1301071643829346
1994-01-05,1.1243115663528442
1994-01-06,1.1243115663528442
1994-01-07,1.1416981220245361
1994-01-10,1.1590838432312012
1994-01-11,1.1590838432312012
1994-01-12,1.1938568353652954
1994-01-13,1.1967543363571167
1994-01-14,1.2112432718276978
1994-01-17,1.2025504112243652
1994-01-18,1.1967543363571167
1994-01-19,1.1880618333816528
1994-01-20,1.2170385122299194
1994-01-21,1.2025504112243652
1994-01-24,1.1967543363571167
1994-01-25,1.182266116142273
1994-01-26,1.1851637363433838
1994-01-27,1.1561869382858276
1994-01-28,1.1619820594787598
1994-01-31,1.1590838432312012
1994-02-01,1.1619820594787598
1994-02-02,1.1619820594787598
1994-02-03,1.1677781343460083
1994-02-04,1.1706750392913818
1994-02-07,1.1590838432312012
1994-02-08,1.1619820594787598
1994-02-09,1.182266116142273
1994-02-10,1.1677781343460083
1994-02-11,1.1590838432312012
1994-02-14,1.1619820594787598
1994-02-15,1.1677781343460083
1994-02-16,1.1880618333816528
1994-02-17,1.1909592151641846
1994-02-18,1.1880618333816528
1994-02-22,1.1851637363433838
1994-02-23,1.1967543363571167
1994-02-24,1.1677781343460083
1994-02-25,1.1706750392913818
1994-02-28,1.199652910232544
1994-03-01,1.1967543363571167
1994-03-02,1.1938568353652954
1994-03-03,1.1764709949493408
1994-03-04,1.2025504112243652
1994-03-07,1.2379189729690552
1994-03-08,1.2698094844818115
1994-03-09,1.2553131580352783
1994-03-10,1.2234236001968384
1994-03-11,1.2292215824127197
1994-03-14,1.2408182621002197
1994-03-15,1.2640109062194824
1994-03-16,1.3335891962051392
1994-03-17,1.3219937086105347
1994-03-18,1.3248915672302246
1994-03-21,1.3335891962051392
1994-03-22,1.3480846881866455
1994-03-23,1.316195011138916
1994-03-24,1.2988002300262451
1994-03-25,1.2930032014846802
1994-03-28,1.2901027202606201
1994-03-29,1.2756068706512451
1994-03-30,1.232120394706726
1994-03-31,1.2292215824127197
1994-04-04,1.2205241918563843
1994-04-05,1.2292215824127197
1994-04-06,1.2669099569320679
1994-04-07,1.327791452407837
1994-04-08,1.3480846881866455
1994-04-11,1.3480846881866455
1994-04-12,1.3364884853363037
1994-04-13,1.316195011138916
1994-04-14,1.3045988082885742
1994-04-15,1.3016986846923828
1994-04-18,1.2582134008407593
1994-04-19,1.2495157718658447
1994-04-20,1.2408182621002197
1994-04-21,1.2524150609970093
1994-04-22,1.2582134008407593
1994-04-25,1.2640109062194824
1994-04-26,1.2524150609970093
1994-04-28,1.2495157718658447
1994-04-29,1.2437174320220947
1994-05-02,1.2495157718658447
1994-05-03,1.2495157718658447
1994-05-04,1.246616005897522
1994-05-05,1.2379189729690552
1994-05-06,1.2379189729690552
1994-05-09,1.2524150609970093
1994-05-10,1.2843044996261597
1994-05-11,1.2756068706512451
1994-05-12,1.3016986846923828
1994-05-13,1.3364884853363037
1994-05-16,1.3219937086105347
1994-05-17,1.3132953643798828
1994-05-18,1.3364884853363037
1994-05-19,1.400269627571106
1994-05-20,1.3712775707244873
1994-05-23,1.4118658304214478
1994-05-24,1.40606689453125
1994-05-25,1.3973698616027832
1994-05-26,1.3915716409683228
1994-05-27,1.3770763874053955
1994-05-31,1.3683784008026123
1994-06-01,1.3480846881866455
1994-06-02,1.3393882513046265
1994-06-03,1.3422870635986328
1994-06-06,1.3167638778686523
1994-06-07,1.3138628005981445
1994-06-08,1.3747714757919312
1994-06-09,1.3718702793121338
1994-06-10,1.3834717273712158
1994-06-13,1.3631699085235596
1994-06-14,1.389272928237915
1994-06-15,1.3718702793121338
1994-06-16,1.3747714757919312
1994-06-17,1.3689695596694946
1994-06-20,1.3631699085235596
1994-06-21,1.3631699085235596
1994-06-22,1.3718702793121338
1994-06-23,1.3573682308197021
1994-06-24,1.334165096282959
1994-06-27,1.3254640102386475
1994-06-28,1.3196637630462646
1994-06-29,1.3544682264328003
1994-06-30,1.3863720893859863
1994-07-01,1.4095757007598877
1994-07-05,1.4066742658615112
1994-07-06,1.3747714757919312
1994-07-07,1.3921728134155273
1994-07-08,1.4414790868759155
1994-07-11,1.4559811353683472
1994-07-12,1.4385786056518555
1994-07-13,1.4414790868759155
1994-07-14,1.4501800537109375
1994-07-15,1.4182758331298828
1994-07-18,1.4414790868759155
1994-07-19,1.4588813781738281
1994-07-20,1.4675825834274292
1994-07-21,1.4501800537109375
1994-07-22,1.4182758331298828
1994-07-25,1.4269771575927734
1994-07-26,1.4298769235610962
1994-07-27,1.4617812633514404
1994-07-28,1.4443796873092651
1994-07-29,1.4269771575927734
1994-08-01,1.4385786056518555
1994-08-02,1.4414790868759155
1994-08-03,1.4704829454421997
1994-08-04,1.4849845170974731
1994-08-05,1.4965859651565552
1994-08-08,1.4878841638565063
1994-08-09,1.490785837173462
1994-08-10,1.4849845170974731
1994-08-11,1.4762831926345825
1994-08-12,1.4849845170974731
1994-08-15,1.4849845170974731
1994-08-16,1.5313894748687744
1994-08-17,1.5168886184692383
1994-08-18,1.4385786056518555
1994-08-19,1.4965859651565552
1994-08-22,1.490785837173462
1994-08-23,1.5139881372451782
1994-08-24,1.5342899560928345
1994-08-25,1.5226882696151733
1994-08-26,1.5139881372451782
1994-08-29,1.5023871660232544
1994-08-30,1.4878841638565063
1994-08-31,1.4936856031417847
1994-09-01,1.5023871660232544
1994-09-02,1.482656717300415
1994-09-06,1.4884588718414307
1994-09-07,1.482656717300415
1994-09-08,1.5232770442962646
1994-09-09,1.502967119216919
1994-09-12,1.4855577945709229
1994-09-13,1.4942626953125
1994-09-14,1.4855577945709229
1994-09-15,1.4739519357681274
1994-09-16,1.5203756093978882
1994-09-19,1.4594448804855347
1994-09-20,1.3811044692993164
1994-09-21,1.4043163061141968
1994-09-22,1.3956120014190674
1994-09-23,1.389809250831604
1994-09-26,1.3753020763397217
1994-09-27,1.3724004030227661
1994-09-28,1.3782027959823608
1994-09-29,1.35499107837677
1994-09-30,1.3753020763397217
1994-10-03,1.369498610496521
1994-10-04,1.3607943058013916
1994-10-05,1.3956120014190674
1994-10-06,1.3985141515731812
1994-10-07,1.4072175025939941
1994-10-10,1.4159221649169922
1994-10-11,1.4391342401504517
1994-10-12,1.4391342401504517
1994-10-13,1.4536411762237549
1994-10-14,1.43333101272583
1994-10-17,1.4217257499694824
1994-10-18,1.4159221649169922
1994-10-19,1.4101197719573975
1994-10-20,1.430429458618164
1994-10-21,1.4130215644836426
1994-10-24,1.3956120014190674
1994-10-25,1.4130215644836426
1994-10-26,1.4159221649169922
1994-10-27,1.4217257499694824
1994-10-28,1.4275280237197876
1994-10-31,1.4130215644836426
1994-11-01,1.3985141515731812
1994-11-02,1.3840053081512451
1994-11-03,1.3985141515731812
1994-11-04,1.3840053081512451
1994-11-07,1.4275280237197876
1994-11-08,1.4217257499694824
1994-11-09,1.4478384256362915
1994-11-10,1.4159221649169922
1994-11-11,1.4159221649169922
1994-11-14,1.4362332820892334
1994-11-15,1.4507405757904053
1994-11-16,1.4884588718414307
1994-11-17,1.497164249420166
1994-11-18,1.502967119216919
1994-11-21,1.4797555208206177
1994-11-22,1.4739519357681274
1994-11-23,1.4855577945709229
1994-11-25,1.4739519357681274
1994-11-28,1.4855577945709229
1994-11-29,1.4855577945709229
1994-11-30,1.482656717300415
1994-12-01,1.476853370666504
1994-12-02,1.4942626953125
1994-12-05,1.4949826002120972
1994-12-06,1.5356214046478271
1994-12-07,1.5414282083511353
1994-12-08,1.5298173427581787
1994-12-09,1.5211081504821777
1994-12-12,1.5153027772903442
1994-12-13,1.532719373703003
1994-12-14,1.5791651010513306
1994-12-15,1.5791651010513306
1994-12-16,1.5530396699905396
1994-12-19,1.532719373703003
1994-12-20,1.6633493900299072
1994-12-21,1.7214064598083496
1994-12-22,1.7504347562789917
1994-12-23,1.7417269945144653
1994-12-27,1.770755648612976
1994-12-28,1.7156015634536743
1994-12-29,1.7272121906280518
1994-12-30,1.7330176830291748
1995-01-03,1.6720575094223022
1995-01-04,1.669155240058899
1995-01-05,1.669155240058899
1995-01-06,1.6575449705123901
1995-01-09,1.669155240058899
1995-01-10,1.6720575094223022
1995-01-11,1.666252851486206
1995-01-12,1.666252851486206
1995-01-13,1.6749612092971802
1995-01-16,1.6952813863754272
1995-01-17,1.6894755363464355
1995-01-18,1.6836692094802856
1995-01-19,1.6633493900299072
1995-01-20,1.669155240058899
1995-01-23,1.7068922519683838
1995-01-24,1.680767297744751
1995-01-25,1.6952813863754272
1995-01-26,1.6865719556808472
1995-01-27,1.6981838941574097
1995-01-30,1.6894755363464355
1995-01-31,1.6488343477249146
1995-02-01,1.6227097511291504
1995-02-02,1.6227097511291504
1995-02-03,1.6488343477249146
1995-02-06,1.6081949472427368
1995-02-07,1.6227097511291504
1995-02-08,1.6139999628067017
1995-02-09,1.6139999628067017
1995-02-10,1.6314178705215454
1995-02-13,1.6401265859603882
1995-02-14,1.6401265859603882
1995-02-15,1.6227097511291504
1995-02-16,1.6256119012832642
1995-02-17,1.6285144090652466
1995-02-21,1.6604461669921875
1995-02-22,1.6604461669921875
1995-02-23,1.6836692094802856
1995-02-24,1.709795594215393
1995-02-27,1.6865719556808472
1995-02-28,1.669155240058899
1995-03-01,1.6923787593841553
1995-03-02,1.7214064598083496
1995-03-03,1.7272121906280518
1995-03-06,1.7163171768188477
1995-03-07,1.7017964124679565
1995-03-08,1.739548921585083
1995-03-09,1.7424534559249878
1995-03-10,1.777302861213684
1995-03-13,1.797630786895752
1995-03-14,1.7627818584442139
1995-03-15,1.7743990421295166
1995-03-16,1.8121517896652222
1995-03-17,1.7714943885803223
1995-03-20,1.759878158569336
1995-03-21,1.7134132385253906
1995-03-22,1.7221245765686035
1995-03-23,1.7163171768188477
1995-03-24,1.7308369874954224
1995-03-27,1.7511650323867798
1995-03-28,1.739548921585083
1995-03-29,1.7163171768188477
1995-03-30,1.7337404489517212
1995-03-31,1.7424534559249878
1995-04-03,1.768591046333313
1995-04-04,1.7656861543655396
1995-04-05,1.759878158569336
1995-04-06,1.7511650323867798
1995-04-07,1.7424534559249878
1995-04-10,1.739548921585083
1995-04-11,1.739548921585083
1995-04-12,1.7424534559249878
1995-04-13,1.739548921585083
1995-04-17,1.707604169845581
1995-04-18,1.7279326915740967
1995-04-19,1.7047007083892822
1995-04-20,1.6872752904891968
1995-04-21,1.6988922357559204
1995-04-24,1.7192211151123047
1995-04-25,1.739548921585083
1995-04-26,1.7540706396102905
1995-04-27,1.7569738626480103
1995-04-28,1.7802058458328247
1995-05-01,1.7860150337219238
1995-05-02,1.797630786895752
1995-05-03,1.8324811458587646
1995-05-04,1.7947278022766113
1995-05-05,1.783111333847046
1995-05-08,1.8208636045455933
1995-05-09,1.8208636045455933
1995-05-10,1.8179590702056885
1995-05-11,1.8208636045455933
1995-05-12,1.8266716003417969
1995-05-15,1.855713129043579
1995-05-16,1.8382890224456787
1995-05-17,1.8499042987823486
1995-05-18,1.8266716003417969
1995-05-19,1.8208636045455933
1995-05-22,1.84409761428833
1995-05-23,1.8702330589294434
1995-05-24,1.8179590702056885
1995-05-25,1.8382890224456787
1995-05-26,1.8208636045455933
1995-05-30,1.8121517896652222
1995-05-31,1.8324811458587646
1995-06-01,1.8295767307281494
1995-06-02,1.8644256591796875
1995-06-05,1.8353849649429321
1995-06-06,1.8361057043075562
1995-06-07,1.8622517585754395
1995-06-08,1.850630760192871
1995-06-09,1.8535367250442505
1995-06-12,1.9145466089248657
1995-06-13,1.9087352752685547
1995-06-14,1.8942092657089233
1995-06-15,1.937788724899292
1995-06-16,1.9610302448272705
1995-06-19,1.9871771335601807
1995-06-20,1.9523136615753174
1995-06-21,1.9523136615753174
1995-06-22,1.9784607887268066
1995-06-23,1.9581239223480225
1995-06-26,1.9465034008026123
1995-06-27,1.923262357711792
1995-06-28,1.9348825216293335
1995-06-29,1.9406936168670654
1995-06-30,1.9523136615753174
1995-07-03,1.9523136615753174
1995-07-05,1.9610302448272705
1995-07-06,1.9929882287979126
1995-07-07,1.9871771335601807
1995-07-10,2.0220396518707275
1995-07-11,2.024945020675659
1995-07-12,1.990081548690796
1995-07-13,2.004608392715454
1995-07-14,2.016230344772339
1995-07-17,2.027851104736328
1995-07-18,2.004608392715454
1995-07-19,1.949408769607544
1995-07-20,1.9929882287979126
1995-07-21,1.9958933591842651
1995-07-24,2.010418653488159
1995-07-25,2.0423760414123535
1995-07-26,2.0656185150146484
1995-07-27,2.1121015548706055
1995-07-28,2.1295342445373535
1995-07-31,2.100482225418091
1995-08-01,2.120817184448242
1995-08-02,2.149869441986084
1995-08-03,2.1469645500183105
1995-08-04,2.176016092300415
1995-08-07,2.234121322631836
1995-08-08,2.187638282775879
1995-08-09,2.187638282775879
1995-08-10,2.1527743339538574
1995-08-11,2.1266276836395264
1995-08-14,2.1353437900543213
1995-08-15,2.1091976165771484
1995-08-16,2.1469645500183105
1995-08-17,2.1731114387512207
1995-08-18,2.1556811332702637
1995-08-21,2.1673009395599365
1995-08-22,2.1527743339538574
1995-08-23,2.1585865020751953
1995-08-24,2.196352481842041
1995-08-25,2.1905434131622314
1995-08-28,2.196352481842041
1995-08-29,2.1702067852020264
1995-08-30,2.196352481842041
1995-08-31,2.1527743339538574
1995-09-01,2.149869441986084
1995-09-05,2.1527743339538574
1995-09-06,2.141871213912964
1995-09-07,2.121528148651123
1995-09-08,2.1302473545074463
1995-09-11,2.1244332790374756
1995-09-12,2.1244332790374756
1995-09-13,2.168027639389038
1995-09-14,2.173840284347534
1995-09-15,2.150589942932129
1995-09-18,2.316243886947632
1995-09-19,2.417959451675415
1995-09-20,2.426678419113159
1995-09-21,2.394711494445801
1995-09-22,2.4499292373657227
1995-09-25,2.557457208633423
1995-09-26,2.4993338584899902
1995-09-27,2.4993338584899902
1995-09-28,2.583613157272339
1995-09-29,2.583613157272339
1995-10-02,2.711486339569092
1995-10-03,2.6737072467803955
1995-10-04,2.5981457233428955
1995-10-05,2.5865211486816406
1995-10-06,2.5807077884674072
1995-10-09,2.5807077884674072
1995-10-10,2.5545506477355957
1995-10-11,2.51967716217041
1995-10-12,2.5342085361480713
1995-10-13,2.557457208633423
1995-10-16,2.5545506477355957
1995-10-17,2.5487380027770996
1995-10-18,2.606863498687744
1995-10-19,2.6126761436462402
1995-10-20,2.577800750732422
1995-10-23,2.5865211486816406
1995-10-24,2.641737937927246
1995-10-25,2.6184887886047363
1995-10-26,2.595238208770752
1995-10-27,2.601050853729248
1995-10-30,2.6504571437835693
1995-10-31,2.6330199241638184
1995-11-01,2.6737072467803955
1995-11-02,2.766705274581909
1995-11-03,2.755079984664917
1995-11-06,2.78995418548584
1995-11-07,2.78995418548584
1995-11-08,2.8015785217285156
1995-11-09,2.8132028579711914
1995-11-10,2.7783291339874268
1995-11-13,2.8015785217285156
1995-11-14,2.8364524841308594
1995-11-15,2.906202554702759
1995-11-16,2.859703302383423
1995-11-17,2.795767068862915
1995-11-20,2.8364524841308594
1995-11-21,2.784142017364502
1995-11-22,2.7608911991119385
1995-11-24,2.78995418548584
1995-11-27,2.7143940925598145
1995-11-28,2.667894124984741
1995-11-29,2.7143940925598145
1995-11-30,2.6969566345214844
1995-12-01,2.7202043533325195
1995-12-04,2.726017951965332
1995-12-05,2.8248281478881836
1995-12-06,2.8614933490753174
1995-12-07,2.855677843093872
1995-12-08,2.8614933490753174
1995-12-11,2.7800679206848145
1995-12-12,2.803332567214966
1995-12-13,2.9312856197357178
1995-12-14,2.9312856197357178
1995-12-15,2.971999168395996
1995-12-18,2.8847570419311523
1995-12-19,2.977813720703125
1995-12-20,2.989445447921753
1995-12-21,3.146479606628418
1995-12-22,3.0766868591308594
1995-12-26,3.1057662963867188
1995-12-27,3.129031181335449
1995-12-28,3.2569832801818848
1995-12-29,3.239535331726074
1996-01-02,3.309328317642212
1996-01-03,3.210456609725952
1996-01-04,3.17555832862854
1996-01-05,3.0766868591308594
1996-01-08,3.129031181335449
1996-01-09,3.065054178237915
1996-01-10,3.0534229278564453
1996-01-11,3.163926601409912
1996-01-12,3.1406641006469727
1996-01-15,3.0766868591308594
1996-01-16,3.111582040786743
1996-01-17,3.1406641006469727
1996-01-18,3.1988229751586914
1996-01-19,3.204638957977295
1996-01-22,3.222088575363159
1996-01-23,3.2162728309631348
1996-01-24,3.2162728309631348
1996-01-25,3.210456609725952
1996-01-26,3.210456609725952
1996-01-29,3.1988229751586914
1996-01-30,3.210456609725952
1996-01-31,3.2453501224517822
1996-02-01,3.146479606628418
1996-02-02,3.158111810684204
1996-02-05,3.146479606628418
1996-02-06,3.1406641006469727
1996-02-07,3.1697442531585693
1996-02-08,3.1813766956329346
1996-02-09,3.163926601409912
1996-02-12,3.193006992340088
1996-02-13,3.17555832862854
1996-02-14,3.1173994541168213
1996-02-15,3.146479606628418
1996-02-16,3.129031181335449
1996-02-20,3.0883188247680664
1996-02-21,3.1232171058654785
1996-02-22,3.0941340923309326
1996-02-23,3.0243425369262695
1996-02-26,2.9603662490844727
1996-02-27,3.0243425369262695
1996-02-28,3.006894111633301
1996-02-29,3.0243425369262695
1996-03-01,3.129031181335449
1996-03-04,3.1522953510284424
1996-03-05,3.2337193489074707
1996-03-06,3.380969762802124
1996-03-07,3.444981098175049
1996-03-08,3.346054792404175
1996-03-11,3.421703577041626
1996-03-12,3.51481294631958
1996-03-13,3.642832040786743
1996-03-14,3.666111707687378
1996-03-15,3.706846237182617
1996-03-18,3.706846237182617
1996-03-19,3.701026201248169
1996-03-20,3.6952061653137207
1996-03-21,3.73594069480896
1996-03-22,3.8465075492858887
1996-03-25,3.9512546062469482
1996-03-26,3.9803502559661865
1996-03-27,3.916337728500366
1996-03-28,3.8465075492858887
1996-03-29,3.7824971675872803
1996-04-01,3.8465075492858887
1996-04-02,3.759218454360962
1996-04-03,3.7126646041870117
1996-04-04,3.8115909099578857
1996-04-08,3.7708566188812256
1996-04-09,3.7708566188812256
1996-04-10,3.8348681926727295
1996-04-11,3.8872411251068115
1996-04-12,3.9454333782196045
1996-04-15,3.9978084564208984
1996-04-16,4.114192008972168
1996-04-17,4.317864894866943
1996-04-18,4.236395359039307
1996-04-19,4.236395359039307
1996-04-22,4.201478004455566
1996-04-23,4.1723833084106445
1996-04-24,4.1782026290893555
1996-04-25,4.096734523773193
1996-04-26,4.120009422302246
1996-04-29,4.143289089202881
1996-04-30,4.073456287384033
1996-05-01,4.120009422302246
1996-05-02,4.073456287384033
1996-05-03,4.160747051239014
1996-05-06,4.149106979370117
1996-05-07,4.317864894866943
1996-05-08,4.358603000640869
1996-05-09,4.277130126953125
1996-05-10,4.335322380065918
1996-05-13,4.486622333526611
1996-05-14,4.4924445152282715
1996-05-15,4.370240211486816
1996-05-16,4.370240211486816
1996-05-17,4.416792869567871
1996-05-20,4.474982738494873
1996-05-21,4.661198139190674
1996-05-22,4.608825206756592
1996-05-23,4.713570594787598
1996-05-24,4.719388484954834
1996-05-28,4.579729080200195
1996-05-29,4.626283645629883
1996-05-30,4.643738746643066
1996-05-31,4.6728363037109375
1996-06-03,4.690293788909912
1996-06-04,4.63210391998291
1996-06-05,4.831801414489746
1996-06-06,4.8550848960876465
1996-06-07,4.866729259490967
1996-06-10,4.884195327758789
1996-06-11,4.919121265411377
1996-06-12,5.012267112731934
1996-06-13,4.919121265411377
1996-06-14,4.89583683013916
1996-06-17,4.83762264251709
1996-06-18,4.756121635437012
1996-06-19,4.674623966217041
1996-06-20,4.5698370933532715
1996-06-21,4.83762264251709
1996-06-24,4.796872138977051
1996-06-25,4.7153730392456055
1996-06-26,4.680443286895752
1996-06-27,4.662980079650879
1996-06-28,4.785229682922363
1996-07-01,4.8550848960876465
1996-07-02,4.924943923950195
1996-07-03,5.076301097869873
1996-07-05,4.948230266571045
1996-07-08,4.8550848960876465
1996-07-09,5.06466007232666
1996-07-10,4.994802474975586
1996-07-11,4.843441486358643
1996-07-12,4.942407608032227
1996-07-15,4.750301361083984
1996-07-16,4.773587226867676
1996-07-17,4.796872138977051
1996-07-18,4.872551441192627
1996-07-19,4.703729152679443
1996-07-22,4.6571574211120605
1996-07-23,4.7153730392456055
1996-07-24,4.604765892028809
1996-07-25,4.540728569030762
1996-07-26,4.564018249511719
1996-07-29,4.668798446655273
1996-07-30,4.825981616973877
1996-07-31,4.791051864624023
1996-08-01,4.924943923950195
1996-08-02,5.058837890625
1996-08-05,5.035551071166992
1996-08-06,5.053016662597656
1996-08-07,5.035551071166992
1996-08-08,5.012267112731934
1996-08-09,4.942407608032227
1996-08-12,5.00062370300293
1996-08-13,4.96569299697876
1996-08-14,4.890017032623291
1996-08-15,4.83762264251709
1996-08-16,4.866729259490967
1996-08-19,4.95405387878418
1996-08-20,5.053016662597656
1996-08-21,4.988980770111084
1996-08-22,5.06466007232666
1996-08-23,5.00062370300293
1996-08-26,4.9773383140563965
1996-08-27,5.047194004058838
1996-08-28,5.111232280731201
1996-08-29,5.047194004058838
1996-08-30,5.029732704162598
1996-09-03,5.012267112731934
1996-09-04,5.101388931274414
1996-09-05,4.9965667724609375
1996-09-06,5.118859767913818
1996-09-09,5.27609395980835
1996-09-10,5.340152740478516
1996-09-11,5.474094867706299
1996-09-12,5.590561866760254
1996-09-13,5.6022114753723145
1996-09-16,5.666270732879639
1996-09-17,5.79438591003418
1996-09-18,5.7419753074646
1996-09-19,5.79438591003418
1996-09-20,5.823503494262695
1996-09-23,5.7885637283325195
1996-09-24,5.765268802642822
1996-09-25,5.718681812286377
1996-09-26,5.590561866760254
1996-09-27,5.666270732879639
1996-09-30,5.672094345092773
1996-10-01,5.619683265686035
1996-10-02,5.689564228057861
1996-10-03,5.782739639282227
1996-10-04,5.7885637283325195
1996-10-07,5.79438591003418
1996-10-08,5.642975807189941
1996-10-09,5.648797988891602
1996-10-10,5.6022114753723145
1996-10-11,5.567267417907715
1996-10-14,5.683739185333252
1996-10-15,5.584740161895752
1996-10-16,5.642975807189941
1996-10-17,5.660445690155029
1996-10-18,5.619683265686035
1996-10-21,5.730327606201172
1996-10-22,5.677917003631592
1996-10-23,5.642975807189941
1996-10-24,5.7885637283325195
1996-10-25,5.870089530944824
1996-10-28,5.8002095222473145
1996-10-29,5.672094345092773
1996-10-30,5.567267417907715
1996-10-31,5.509034633636475
1996-11-01,5.101388931274414
1996-11-04,5.101388931274414
1996-11-05,5.031508922576904
1996-11-06,5.206212043762207
1996-11-07,5.252799034118652
1996-11-08,5.392564296722412
1996-11-11,5.345975875854492
1996-11-12,5.241153240203857
1996-11-13,5.1596245765686035
1996-11-14,5.066450119018555
1996-11-15,5.182918071746826
1996-11-18,5.182918071746826
1996-11-19,5.101388931274414
1996-11-20,4.973270416259766
1996-11-21,4.961623668670654
1996-11-22,5.217859745025635
1996-11-25,5.194563865661621
1996-11-26,5.182918071746826
1996-11-27,5.206212043762207
1996-11-29,5.299388408660889
1996-12-02,5.35762357711792
1996-12-03,5.194563865661621
1996-12-04,5.35762357711792
1996-12-05,5.299388408660889
1996-12-06,5.229506492614746
1996-12-09,5.311032772064209
1996-12-10,5.217859745025635
1996-12-11,5.089742660522461
1996-12-12,5.019861698150635
1996-12-13,4.861312389373779
1996-12-16,4.942919731140137
1996-12-17,4.90794563293457
1996-12-18,5.502494812011719
1996-12-19,5.677361488342285
1996-12-20,5.735650539398193
1996-12-23,5.689020156860352
1996-12-24,5.758966445922852
1996-12-26,5.817257881164551
1996-12-27,5.782282829284668
1996-12-30,5.712334156036377
1996-12-31,5.595755577087402
1997-01-02,5.560783863067627
1997-01-03,5.642385959625244
1997-01-06,5.665704250335693
1997-01-07,5.584100723266602
1997-01-08,5.549124717712402
1997-01-09,5.654047012329102
1997-01-10,5.689020156860352
1997-01-13,5.607414722442627
1997-01-14,5.735650539398193
1997-01-15,5.74730920791626
1997-01-16,5.770624160766602
1997-01-17,6.015440464019775
1997-01-20,6.225277900695801
1997-01-21,6.166989803314209
1997-01-22,6.306882858276367
1997-01-23,6.190308570861816
1997-01-24,6.166989803314209
1997-01-27,6.062071323394775
1997-01-28,6.062071323394775
1997-01-29,6.178647041320801
1997-01-30,6.190308570861816
1997-01-31,6.376831531524658
1997-02-03,6.318541049957275
1997-02-04,6.190308570861816
1997-02-05,6.085386276245117
1997-02-06,5.957149505615234
1997-02-07,6.097042560577393
1997-02-10,6.318541049957275
1997-02-11,6.388489723205566
1997-02-12,6.644959926605225
1997-02-13,7.06464147567749
1997-02-14,6.983041286468506
1997-02-18,7.041329860687256
1997-02-19,6.924749851226807
1997-02-20,6.889777183532715
1997-02-21,6.854799270629883
1997-02-24,6.773199081420898
1997-02-25,6.948060035705566
1997-02-26,6.994696617126465
1997-02-27,6.913092613220215
1997-02-28,6.703249931335449
1997-03-03,6.609988689422607
1997-03-04,6.679934978485107
1997-03-05,6.679934978485107
1997-03-06,6.656623840332031
1997-03-07,6.388489723205566
1997-03-10,6.248595237731934
1997-03-11,6.190308570861816
1997-03-12,6.143674850463867
1997-03-13,6.015440464019775
1997-03-14,6.120360851287842
1997-03-17,6.120360851287842
1997-03-18,6.113358020782471
1997-03-19,6.370024681091309
1997-03-20,6.300027370452881
1997-03-21,6.090026378631592
1997-03-24,6.008358001708984
1997-03-25,6.090026378631592
1997-03-26,6.090026378631592
1997-03-27,5.938359260559082
1997-03-31,5.775025367736816
1997-04-01,5.8216938972473145
1997-04-02,5.705021858215332
1997-04-03,5.495024681091309
1997-04-04,5.518356800079346
1997-04-07,5.121688365936279
1997-04-08,5.110021591186523
1997-04-09,5.261688232421875
1997-04-10,5.203354835510254
1997-04-11,5.1333537101745605
1997-04-14,5.273355007171631
1997-04-15,5.448354244232178
1997-04-16,5.413356304168701
1997-04-17,5.051686763763428
1997-04-18,4.865019798278809
1997-04-21,4.900021076202393
1997-04-22,4.958356857299805
1997-04-23,5.0750226974487305
1997-04-24,5.110021591186523
1997-04-25,5.238354206085205
1997-04-28,4.981686115264893
1997-04-29,5.110021591186523
1997-04-30,5.2500200271606445
1997-05-01,5.366689682006836
1997-05-02,5.215023040771484
1997-05-05,5.483357906341553
1997-05-06,5.460021495819092
1997-05-07,5.390024185180664
1997-05-08,5.2500200271606445
1997-05-09,5.226689338684082
1997-05-12,5.2500200271606445
1997-05-13,5.296689033508301
1997-05-14,5.34335470199585
1997-05-15,5.355020523071289
1997-05-16,5.086688995361328
1997-05-19,5.180023193359375
1997-05-20,5.273355007171631
1997-05-21,5.308356761932373
1997-05-22,5.226689338684082
1997-05-23,5.238354206085205
1997-05-27,5.611691474914551
1997-05-28,5.973358154296875
1997-05-29,5.168355941772461
1997-05-30,5.366689682006836
1997-06-02,5.261688232421875
1997-06-03,5.168355941772461
1997-06-04,5.180023193359375
1997-06-05,5.145021915435791
1997-06-06,5.203354835510254
1997-06-09,5.320021152496338
1997-06-10,5.425023555755615
1997-06-11,5.495024681091309
1997-06-12,5.460021495819092
1997-06-13,5.530023574829102
1997-06-16,5.6748151779174805
1997-06-17,5.593079090118408
1997-06-18,5.639782905578613
1997-06-19,5.698164939880371
1997-06-20,5.604753017425537
1997-06-23,5.499665260314941
1997-06-24,5.593079090118408
1997-06-25,5.593079090118408
1997-06-26,5.441283226013184
1997-06-27,5.4529571533203125
1997-06-30,5.4529571533203125
1997-07-01,5.4179277420043945
1997-07-02,5.35954475402832
1997-07-03,5.482149600982666
1997-07-07,5.342032432556152
1997-07-08,5.371223449707031
1997-07-09,5.476313591003418
1997-07-10,5.493826389312744
1997-07-11,5.487987518310547
1997-07-14,5.604753017425537
1997-07-15,5.768224716186523
1997-07-16,5.6748151779174805
1997-07-17,5.785741329193115
1997-07-18,5.774063587188721
1997-07-21,5.6748151779174805
1997-07-22,5.721519947052002
1997-07-23,5.774063587188721
1997-07-24,5.709841251373291
1997-07-25,5.733195781707764
1997-07-28,5.651458740234375
1997-07-29,5.739034652709961
1997-07-30,5.861637115478516
1997-07-31,5.849963188171387
1997-08-01,5.77990198135376
1997-08-04,5.826609134674072
1997-08-05,5.762388229370117
1997-08-06,5.698164939880371
1997-08-07,5.581400394439697
1997-08-08,5.517181873321533
1997-08-11,5.628107070922852
1997-08-12,5.744872093200684
1997-08-13,5.768224716186523
1997-08-14,5.809096336364746
1997-08-15,5.558048248291016
1997-08-18,5.558048248291016
1997-08-19,5.388736724853516
1997-08-20,5.3245158195495605
1997-08-21,5.225264549255371
1997-08-22,5.21942663192749
1997-08-25,5.184396266937256
1997-08-26,5.131852626800537
1997-08-27,5.032602787017822
1997-08-28,4.9742207527160645
1997-08-29,4.985895156860352
1997-09-02,5.190234661102295
1997-09-03,5.260293960571289
1997-09-04,5.172719955444336
1997-09-05,5.079308986663818
1997-09-08,5.06763219833374
1997-09-09,5.102660655975342
1997-09-10,4.962542533874512
1997-09-11,5.044277191162109
1997-09-12,5.06763219833374
1997-09-15,4.950865268707275
1997-09-16,4.962542533874512
1997-09-17,4.915836811065674
1997-09-18,5.130889892578125
1997-09-19,5.078295707702637
1997-09-22,5.177639484405518
1997-09-23,5.154264450073242
1997-09-24,5.095827102661133
1997-09-25,5.037388801574707
1997-09-26,5.002325057983398
1997-09-29,5.002325057983398
1997-09-30,4.955573558807373
1997-10-01,4.943885803222656
1997-10-02,4.949731349945068
1997-10-03,4.973104953765869
1997-10-06,4.885448932647705
1997-10-07,4.920511722564697
1997-10-08,4.8620710372924805
1997-10-09,4.844542026519775
1997-10-10,4.85038423538208
1997-10-13,4.867915630340576
1997-10-14,4.885448932647705
1997-10-15,4.873759746551514
1997-10-16,4.791945934295654
1997-10-17,4.675071716308594
1997-10-20,4.669228553771973
1997-10-21,4.569882392883301
1997-10-22,4.587413311004639
1997-10-23,4.581569194793701
1997-10-24,4.54066276550293
1997-10-27,4.277688503265381
1997-10-28,4.406252861022949
1997-10-29,4.470536231994629
1997-10-30,4.423783779144287
1997-10-31,4.406252861022949
1997-11-03,4.54066276550293
1997-11-04,4.587413311004639
1997-11-05,4.558191299438477
1997-11-06,4.54066276550293
1997-11-07,4.488065242767334
1997-11-10,4.458848476409912
1997-11-11,4.441315650939941
1997-11-12,4.371187686920166
1997-11-13,4.377034664154053
1997-11-14,4.552347660064697
1997-11-17,4.680914878845215
1997-11-18,4.739350318908691
1997-11-19,4.733508110046387
1997-11-20,4.675071716308594
1997-11-21,4.756883144378662
1997-11-24,4.558191299438477
1997-11-25,4.669228553771973
1997-11-26,4.663381576538086
1997-11-28,4.552347660064697
1997-12-01,4.657538414001465
1997-12-02,4.511441707611084
1997-12-03,4.482222557067871
1997-12-04,4.511441707611084
1997-12-05,4.417941570281982
1997-12-08,4.406252861022949
1997-12-09,4.341971397399902
1997-12-10,4.3478169441223145
1997-12-11,4.219252109527588
1997-12-12,4.154970645904541
1997-12-15,4.154970645904541
1997-12-16,4.18418550491333
1997-12-17,4.06146764755249
1997-12-18,3.7452287673950195
1997-12-19,3.756932497024536
1997-12-22,3.7335269451141357
1997-12-23,3.651599645614624
1997-12-24,3.628190279006958
1997-12-26,3.6633005142211914
1997-12-29,3.6223366260528564
1997-12-30,3.7218215465545654
1997-12-31,3.6574501991271973
1998-01-02,3.75108003616333
1998-01-05,4.008565425872803
1998-01-06,4.002714157104492
1998-01-07,3.967601776123047
1998-01-08,3.950045108795166
1998-01-09,3.6984150409698486
1998-01-12,3.7393782138824463
1998-01-13,3.8330087661743164
1998-01-14,3.8564164638519287
1998-01-15,3.8739724159240723
1998-01-16,3.8564164638519287
1998-01-20,3.903231143951416
1998-01-21,3.8973801136016846
1998-01-22,3.768634557723999
1998-01-23,3.756932497024536
1998-01-26,3.756932497024536
1998-01-27,3.792043685913086
1998-01-28,3.8213047981262207
1998-01-29,3.8447117805480957
1998-01-30,3.75108003616333
1998-02-02,3.8564164638519287
1998-02-03,3.909083366394043
1998-02-04,3.950045108795166
1998-02-05,3.792043685913086
1998-02-06,3.8447117805480957
1998-02-09,3.756932497024536
1998-02-10,3.774488687515259
1998-02-11,3.768634557723999
1998-02-12,3.797896385192871
1998-02-13,3.8271560668945312
1998-02-17,4.154862880706787
1998-02-18,4.1782708168029785
1998-02-19,4.225083351135254
1998-02-20,4.219234466552734
1998-02-23,4.371384143829346
1998-02-24,4.0378241539001465
1998-02-25,4.213381290435791
1998-02-26,4.131454944610596
1998-02-27,4.10804557800293
1998-03-02,4.131454944610596
1998-03-03,4.1490092277526855
1998-03-04,4.236791610717773
1998-03-05,4.277755260467529
1998-03-06,4.353826999664307
1998-03-09,4.347976207733154
1998-03-10,4.435756206512451
1998-03-11,4.412347793579102
1998-03-12,4.289458751678467
1998-03-13,4.195827007293701
1998-03-16,4.225083351135254
1998-03-17,4.166568756103516
1998-03-18,4.32454776763916
1998-03-19,4.107734203338623
1998-03-20,4.1546125411987305
1998-03-23,4.113594055175781
1998-03-24,4.1897735595703125
1998-03-25,4.125311851501465
1998-03-26,4.10187292098999
1998-03-27,4.107734203338623
1998-03-30,4.019839763641357
1998-03-31,4.148752689361572
1998-04-01,4.137036323547363
1998-04-02,4.1897735595703125
1998-04-03,4.224931240081787
1998-04-06,4.207351207733154
1998-04-07,4.148752689361572
1998-04-08,4.107734203338623
1998-04-09,4.148752689361572
1998-04-13,4.113594055175781
1998-04-14,4.113594055175781
1998-04-15,4.054996013641357
1998-04-16,4.019839763641357
1998-04-17,4.113594055175781
1998-04-20,4.049136161804199
1998-04-21,4.389008045196533
1998-04-22,4.453464984893799
1998-04-23,4.394865036010742
1998-04-24,4.412446022033691
1998-04-27,4.412446022033691
1998-04-28,4.541359901428223
1998-04-29,4.5179243087768555
1998-04-30,4.476902484893799
1998-05-01,4.48276424407959
1998-05-04,4.5179243087768555
1998-05-05,4.412446022033691
1998-05-06,4.383146286010742
1998-05-07,4.277669429779053
1998-05-08,4.312827110290527
1998-05-11,4.260090351104736
1998-05-12,4.447604656219482
1998-05-13,4.424166202545166
1998-05-14,4.365567207336426
1998-05-15,4.406583309173584
1998-05-18,4.347987651824951
1998-05-19,4.389008045196533
1998-05-20,4.32454776763916
1998-05-21,4.400727272033691
1998-05-22,4.424166202545166
1998-05-26,4.406583309173584
1998-05-27,4.394865036010742
1998-05-28,4.394865036010742
1998-05-29,4.312827110290527
1998-06-01,4.289389133453369
1998-06-02,4.289389133453369
1998-06-03,4.289389133453369
1998-06-04,4.318691730499268
1998-06-05,4.342128753662109
1998-06-08,4.306967735290527
1998-06-09,4.306967735290527
1998-06-10,4.219071865081787
1998-06-11,4.20149040222168
1998-06-12,4.142892837524414
1998-06-15,4.072245121002197
1998-06-16,4.113321781158447
1998-06-17,4.18373441696167
1998-06-18,4.177864074707031
1998-06-19,4.18373441696167
1998-06-22,4.283486366271973
1998-06-23,4.312824249267578
1998-06-24,4.3715033531188965
1998-06-25,4.424313068389893
1998-06-26,4.48298978805542
1998-06-29,4.623817443847656
1998-06-30,4.571007251739502
1998-07-01,4.887869834899902
1998-07-02,4.905470371246338
1998-07-06,4.829190731048584
1998-07-07,4.79985237121582
1998-07-08,4.905470371246338
1998-07-09,4.79985237121582
1998-07-10,4.788114547729492
1998-07-13,4.7177019119262695
1998-07-14,4.670759201049805
1998-07-15,4.547538757324219
1998-07-16,4.66489315032959
1998-07-17,4.7177019119262695
1998-07-20,4.682497978210449
1998-07-21,4.48298978805542
1998-07-22,4.553404331207275
1998-07-23,4.3480329513549805
1998-07-24,4.295220851898193
1998-07-27,4.353898048400879
1998-07-28,4.224809169769287
1998-07-29,4.283486366271973
1998-07-30,4.301088333129883
1998-07-31,4.177864074707031
1998-08-03,4.195468902587891
1998-08-04,4.0370378494262695
1998-08-05,4.136791229248047
1998-08-06,4.083980560302734
1998-08-07,4.054643630981445
1998-08-10,4.031171798706055
1998-08-11,3.9431543350219727
1998-08-12,3.7847225666046143
1998-08-13,3.7495169639587402
1998-08-14,3.720177412033081
1998-08-17,3.673233985900879
1998-08-18,3.696709394454956
1998-08-19,3.708444595336914
1998-08-20,3.708444595336914
1998-08-21,3.726045846939087
1998-08-24,3.6791040897369385
1998-08-25,3.6908392906188965
1998-08-26,3.5089361667633057
1998-08-27,3.403318166732788
1998-08-28,3.3329055309295654
1998-08-31,3.2566230297088623
1998-09-01,3.2272839546203613
1998-09-02,2.9808361530303955
1998-09-03,3.145134687423706
1998-09-04,3.2272839546203613
1998-09-08,3.2976973056793213
1998-09-09,3.145134687423706
1998-09-10,3.074721336364746
1998-09-11,3.1979458332061768
1998-09-14,3.3153011798858643
1998-09-15,3.239020824432373
1998-09-16,3.397449254989624
1998-09-17,3.173868417739868
1998-09-18,3.550030469894409
1998-09-21,3.673459053039551
1998-09-22,3.626438856124878
1998-09-23,3.644073009490967
1998-09-24,3.937945604324341
1998-09-25,3.8497869968414307
1998-09-28,3.738111734390259
1998-09-29,3.649949073791504
1998-09-30,3.461867570877075
1998-10-01,3.503009080886841
1998-10-02,3.685215950012207
1998-10-05,3.5911734104156494
1998-10-06,3.6088056564331055
1998-10-07,3.5617852210998535
1998-10-08,3.479498863220215
1998-10-09,3.538275718688965
1998-10-12,3.620562791824341
1998-10-13,3.585296392440796
1998-10-14,3.655825614929199
1998-10-15,3.7557435035705566
1998-10-16,3.7439897060394287
1998-10-19,3.7498674392700195
1998-10-20,3.7322335243225098
1998-10-21,3.696969509124756
1998-10-22,3.7851321697235107
1998-10-23,3.7851321697235107
1998-10-26,4.002601146697998
1998-10-27,4.084887981414795
1998-10-28,3.967336416244507
1998-10-29,4.03198766708374
1998-10-30,4.079008102416992
1998-11-02,4.049619197845459
1998-11-03,4.079008102416992
1998-11-04,4.020232677459717
1998-11-05,3.9144389629364014
1998-11-06,4.325864791870117
1998-11-09,4.102519512176514
1998-11-10,4.202437400817871
1998-11-11,4.149539947509766
1998-11-12,4.120151996612549
1998-11-13,4.149539947509766
1998-11-16,4.067251205444336
1998-11-17,4.055495262145996
1998-11-18,3.89092755317688
1998-11-19,3.932072401046753
1998-11-20,4.014355659484863
1998-11-23,4.15541934967041
1998-11-24,3.949702262878418
1998-11-25,3.902684211730957
1998-11-27,3.8556623458862305
1998-11-30,3.7616209983825684
1998-12-01,3.72048282623291
1998-12-02,3.6675827503204346
1998-12-03,3.467745304107666
1998-12-04,3.3795809745788574
1998-12-07,3.461867570877075
1998-12-08,3.5970520973205566
1998-12-09,3.467745304107666
1998-12-10,3.432478666305542
1998-12-11,3.3854594230651855
1998-12-14,3.585296392440796
1998-12-15,3.89092755317688
1998-12-16,3.949702262878418
1998-12-17,3.9082672595977783
1998-12-18,3.7375729084014893
1998-12-21,3.6845977306365967
1998-12-22,3.696371555328369
1998-12-23,3.7964322566986084
1998-12-24,3.8906068801879883
1998-12-28,3.7258052825927734
1998-12-29,3.884721040725708
1998-12-30,3.819977045059204
1998-12-31,3.819977045059204
1999-01-04,3.8906068801879883
1999-01-05,3.8317487239837646
1999-01-06,4.108388423919678
1999-01-07,4.043642520904541
1999-01-08,4.131930351257324
1999-01-11,4.179017543792725
1999-01-12,3.955352544784546
1999-01-13,3.961240291595459
1999-01-14,3.8906068801879883
1999-01-15,3.8082051277160645
1999-01-19,3.743459463119507
1999-01-20,3.743459463119507
1999-01-21,3.7140285968780518
1999-01-22,3.931809902191162
1999-01-25,3.9847822189331055
1999-01-26,3.961240291595459
1999-01-27,3.961240291595459
1999-01-28,4.0200982093811035
1999-01-29,4.284966468811035
1999-02-01,4.514518737792969
1999-02-02,4.4321136474609375
1999-02-03,4.591034889221191
1999-02-04,4.4733171463012695
1999-02-05,4.591034889221191
1999-02-08,4.802926063537598
1999-02-09,4.7793869972229
1999-02-10,4.6557817459106445
1999-02-11,4.6557817459106445
1999-02-12,4.67932653427124
1999-02-16,4.738183498382568
1999-02-17,4.56749153137207
1999-02-18,4.573378086090088
1999-02-19,4.585150718688965
1999-02-22,4.70875358581543
1999-02-23,5.079568862915039
1999-02-24,5.091342449188232
1999-02-25,5.056023597717285
1999-02-26,5.032480239868164
1999-03-01,4.997167110443115
1999-03-02,4.908876895904541
1999-03-03,4.7793869972229
1999-03-04,4.826472282409668
1999-03-05,5.026590824127197
1999-03-08,5.144313812255859
1999-03-09,5.097224712371826
1999-03-10,5.367979049682617
1999-03-11,5.244373798370361
1999-03-12,5.256148815155029
1999-03-15,5.29146146774292
1999-03-16,5.320892333984375
1999-03-17,5.415067672729492
1999-03-18,5.185039520263672
1999-03-19,5.821385383605957
1999-03-22,5.550350189208984
1999-03-23,5.350017547607422
1999-03-24,5.314666271209717
1999-03-25,5.361800670623779
1999-03-26,5.355909824371338
1999-03-29,5.332341194152832
1999-03-30,5.403045654296875
1999-03-31,5.438398361206055
1999-04-01,5.296988010406494
1999-04-05,5.503211498260498
1999-04-06,5.562134742736816
1999-04-07,5.467860221862793
1999-04-08,5.491430282592773
1999-04-09,5.597485542297363
1999-04-12,5.456076622009277
1999-04-13,5.367694854736328
1999-04-14,5.291095733642578
1999-04-15,5.562134742736816
1999-04-16,5.562134742736816
1999-04-19,5.621054649353027
1999-04-20,5.579808712005615
1999-04-21,5.768357276916504
1999-04-22,5.797817707061768
1999-04-23,5.786032676696777
1999-04-26,6.0335001945495605
1999-04-27,5.892093181610107
1999-04-28,5.892093181610107
1999-04-29,5.880308151245117
1999-04-30,5.862630367279053
1999-05-03,5.921553611755371
1999-05-04,5.915660381317139
1999-05-05,5.892093181610107
1999-05-06,5.915660381317139
1999-05-07,5.93922758102417
1999-05-10,5.921553611755371
1999-05-11,6.17491340637207
1999-05-12,6.05706787109375
1999-05-13,5.93922758102417
1999-05-14,5.874415397644043
1999-05-17,5.886197566986084
1999-05-18,5.791924476623535
1999-05-19,5.674083232879639
1999-05-20,6.0335001945495605
1999-05-21,6.121883869171143
1999-05-24,6.05706787109375
1999-05-25,5.76246452331543
1999-05-26,5.815491676330566
1999-05-27,5.556243419647217
1999-05-28,5.744789123535156
1999-06-01,5.6917572021484375
1999-06-02,5.585700988769531
1999-06-03,5.556243419647217
1999-06-04,5.656407356262207
1999-06-07,5.656407356262207
1999-06-08,5.456076622009277
1999-06-09,5.249851703643799
1999-06-10,5.4442901611328125
1999-06-11,5.232177257537842
1999-06-14,5.326314926147461
1999-06-15,5.167059421539307
1999-06-16,5.296823978424072
1999-06-17,5.379402160644531
1999-06-18,5.603544235229492
1999-06-21,5.650732040405273
1999-06-22,5.473775863647461
1999-06-23,5.756904602050781
1999-06-24,5.692019939422607
1999-06-25,5.88667106628418
1999-06-28,6.028233051300049
1999-06-29,6.051826477050781
1999-06-30,5.981044292449951
1999-07-01,5.62123966217041
1999-07-02,5.285025596618652
1999-07-06,5.237839221954346
1999-07-07,5.178853988647461
1999-07-08,5.0903778076171875
1999-07-09,5.202446460723877
1999-07-12,5.167059421539307
1999-07-13,5.084478855133057
1999-07-14,5.167059421539307
1999-07-15,5.43248987197876
1999-07-16,5.5681538581848145
1999-07-19,5.544558525085449
1999-07-20,5.485574722290039
1999-07-21,5.391200065612793
1999-07-22,5.119871139526367
1999-07-23,5.2260422706604
1999-07-26,5.2260422706604
1999-07-27,5.096278667449951
1999-07-28,5.143465042114258
1999-07-29,5.060885906219482
1999-07-30,4.907524585723877
1999-08-02,4.730569839477539
1999-08-03,4.6479926109313965
1999-08-04,4.736468315124512
1999-08-05,4.5300211906433105
1999-08-06,4.630296230316162
1999-08-09,4.618500709533691
1999-08-10,4.642094612121582
1999-08-11,4.71877384185791
1999-08-12,4.742368698120117
1999-08-13,4.8190484046936035
1999-08-16,4.836743354797363
1999-08-17,5.078579902648926
1999-08-18,4.9901018142700195
1999-08-19,4.9665093421936035
1999-08-20,4.972409725189209
1999-08-23,4.996000289916992
1999-08-24,4.954712390899658
1999-08-25,5.02549409866333
1999-08-26,4.84853982925415
1999-08-27,4.754165172576904
1999-08-30,4.636196136474609
1999-08-31,4.412053108215332
1999-09-01,4.642094612121582
1999-09-02,4.618500709533691
1999-09-03,4.730569839477539
1999-09-07,4.795455455780029
1999-09-08,5.125769138336182
1999-09-09,5.402994155883789
1999-09-10,5.296823978424072
1999-09-13,5.285025596618652
1999-09-14,5.172954082489014
1999-09-15,5.125769138336182
1999-09-16,5.172770023345947
1999-09-17,5.042860984802246
1999-09-20,5.096007347106934
1999-09-21,4.9601922035217285
1999-09-22,4.936572074890137
1999-09-23,4.918858051300049
1999-09-24,5.084199905395508
1999-09-27,5.326303005218506
1999-09-28,5.349920272827148
1999-09-29,5.338111400604248
1999-09-30,5.37354040145874
1999-10-01,5.438496112823486
1999-10-04,5.550689220428467
1999-10-05,5.527071952819824
1999-10-06,5.527071952819824
1999-10-07,5.491643905639648
1999-10-08,5.397161960601807
1999-10-11,5.532978057861328
1999-10-12,5.414876937866211
1999-10-13,5.249535083770752
1999-10-14,5.314493179321289
1999-10-15,5.1668701171875
1999-10-18,5.072389602661133
1999-10-19,5.11372184753418
1999-10-20,5.231821537017822
1999-10-21,5.273157119750977
1999-10-22,5.208200931549072
1999-10-25,5.308587074279785
1999-10-26,5.426687240600586
1999-10-27,5.462117671966553
1999-10-28,5.284967422485352
1999-10-29,5.290870666503906
1999-11-01,5.320394992828369
1999-11-02,4.9601922035217285
1999-11-03,4.741706371307373
1999-11-04,4.759424209594727
1999-11-05,4.529129505157471
1999-11-08,4.428741931915283
1999-11-09,4.481888771057129
1999-11-10,4.440552711486816
1999-11-11,4.357882976531982
1999-11-12,4.357882976531982
1999-11-15,4.47007942199707
1999-11-16,4.186638832092285
1999-11-17,4.180734157562256
1999-11-18,4.440552711486816
1999-11-19,4.653133392333984
1999-11-22,4.588177680969238
1999-11-23,4.475984573364258
1999-11-24,4.399219512939453
1999-11-26,4.440552711486816
1999-11-29,4.381502628326416
1999-11-30,4.346073627471924
1999-12-01,4.440552711486816
1999-12-02,4.3076934814453125
1999-12-03,4.381502628326416
1999-12-06,4.446457862854004
1999-12-07,4.3874077796936035
1999-12-08,4.270785331726074
1999-12-09,4.322452545166016
1999-12-10,4.1453022956848145
1999-12-13,4.043440341949463
1999-12-14,3.7969090938568115
1999-12-15,3.95634388923645
1999-12-16,4.322741985321045
1999-12-17,4.961398124694824
1999-12-20,4.843127727508545
1999-12-21,4.647983074188232
1999-12-22,4.683463096618652
1999-12-23,4.908176422119141
1999-12-27,4.701206207275391
1999-12-28,4.730769157409668
1999-12-29,4.713032245635986
1999-12-30,4.653895854949951
1999-12-31,4.6893768310546875
2000-01-03,4.553365707397461
2000-01-04,4.305001258850098
2000-01-05,4.553365707397461
2000-01-06,4.529714584350586
2000-01-07,4.529714584350586
2000-01-10,4.60659122467041
2000-01-11,4.837214469909668
2000-01-12,4.671636581420898
2000-01-13,4.730769157409668
2000-01-14,4.854954242706299
2000-01-18,4.789906978607178
2000-01-19,4.996877193450928
2000-01-20,4.878607749938965
2000-01-21,4.795821189880371
2000-01-24,4.701206207275391
2000-01-25,4.624325275421143
2000-01-26,4.683463096618652
2000-01-27,4.470576763153076
2000-01-28,4.4350972175598145
2000-01-31,4.305001258850098
2000-02-01,4.4173583984375
2000-02-02,4.488319396972656
2000-02-03,4.529714584350586
2000-02-04,4.4173583984375
2000-02-07,4.281350135803223
2000-02-08,3.500770330429077
2000-02-09,3.193270444869995
2000-02-10,3.193270444869995
2000-02-11,3.2169241905212402
2000-02-14,3.057260751724243
2000-02-15,2.8798575401306152
2000-02-16,2.7911548614501953
2000-02-17,2.7438478469848633
2000-02-18,2.649230718612671
2000-02-22,2.5546162128448486
2000-02-23,2.655146598815918
2000-02-24,2.560530185699463
2000-02-25,2.5132219791412354
2000-02-28,2.637404680252075
2000-02-29,2.6906261444091797
2000-03-01,2.6610591411590576
2000-03-02,2.7852416038513184
2000-03-03,2.779327392578125
2000-03-06,2.6965391635894775
2000-03-07,2.637404680252075
2000-03-08,2.578270673751831
2000-03-09,2.5309627056121826
2000-03-10,2.5427892208099365
2000-03-13,2.72019362449646
2000-03-14,2.732020616531372
2000-03-15,3.1223082542419434
2000-03-16,3.388662576675415
2000-03-17,3.2227835655212402
2000-03-20,3.1279962062835693
2000-03-21,3.1398446559906006
2000-03-22,3.199087142944336
2000-03-23,3.2227835655212402
2000-03-24,3.2109341621398926
2000-03-27,3.406435012817383
2000-03-28,3.489373207092285
2000-03-29,3.6967241764068604
2000-03-30,3.6671013832092285
2000-03-31,3.7559642791748047
2000-04-03,3.7915120124816895
2000-04-04,3.69079852104187
2000-04-05,3.7144978046417236
2000-04-06,3.939617872238159
2000-04-07,4.069949150085449
2000-04-10,4.075873851776123
2000-04-11,4.277299404144287
2000-04-12,4.212130546569824
2000-04-13,4.164735794067383
2000-04-14,4.040327548980713
2000-04-17,3.9810872077941895
2000-04-18,4.016630172729492
2000-04-19,4.1765851974487305
2000-04-20,4.164735794067383
2000-04-24,4.09364652633667
2000-04-25,4.3246917724609375
2000-04-26,4.158813953399658
2000-04-27,4.105495452880859
2000-04-28,4.117342948913574
2000-05-01,4.413557529449463
2000-05-02,4.2891459465026855
2000-05-03,4.016630172729492
2000-05-04,4.0521769523620605
2000-05-05,4.0521769523620605
2000-05-08,4.081797122955322
2000-05-09,4.09364652633667
2000-05-10,4.004781723022461
2000-05-11,4.0462541580200195
2000-05-12,4.058103084564209
2000-05-15,4.182512283325195
2000-05-16,4.188436031341553
2000-05-17,3.915919303894043
2000-05-18,3.8626019954681396
2000-05-19,3.7915120124816895
2000-05-22,3.7559642791748047
2000-05-23,3.915919303894043
2000-05-24,4.123265266418457
2000-05-25,4.111417770385742
2000-05-26,4.129192352294922
2000-05-30,4.194360256195068
2000-05-31,4.06402587890625
2000-06-01,4.099572658538818
2000-06-02,4.194360256195068
2000-06-05,4.188436031341553
2000-06-06,3.9810872077941895
2000-06-07,4.164735794067383
2000-06-08,4.069949150085449
2000-06-09,3.939617872238159
2000-06-12,3.8300187587738037
2000-06-13,3.6967241764068604
2000-06-14,3.7558207511901855
2000-06-15,3.6371536254882812
2000-06-16,3.5362837314605713
2000-06-19,3.471018075942993
2000-06-20,3.3879506587982178
2000-06-21,3.3760831356048584
2000-06-22,3.3404834270477295
2000-06-23,3.5184848308563232
2000-06-26,3.702421188354492
2000-06-27,3.7914178371429443
2000-06-28,3.7113187313079834
2000-06-29,3.7498862743377686
2000-06-30,3.779552459716797
2000-07-03,3.8922882080078125
2000-07-05,3.8210859298706055
2000-07-06,3.8448190689086914
2000-07-07,3.9931533336639404
2000-07-10,3.957552909851074
2000-07-11,4.088086128234863
2000-07-12,4.0287556648254395
2000-07-13,4.171153545379639
2000-07-14,4.165222644805908
2000-07-17,4.292788505554199
2000-07-18,4.266089916229248
2000-07-19,4.1830220222473145
2000-07-20,4.236422061920166
2000-07-21,4.242356300354004
2000-07-24,4.361022472381592
2000-07-25,4.402554988861084
2000-07-26,4.4678239822387695
2000-07-27,4.366955280303955
2000-07-28,4.188955307006836
2000-07-31,4.153353214263916
2000-08-01,4.224555015563965
2000-08-02,4.331354141235352
2000-08-03,4.366955280303955
2000-08-04,4.366955280303955
2000-08-07,4.343221664428711
2000-08-08,4.556822299957275
2000-08-09,4.556822299957275
2000-08-10,4.432222843170166
2000-08-11,4.450023174285889
2000-08-14,4.515286922454834
2000-08-15,4.444088935852051
2000-08-16,4.485623836517334
2000-08-17,4.509356498718262
2000-08-18,4.527156352996826
2000-08-21,4.450023174285889
2000-08-22,3.99908709526062
2000-08-23,3.8210859298706055
2000-08-24,3.91601824760437
2000-08-25,4.034687519073486
2000-08-28,3.8685526847839355
2000-08-29,3.987220287322998
2000-08-30,3.9338204860687256
2000-08-31,3.7573039531707764
2000-09-01,3.8804209232330322
2000-09-05,3.957552909851074
2000-09-06,3.7973544597625732
2000-09-07,3.6668190956115723
2000-09-08,3.7142839431762695
2000-09-11,3.4769515991210938
2000-09-12,3.7751028537750244
2000-09-13,3.6668190956115723
2000-09-14,3.6606383323669434
2000-09-15,3.589326858520508
2000-09-18,3.601213216781616
2000-09-19,3.993422269821167
2000-09-20,3.601213216781616
2000-09-21,3.6725246906280518
2000-09-22,3.7616639137268066
2000-09-25,3.8210885524749756
2000-09-26,3.8092041015625
2000-09-27,3.7913753986358643
2000-09-28,3.8151438236236572
2000-09-29,3.8092041015625
2000-10-02,3.803260326385498
2000-10-03,3.9458844661712646
2000-10-04,3.868630886077881
2000-10-05,4.088503837585449
2000-10-06,3.7735490798950195
2000-10-09,3.7081804275512695
2000-10-10,3.7735490798950195
2000-10-11,3.7022368907928467
2000-10-12,3.6487510204315186
2000-10-13,3.6606383323669434
2000-10-16,3.7497782707214355
2000-10-17,3.61309814453125
2000-10-18,3.589326858520508
2000-10-19,3.6487510204315186
2000-10-20,3.5239598751068115
2000-10-23,3.458590269088745
2000-10-24,3.5239598751068115
2000-10-25,3.5536720752716064
2000-10-26,3.7260069847106934
2000-10-27,3.6428093910217285
2000-10-30,3.7022368907928467
2000-10-31,3.7973179817199707
2000-11-01,3.7913753986358643
2000-11-02,4.035022258758545
2000-11-03,3.9339964389801025
2000-11-06,4.0587944984436035
2000-11-07,4.088503837585449
2000-11-08,4.231128692626953
2000-11-09,4.147933483123779
2000-11-10,3.9518275260925293
2000-11-13,3.9339964389801025
2000-11-14,3.9696545600891113
2000-11-15,4.005306243896484
2000-11-16,3.928053617477417
2000-11-17,3.9637093544006348
2000-11-20,3.803260326385498
2000-11-21,3.803260326385498
2000-11-22,3.8270301818847656
2000-11-24,3.8508005142211914
2000-11-27,4.088503837585449
2000-11-28,4.177645206451416
2000-11-29,4.0706787109375
2000-11-30,4.052849292755127
2000-12-01,4.153875350952148
2000-12-04,4.278669834136963
2000-12-05,4.207356929779053
2000-12-06,4.118217468261719
2000-12-07,3.9577672481536865
2000-12-08,4.046908378601074
2000-12-11,4.183587074279785
2000-12-12,4.260840892791748
2000-12-13,4.284611701965332
2000-12-14,4.569995880126953
2000-12-15,4.534294605255127
2000-12-18,4.445035934448242
2000-12-19,4.528343200683594
2000-12-20,4.677107334136963
2000-12-21,4.689008712768555
2000-12-22,4.873475074768066
2000-12-26,5.147201061248779
2000-12-27,5.397121429443359
2000-12-28,5.403072357177734
2000-12-29,5.313814163208008
2001-01-02,5.1531476974487305
2001-01-03,5.325715065002441
2001-01-04,5.462575912475586
2001-01-05,5.224551677703857
2001-01-08,5.4863762855529785
2001-01-09,5.6589436531066895
2001-01-10,5.533980846405029
2001-01-11,5.498278617858887
2001-01-12,5.373316287994385
2001-01-16,5.301909923553467
2001-01-17,5.313814163208008
2001-01-18,5.33761739730835
2001-01-19,4.992485046386719
2001-01-22,5.040087699890137
2001-01-23,5.0579400062561035
2001-01-24,4.986534118652344
2001-01-25,5.159098148345947
2001-01-26,5.046038627624512
2001-01-29,4.9917707443237305
2001-01-30,5.046989440917969
2001-01-31,5.2374067306518555
2001-02-01,5.186946392059326
2001-02-02,5.199324607849121
2001-02-05,5.254546165466309
2001-02-06,5.383074760437012
2001-02-07,5.373556613922119
2001-02-08,5.24788236618042
2001-02-09,5.184092998504639
2001-02-12,5.17076301574707
2001-02-13,5.3402323722839355
2001-02-14,5.2488322257995605
2001-02-15,4.976538181304932
2001-02-16,4.9051313400268555
2001-02-20,4.524298191070557
2001-02-21,4.480501651763916
2001-02-22,4.5728535652160645
2001-02-23,4.665208339691162
2001-02-26,4.6756792068481445
2001-02-27,3.749302864074707
2001-02-28,3.715980052947998
2001-03-01,3.6302926540374756
2001-03-02,3.5779290199279785
2001-03-05,3.5826873779296875
2001-03-06,3.7274067401885986
2001-03-07,3.8330838680267334
2001-03-08,3.8387985229492188
2001-03-09,3.8149967193603516
2001-03-12,3.7235939502716064
2001-03-13,3.5731658935546875
2001-03-14,3.4770071506500244
2001-03-15,3.466517210006714
2001-03-16,3.463655471801758
2001-03-19,3.4512579441070557
2001-03-20,3.624821662902832
2001-03-21,3.826995372772217
2001-03-22,3.768822431564331
2001-03-23,3.843208074569702
2001-03-26,3.755472183227539
2001-03-27,3.7774055004119873
2001-03-28,3.76405668258667
2001-03-29,3.828902244567871
2001-03-30,3.847975492477417
2001-04-02,3.9214060306549072
2001-04-03,3.7440295219421387
2001-04-04,3.779313564300537
2001-04-05,3.755472183227539
2001-04-06,3.7421228885650635
2001-04-09,3.7669153213500977
2001-04-10,3.759286642074585
2001-04-11,3.6286375522613525
2001-04-12,3.572373151779175
2001-04-16,3.523735523223877
2001-04-17,3.5475754737854004
2001-04-18,3.6467549800872803
2001-04-19,3.776451349258423
2001-04-20,3.789803981781006
2001-04-23,3.7955260276794434
2001-04-24,3.6477112770080566
2001-04-25,3.7173268795013428
2001-04-26,3.7983875274658203
2001-04-27,3.9690890312194824
2001-04-30,3.987210988998413
2001-05-01,3.8699121475219727
2001-05-02,3.963367462158203
2001-05-03,3.904240608215332
2001-05-04,3.8737258911132812
2001-05-07,3.8641889095306396
2001-05-08,3.9061484336853027
2001-05-09,3.81650447845459
2001-05-10,3.755472183227539
2001-05-11,3.661062002182007
2001-05-14,3.705881357192993
2001-05-15,3.776451349258423
2001-05-16,4.006282329559326
2001-05-17,4.033937931060791
2001-05-18,4.0434746742248535
2001-05-21,4.165543556213379
2001-05-22,4.300006866455078
2001-05-23,4.167449951171875
2001-05-24,4.172216415405273
2001-05-25,4.146467208862305
2001-05-29,4.049196243286133
2001-05-30,3.909963846206665
2001-05-31,3.9194998741149902
2001-06-01,3.939525842666626
2001-06-04,3.9252219200134277
2001-06-05,3.9500160217285156
2001-06-06,3.9481096267700195
2001-06-07,4.037752151489258
2001-06-08,3.9690890312194824
2001-06-11,3.928081512451172
2001-06-12,3.992929458618164
2001-06-13,3.948998212814331
2001-06-14,3.958552122116089
2001-06-15,3.906982183456421
2001-06-18,3.897427558898926
2001-06-19,4.069333553314209
2001-06-20,4.011076927185059
2001-06-21,4.157193660736084
2001-06-22,4.254603385925293
2001-06-25,4.20208215713501
2001-06-26,4.082703113555908
2001-06-27,4.074106216430664
2001-06-28,4.009167194366455
2001-06-29,4.010119915008545
2001-07-02,4.025402545928955
2001-07-03,4.060737609863281
2001-07-05,4.019671440124512
2001-07-06,3.991975784301758
2001-07-09,3.963327407836914
2001-07-10,3.927988052368164
2001-07-11,4.04545783996582
2001-07-12,4.297579288482666
2001-07-13,4.309996128082275
2001-07-16,4.431285858154297
2001-07-17,4.483811378479004
2001-07-18,4.392128944396973
2001-07-19,4.559257507324219
2001-07-20,4.522964000701904
2001-07-23,4.414093971252441
2001-07-24,4.397860527038574
2001-07-25,4.467576026916504
2001-07-26,4.568807601928711
2001-07-27,4.469485759735107
2001-07-30,4.4026312828063965
2001-07-31,4.541110992431641
2001-08-01,4.565943241119385
2001-08-02,4.755032539367676
2001-08-03,4.789416790008545
2001-08-06,4.539201259613037
2001-08-07,4.562122821807861
2001-08-08,4.584086894989014
2001-08-09,4.646162033081055
2001-08-10,4.721607685089111
2001-08-13,4.744531154632568
2001-08-14,4.727336883544922
2001-08-15,4.655714988708496
2001-08-16,4.680543899536133
2001-08-17,4.653804302215576
2001-08-20,4.6041436195373535
2001-08-21,4.645209312438965
2001-08-22,4.670039176940918
2001-08-23,4.701554775238037
2001-08-24,4.897332668304443
2001-08-27,4.822842121124268
2001-08-28,4.822842121124268
2001-08-29,4.798966407775879
2001-08-30,4.728297233581543
2001-08-31,4.775092601776123
2001-09-04,4.846717357635498
2001-09-05,4.822842121124268
2001-09-06,4.7875075340271
2001-09-07,4.632793426513672
2001-09-10,4.646162033081055
2001-09-17,4.212050914764404
2001-09-18,4.115476131439209
2001-09-19,4.087744235992432
2001-09-20,4.040888786315918
2001-09-21,4.176671504974365
2001-09-24,4.437713623046875
2001-09-25,4.365039825439453
2001-09-26,4.345917224884033
2001-09-27,4.355478763580322
2001-09-28,4.475958824157715
2001-10-01,4.483612060546875
2001-10-02,4.595485210418701
2001-10-03,4.680587291717529
2001-10-04,4.553411960601807
2001-10-05,4.570624351501465
2001-10-08,4.532375812530518
2001-10-09,4.47117805480957
2001-10-10,4.613654136657715
2001-10-11,4.581141471862793
2001-10-12,4.597397327423096
2001-10-15,4.556281089782715
2001-10-16,4.544806003570557
2001-10-17,4.535243511199951
2001-10-18,4.553411960601807
2001-10-19,4.602179527282715
2001-10-22,4.715968132019043
2001-10-23,4.697798252105713
2001-10-24,4.664331436157227
2001-10-25,4.684413433074951
2001-10-26,4.746564865112305
2001-10-29,4.671026706695557
2001-10-30,4.595485210418701
2001-10-31,4.719789028167725
2001-11-01,4.683453559875488
2001-11-02,4.702579498291016
2001-11-05,4.731264114379883
2001-11-06,4.7781195640563965
2001-11-07,4.756126403808594
2001-11-08,4.765688419342041
2001-11-09,4.737957000732422
2001-11-12,4.720746994018555
2001-11-13,4.779074192047119
2001-11-14,4.930152893066406
2001-11-15,5.014298915863037
2001-11-16,5.063064098358154
2001-11-19,5.090795516967773
2001-11-20,5.119481563568115
2001-11-21,5.120439052581787
2001-11-23,5.106095790863037
2001-11-26,4.9999566078186035
2001-11-27,4.997089862823486
2001-11-28,4.949278354644775
2001-11-29,4.914853572845459
2001-11-30,5.066890239715576
2001-12-03,5.057327747344971
2001-12-04,5.064978122711182
2001-12-05,5.237093925476074
2001-12-06,5.387216567993164
2001-12-07,5.262909412384033
2001-12-10,5.203627586364746
2001-12-11,5.259084701538086
2001-12-12,5.211277484893799
2001-12-13,5.248610496520996
2001-12-14,5.154800891876221
2001-12-17,5.00738000869751
2001-12-18,5.052372455596924
2001-12-19,5.227551460266113
2001-12-20,5.149054050445557
2001-12-21,5.389321804046631
2001-12-24,5.461121082305908
2001-12-26,5.465907096862793
2001-12-27,5.432400703430176
2001-12-28,5.406556129455566
2001-12-31,5.383581161499023
2002-01-02,5.448673725128174
2002-01-03,5.408470153808594
2002-01-04,5.456332206726074
2002-01-07,5.474520683288574
2002-01-08,5.489834308624268
2002-01-09,5.412298202514648
2002-01-10,5.459203243255615
2002-01-11,5.306045055389404
2002-01-14,5.236165523529053
2002-01-15,5.485047340393066
2002-01-16,5.3797526359558105
2002-01-17,5.492706298828125
2002-01-18,5.508980751037598
2002-01-22,5.552059650421143
2002-01-23,5.567373275756836
2002-01-24,5.622892379760742
2002-01-25,5.610449314117432
2002-01-28,5.574075222015381
2002-01-29,5.532912254333496
2002-01-30,5.839231967926025
2002-01-31,5.734890937805176
2002-02-01,5.745421409606934
2002-02-04,5.6918158531188965
2002-02-05,5.742551803588867
2002-02-06,5.753080368041992
2002-02-07,5.748295307159424
2002-02-08,5.657355308532715
2002-02-11,5.78562593460083
2002-02-12,5.758824825286865
2002-02-13,5.781797885894775
2002-02-14,5.789456844329834
2002-02-15,5.6966023445129395
2002-02-19,5.584605693817139
2002-02-20,5.602794170379639
2002-02-21,5.5041961669921875
2002-02-22,5.686072826385498
2002-02-25,5.718618869781494
2002-02-26,5.688942909240723
2002-02-27,5.60183572769165
2002-02-28,5.634380340576172
2002-03-01,5.633424282073975
2002-03-04,5.670757293701172
2002-03-05,5.5539727210998535
2002-03-06,5.609488487243652
2002-03-07,5.628636837005615
2002-03-08,5.571202278137207
2002-03-11,5.598963260650635
2002-03-12,5.598963260650635
2002-03-13,5.810513973236084
2002-03-14,6.013652801513672
2002-03-15,6.012696743011475
2002-03-18,6.084560871124268
2002-03-19,6.074981689453125
2002-03-20,6.13151216506958
2002-03-21,6.055812835693359
2002-03-22,5.7012810707092285
2002-03-25,5.755895614624023
2002-03-26,5.797097682952881
2002-03-27,5.845010280609131
2002-03-28,5.750152111053467
2002-04-01,5.628458023071289
2002-04-02,5.524971008300781
2002-04-03,5.576714515686035
2002-04-04,5.5604248046875
2002-04-05,5.640913486480713
2002-04-08,5.610252857208252
2002-04-09,5.621748447418213
2002-04-10,5.606419086456299
2002-04-11,5.514430522918701
2002-04-12,5.544135093688965
2002-04-15,5.465563774108887
2002-04-16,5.628458023071289
2002-04-17,5.500058650970459
2002-04-18,5.308420658111572
2002-04-19,5.444483280181885
2002-04-22,5.46173095703125
2002-04-23,5.501974582672119
2002-04-24,5.365910053253174
2002-04-25,5.317043304443359
2002-04-26,5.246138095855713
2002-04-29,5.164689540863037
2002-04-30,5.110073089599609
2002-05-01,5.239429950714111
2002-05-02,5.29212760925293
2002-05-03,5.302671909332275
2002-05-06,5.1742730140686035
2002-05-07,5.283504962921143
2002-05-08,5.370701789855957
2002-05-09,5.260508060455322
2002-05-10,5.068872928619385
2002-05-13,5.145527362823486
2002-05-14,5.28542423248291
2002-05-15,5.218348979949951
2002-05-16,5.351538181304932
2002-05-17,5.350579261779785
2002-05-20,5.212600231170654
2002-05-21,5.151272296905518
2002-05-22,5.054497241973877
2002-05-23,5.246138095855713
2002-05-24,5.1742730140686035
2002-05-28,5.145527362823486
2002-05-29,5.133068084716797
2002-05-30,5.130197048187256
2002-05-31,5.150315761566162
2002-06-03,4.988381862640381
2002-06-04,4.828363418579102
2002-06-05,4.867647647857666
2002-06-06,4.824526786804199
2002-06-07,4.804407119750977
2002-06-10,4.817819595336914
2002-06-11,4.829320430755615
2002-06-12,4.8302764892578125
2002-06-13,4.796703338623047
2002-06-14,4.772719383239746
2002-06-17,5.023108959197998
2002-06-18,5.084504127502441
2002-06-19,5.084504127502441
2002-06-20,4.988571643829346
2002-06-21,4.868654251098633
2002-06-24,4.883044719696045
2002-06-25,4.758328437805176
2002-06-26,4.708446502685547
2002-06-27,4.932929515838623
2002-06-28,5.1468634605407715
2002-07-01,5.238000392913818
2002-07-02,5.247592449188232
2002-07-03,5.281167507171631
2002-07-05,5.399168968200684
2002-07-08,5.445216178894043
2002-07-09,5.372305870056152
2002-07-10,5.340648651123047
2002-07-11,5.050928115844727
2002-07-12,5.101772785186768
2002-07-15,5.026944160461426
2002-07-16,5.184275150299072
2002-07-17,5.132474422454834
2002-07-18,4.898392200469971
2002-07-19,4.698848724365234
2002-07-22,4.560704708099365
2002-07-23,4.4465436935424805
2002-07-24,4.643208980560303
2002-07-25,4.661436557769775
2002-07-26,4.672945022583008
2002-07-29,4.878246307373047
2002-07-30,4.8254828453063965
2002-07-31,4.728588581085205
2002-08-01,4.508900165557861
2002-08-02,4.36307954788208
2002-08-05,4.21246337890625
2002-08-06,4.278656482696533
2002-08-07,4.274821758270264
2002-08-08,4.316073417663574
2002-08-09,4.213424205780029
2002-08-12,4.1030988693237305
2002-08-13,4.12516450881958
2002-08-14,4.245081901550293
2002-08-15,4.345812797546387
2002-08-16,4.22589635848999
2002-08-19,4.180805206298828
2002-08-20,4.297847270965576
2002-08-21,4.364041805267334
2002-08-22,4.427355766296387
2002-08-23,4.393779754638672
2002-08-26,4.403371334075928
2002-08-27,4.346774578094482
2002-08-28,4.271943092346191
2002-08-29,4.123247146606445
2002-08-30,4.142431259155273
2002-09-03,4.046499252319336
2002-09-04,4.04553747177124
2002-09-05,4.016758918762207
2002-09-06,4.017717361450195
2002-09-09,3.9284989833831787
2002-09-10,4.0417022705078125
2002-09-11,4.12516450881958
2002-09-12,4.013724327087402
2002-09-13,4.008922576904297
2002-09-16,4.055034637451172
2002-09-17,4.006041049957275
2002-09-18,4.135733127593994
2002-09-19,4.227956295013428
2002-09-20,4.236602783203125
2002-09-23,4.063681125640869
2002-09-24,4.055034637451172
2002-09-25,4.262542247772217
2002-09-26,4.3816680908203125
2002-09-27,4.213547229766846
2002-09-30,4.148220539093018
2002-10-01,4.177041053771973
2002-10-02,4.140536785125732
2002-10-03,4.03870153427124
2002-10-04,4.029095649719238
2002-10-07,3.838880777359009
2002-10-08,3.843684196472168
2002-10-09,3.7773993015289307
2002-10-10,3.8263916969299316
2002-10-11,4.021411895751953
2002-10-14,4.090580463409424
2002-10-15,4.318260669708252
2002-10-16,4.138615608215332
2002-10-17,4.275029182434082
2002-10-18,4.174160003662109
2002-10-21,4.374939441680908
2002-10-22,4.351884841918945
2002-10-23,4.346121788024902
2002-10-24,4.380706310272217
2002-10-25,4.5142412185668945
2002-10-28,4.487339496612549
2002-10-29,4.445072174072266
2002-10-30,4.52480936050415
2002-10-31,4.533451080322266
2002-11-01,4.558431148529053
2002-11-04,4.54882287979126
2002-11-05,4.430661201477051
2002-11-06,4.344201564788818
2002-11-07,4.278873920440674
2002-11-08,4.227956295013428
2002-11-11,4.115556240081787
2002-11-12,4.212586879730225
2002-11-13,4.190491199493408
2002-11-14,4.345160961151123
2002-11-15,4.376862049102783
2002-11-18,4.35092306137085
2002-11-19,4.279832363128662
2002-11-20,4.392233848571777
2002-11-21,4.329788684844971
2002-11-22,4.20297908782959
2002-11-25,4.281754970550537
2002-11-26,4.221231937408447
2002-11-27,4.331711769104004
2002-11-29,4.3019304275512695
2002-12-02,4.471969127655029
2002-12-03,4.467166423797607
2002-12-04,4.42874002456665
2002-12-05,4.356688022613525
2002-12-06,4.334592819213867
2002-12-09,4.184725761413574
2002-12-10,4.158788204193115
2002-12-11,4.146298408508301
2002-12-12,4.21461820602417
2002-12-13,4.092414379119873
2002-12-16,4.255992412567139
2002-12-17,4.108770370483398
2002-12-18,4.034677982330322
2002-12-19,3.9961910247802734
2002-12-20,4.339709281921387
2002-12-23,4.26273250579834
2002-12-24,4.238675594329834
2002-12-26,4.247334957122803
2002-12-27,4.188636779785156
2002-12-30,4.28389835357666
2002-12-31,4.279088497161865
2003-01-02,4.435933589935303
2003-01-03,4.344522953033447
2003-01-06,4.405142307281494
2003-01-07,4.393596172332764
2003-01-08,4.428237438201904
2003-01-09,4.541779518127441
2003-01-10,4.5735344886779785
2003-01-13,4.532158851623535
2003-01-14,4.491744518280029
2003-01-15,4.421501159667969
2003-01-16,4.380123138427734
2003-01-17,4.334899425506592
2003-01-21,4.218466281890869
2003-01-22,4.178051471710205
2003-01-23,4.295444011688232
2003-01-24,4.176127910614014
2003-01-27,4.191524982452393
2003-01-28,4.292561054229736
2003-01-29,4.394559383392334
2003-01-30,4.32335090637207
2003-01-31,4.285824298858643
2003-02-03,4.2502217292785645
2003-02-04,4.203071594238281
2003-02-05,4.165544509887695
2003-02-06,4.154956817626953
2003-02-07,4.079903602600098
2003-02-10,4.170353412628174
2003-02-11,4.219429969787598
2003-02-12,4.202106952667236
2003-02-13,4.231936931610107
2003-02-14,4.343560218811035
2003-02-18,4.383974075317383
2003-02-19,4.375310897827148
2003-02-20,4.395519256591797
2003-02-21,4.460954189300537
2003-02-24,4.3560686111450195
2003-02-25,4.369539260864258
2003-02-26,4.3368239402771
2003-02-27,4.448442459106445
2003-02-28,4.461914539337158
2003-03-03,4.491744518280029
2003-03-04,4.393596172332764
2003-03-05,4.482120990753174
2003-03-06,4.48500919342041
2003-03-07,4.724605083465576
2003-03-10,4.548515319824219
2003-03-11,4.575459003448486
2003-03-12,4.633195400238037
2003-03-13,4.721850395202637
2003-03-14,4.794121265411377
2003-03-17,4.969504356384277
2003-03-18,4.720884799957275
2003-03-19,4.825922012329102
2003-03-20,5.092850685119629
2003-03-21,5.1362152099609375
2003-03-24,5.021543025970459
2003-03-25,5.096704483032227
2003-03-26,5.016725063323975
2003-03-27,5.031177520751953
2003-03-28,5.111159801483154
2003-03-31,4.955051422119141
2003-04-01,4.895303726196289
2003-04-02,5.039848327636719
2003-04-03,5.027322769165039
2003-04-04,4.962759971618652
2003-04-07,4.955051422119141
2003-04-08,4.998413562774658
2003-04-09,4.989741325378418
2003-04-10,5.07550573348999
2003-04-11,5.067796230316162
2003-04-14,5.131396293640137
2003-04-15,5.181507110595703
2003-04-16,5.044669151306152
2003-04-17,5.039848327636719
2003-04-21,4.9974493980407715
2003-04-22,5.121758937835693
2003-04-23,5.179577827453613
2003-04-24,5.113087177276611
2003-04-25,5.032142639160156
2003-04-28,5.200779438018799
2003-04-29,5.229687690734863
2003-04-30,5.158380031585693
2003-05-01,5.079357624053955
2003-05-02,5.168979644775391
2003-05-05,5.083214282989502
2003-05-06,5.225832939147949
2003-05-07,5.215233325958252
2003-05-08,5.142958641052246
2003-05-09,5.2084879875183105
2003-05-12,5.248963356018066
2003-05-13,5.27594518661499
2003-05-14,5.198853015899658
2003-05-15,5.192107200622559
2003-05-16,5.093815326690674
2003-05-19,5.036962509155273
2003-05-20,5.062979221343994
2003-05-21,4.996486186981201
2003-05-22,5.0340681076049805
2003-05-23,4.995522499084473
2003-05-27,5.194033622741699
2003-05-28,5.263415813446045
2003-05-29,5.274979591369629
2003-05-30,5.395437717437744
2003-06-02,5.393507480621338
2003-06-03,5.27594518661499
2003-06-04,5.384835720062256
2003-06-05,5.37134313583374
2003-06-06,5.3433966636657715
2003-06-09,5.3270134925842285
2003-06-10,5.3877272605896
2003-06-11,5.335624694824219
2003-06-12,5.325974941253662
2003-06-13,5.263261318206787
2003-06-16,5.306676864624023
2003-06-17,5.371323585510254
2003-06-18,5.415703773498535
2003-06-19,5.434039115905762
2003-06-20,5.405090808868408
2003-06-23,5.342378616333008
2003-06-24,5.463948726654053
2003-06-25,5.4899983406066895
2003-06-26,5.492894649505615
2003-06-27,5.121427536010742
2003-06-30,5.160985946655273
2003-07-01,5.198616981506348
2003-07-02,5.195720672607422
2003-07-03,5.162912845611572
2003-07-07,5.198616981506348
2003-07-08,5.182212829589844
2003-07-09,5.113706588745117
2003-07-10,5.177388668060303
2003-07-11,5.174493312835693
2003-07-14,5.18124532699585
2003-07-15,5.122391223907471
2003-07-16,5.119499206542969
2003-07-17,5.040380954742432
2003-07-18,5.017224311828613
2003-07-21,4.930387020111084
2003-07-22,4.9641571044921875
2003-07-23,5.014329433441162
2003-07-24,5.065465927124023
2003-07-25,5.082831382751465
2003-07-28,5.0152907371521
2003-07-29,4.996959686279297
2003-07-30,4.945823669433594
2003-07-31,4.992137908935547
2003-08-01,4.891793727874756
2003-08-04,4.884073734283447
2003-08-05,4.803990364074707
2003-08-06,4.795307159423828
2003-08-07,4.882144451141357
2003-08-08,5.095376014709473
2003-08-11,5.092483043670654
2003-08-12,5.184141159057617
2003-08-13,5.246859073638916
2003-08-14,5.287381649017334
2003-08-15,5.330799102783203
2003-08-18,5.31439733505249
2003-08-19,5.272907733917236
2003-08-20,5.242032051086426
2003-08-21,5.325008869171143
2003-08-22,5.27773380279541
2003-08-25,5.330799102783203
2003-08-26,5.347199440002441
2003-08-27,5.371323585510254
2003-08-28,5.414741516113281
2003-08-29,5.497718811035156
2003-09-02,5.545960903167725
2003-09-03,5.5228047370910645
2003-09-04,5.480351448059082
2003-09-05,5.431143283843994
2003-09-08,5.48517370223999
2003-09-09,5.430177211761475
2003-09-10,5.344308376312256
2003-09-11,5.389712333679199
2003-09-12,5.379086017608643
2003-09-15,5.443813323974609
2003-09-16,5.4641008377075195
2003-09-17,5.518199443817139
2003-09-18,5.530760765075684
2003-09-19,5.941339492797852
2003-09-22,5.9200849533081055
2003-09-23,5.904629230499268
2003-09-24,5.878543853759766
2003-09-25,5.8350725173950195
2003-09-26,5.878543853759766
2003-09-29,5.891104221343994
2003-09-30,5.875645160675049
2003-10-01,5.977083206176758
2003-10-02,6.027319431304932
2003-10-03,6.095909118652344
2003-10-06,6.067894458770752
2003-10-07,6.140347957611084
2003-10-08,6.1809258460998535
2003-10-09,6.175129413604736
2003-10-10,6.1113667488098145
2003-10-13,6.215703010559082
2003-10-14,6.2263312339782715
2003-10-15,6.235024929046631
2003-10-16,6.245650768280029
2003-10-17,6.170296669006348
2003-10-20,6.168365001678467
2003-10-21,6.1413164138793945
2003-10-22,6.0495405197143555
2003-10-23,6.066927909851074
2003-10-24,5.99254035949707
2003-10-27,6.013793468475342
2003-10-28,6.16353702545166
2003-10-29,6.112334728240967
2003-10-30,6.096876621246338
2003-10-31,6.173195838928223
2003-11-03,6.1741623878479
2003-11-04,6.139383316040039
2003-11-05,6.1113667488098145
2003-11-06,6.055334568023682
2003-11-07,6.086251735687256
2003-11-10,5.994472980499268
2003-11-11,5.981914043426514
2003-11-12,5.98577880859375
2003-11-13,5.974184989929199
2003-11-14,5.970320224761963
2003-11-17,5.970320224761963
2003-11-18,5.973220348358154
2003-11-19,5.911390781402588
2003-11-20,6.047608375549316
2003-11-21,6.116197109222412
2003-11-24,6.247583389282227
2003-11-25,6.489101886749268
2003-11-26,6.506489276885986
2003-11-28,6.496829986572266
2003-12-01,6.554795265197754
2003-12-02,6.491998195648193
2003-12-03,6.376071453094482
2003-12-04,6.304582595825195
2003-12-05,6.331632614135742
2003-12-08,6.33549690246582
2003-12-09,6.268837928771973
2003-12-10,6.188652515411377
2003-12-11,6.259289264678955
2003-12-12,6.233160495758057
2003-12-15,6.213809490203857
2003-12-16,6.299925327301025
2003-12-17,6.3870086669921875
2003-12-18,6.463446617126465
2003-12-19,6.476024627685547
2003-12-22,6.511826038360596
2003-12-23,6.545690059661865
2003-12-24,6.534082412719727
2003-12-26,6.565042018890381
2003-12-29,6.564075946807861
2003-12-30,6.585361480712891
2003-12-31,6.624067783355713
2004-01-02,6.541821479797363
2004-01-05,6.536016464233398
2004-01-06,6.530210971832275
2004-01-07,6.552463054656982
2004-01-08,6.618262767791748
2004-01-09,6.566978454589844
2004-01-12,6.661802291870117
2004-01-13,6.685992240905762
2004-01-14,6.693732261657715
2004-01-15,6.681153774261475
2004-01-16,6.711149215698242
2004-01-20,6.759528636932373
2004-01-21,6.818548679351807
2004-01-22,6.741140365600586
2004-01-23,6.732436180114746
2004-01-26,6.7633957862854
2004-01-27,6.735337734222412
2004-01-28,6.640514373779297
2004-01-29,6.6308369636535645
2004-01-30,6.740178108215332
2004-02-02,6.797260761260986
2004-02-03,6.777910232543945
2004-02-04,6.839837551116943
2004-02-05,6.843707084655762
2004-02-06,6.875635623931885
2004-02-09,6.934658527374268
2004-02-10,6.98981237411499
2004-02-11,7.082700252532959
2004-02-12,7.0014262199401855
2004-02-13,6.997551918029785
2004-02-17,7.063344955444336
2004-02-18,7.009163856506348
2004-02-19,7.0052947998046875
2004-02-20,6.933691501617432
2004-02-23,7.0246429443359375
2004-02-24,7.185263156890869
2004-02-25,7.195907115936279
2004-02-26,7.150433540344238
2004-02-27,7.0875349044799805
2004-03-01,7.114630222320557
2004-03-02,7.14655876159668
2004-03-03,7.143655776977539
2004-03-04,7.229773044586182
2004-03-05,7.240417003631592
2004-03-08,7.207518577575684
2004-03-09,7.417483329772949
2004-03-10,7.416517734527588
2004-03-11,7.235341548919678
2004-03-12,7.246966361999512
2004-03-15,7.2082133293151855
2004-03-16,7.276998996734619
2004-03-17,7.3777594566345215
2004-03-18,7.442672252655029
2004-03-19,7.447519302368164
2004-03-22,7.41942024230957
2004-03-23,7.3922929763793945
2004-03-24,7.421360492706299
2004-03-25,7.409729957580566
2004-03-26,7.387449264526367
2004-03-29,7.421360492706299
2004-03-30,7.442672252655029
2004-03-31,7.5444016456604
2004-04-01,7.401012897491455
2004-04-02,7.425236225128174
2004-04-05,7.564749717712402
2004-04-06,7.497897148132324
2004-04-07,7.435892581939697
2004-04-08,7.437829971313477
2004-04-12,7.483365535736084
2004-04-13,7.40004301071167
2004-04-14,7.344820022583008
2004-04-15,7.323508262634277
2004-04-16,7.354510307312012
2004-04-19,7.394230842590332
2004-04-20,7.339005470275879
2004-04-21,7.309940338134766
2004-04-22,7.3312530517578125
2004-04-23,7.282814979553223
2004-04-26,7.124892711639404
2004-04-27,7.213057041168213
2004-04-28,7.131674289703369
2004-04-29,6.989254474639893
2004-04-30,6.970846652984619
2004-05-03,6.886557102203369
2004-05-04,6.825517654418945
2004-05-05,6.854584693908691
2004-05-06,6.622063159942627
2004-05-07,6.449606418609619
2004-05-10,6.433136463165283
2004-05-11,6.54358434677124
2004-05-12,6.588151454925537
2004-05-13,6.6026835441589355
2004-05-14,6.558119773864746
2004-05-17,6.399225234985352
2004-05-18,6.4428229331970215
2004-05-19,6.44669771194458
2004-05-20,6.436044216156006
2004-05-21,6.5377702713012695
2004-05-24,6.680190563201904
2004-05-25,6.844892501831055
2004-05-26,6.8681464195251465
2004-05-27,6.87299108505249
2004-05-28,6.893336772918701
2004-06-01,6.881709575653076
2004-06-02,6.843928337097168
2004-06-03,6.80129861831665
2004-06-04,6.712164402008057
2004-06-07,6.811954975128174
2004-06-08,6.828425884246826
2004-06-09,6.830364227294922
2004-06-10,6.912831783294678
2004-06-14,6.910892486572266
2004-06-15,6.9545512199401855
2004-06-16,6.977834224700928
2004-06-17,6.966195583343506
2004-06-18,6.948730945587158
2004-06-21,6.907011985778809
2004-06-22,6.956492900848389
2004-06-23,7.01373815536499
2004-06-24,7.024405479431152
2004-06-25,7.3067426681518555
2004-06-28,7.363988399505615
2004-06-29,7.313531875610352
2004-06-30,7.349428653717041
2004-07-01,7.304798603057861
2004-07-02,7.3067426681518555
2004-07-06,7.273758411407471
2004-07-07,7.292191505432129
2004-07-08,7.166058540344238
2004-07-09,7.227184772491455
2004-07-12,7.190317630767822
2004-07-13,7.169942855834961
2004-07-14,7.058366298675537
2004-07-15,7.1029953956604
2004-07-16,7.131130695343018
2004-07-19,7.03314208984375
2004-07-20,7.04380989074707
2004-07-21,6.953581809997559
2004-07-22,6.931267261505127
2004-07-23,6.817753791809082
2004-07-26,6.787674903869629
2004-07-27,6.864319324493408
2004-07-28,6.869172096252441
2004-07-29,7.072921276092529
2004-07-30,7.054483890533447
2004-08-02,7.14471435546875
2004-08-03,7.0535149574279785
2004-08-04,7.092320919036865
2004-08-05,6.894399166107178
2004-08-06,6.724608421325684
2004-08-09,6.788643836975098
2004-08-10,6.874991416931152
2004-08-11,6.822597026824951
2004-08-12,6.74983549118042
2004-08-13,6.761477470397949
2004-08-16,6.966195583343506
2004-08-17,6.946789264678955
2004-08-18,7.080681324005127
2004-08-19,7.145683765411377
2004-08-20,7.204869270324707
2004-08-23,7.173821449279785
2004-08-24,7.225243091583252
2004-08-25,7.28151798248291
2004-08-26,7.369805812835693
2004-08-27,7.368837833404541
2004-08-30,7.250472545623779
2004-08-31,7.3067426681518555
2004-09-01,7.381450653076172
2004-09-02,7.439662456512451
2004-09-03,7.452277183532715
2004-09-07,7.490111827850342
2004-09-08,7.504664421081543
2004-09-09,7.279284954071045
2004-09-10,7.349231243133545
2004-09-13,7.337575912475586
2004-09-14,7.352147579193115
2004-09-15,7.412374019622803
2004-09-16,7.480379581451416
2004-09-17,7.4376349449157715
2004-09-20,7.57752799987793
2004-09-21,7.708678722381592
2004-09-22,7.670788764953613
2004-09-23,7.683419704437256
2004-09-24,7.742681503295898
2004-09-27,7.703817844390869
2004-09-28,7.742681503295898
2004-09-29,7.629019737243652
2004-09-30,7.655246257781982
2004-10-01,7.760162353515625
2004-10-04,7.750455856323242
2004-10-05,7.7417073249816895
2004-10-06,7.778618812561035
2004-10-07,7.7339324951171875
2004-10-08,7.683419704437256
2004-10-11,7.681469440460205
2004-10-12,7.580443859100342
2004-10-13,7.536721706390381
2004-10-14,7.516325950622559
2004-10-15,7.587242603302002
2004-10-18,7.762109756469727
2004-10-19,7.798051357269287
2004-10-20,7.737823486328125
2004-10-21,7.848570823669434
2004-10-22,7.685364246368408
2004-10-25,7.764050006866455
2004-10-26,7.847601890563965
2004-10-27,7.917545795440674
2004-10-28,7.879659175872803
2004-10-29,7.899092197418213
2004-11-01,7.9272661209106445
2004-11-02,7.989436149597168
2004-11-03,8.070072174072266
2004-11-04,8.293508529663086
2004-11-05,8.36637020111084
2004-11-08,8.220647811889648
2004-11-09,8.239106178283691
2004-11-10,8.189557075500488
2004-11-11,8.256591796875
2004-11-12,8.393570899963379
2004-11-15,8.396484375
2004-11-16,8.304191589355469
2004-11-17,8.353740692138672
2004-11-18,8.257566452026367
2004-11-19,8.014695167541504
2004-11-22,8.135157585144043
2004-11-23,8.242019653320312
2004-11-24,8.299333572387695
2004-11-26,8.266305923461914
2004-11-29,8.329451560974121
2004-11-30,8.224532127380371
2004-12-01,8.408141136169434
2004-12-02,8.422717094421387
2004-12-03,8.42465591430664
2004-12-06,8.4188232421875
2004-12-07,8.337224960327148
2004-12-08,8.422717094421387
2004-12-09,8.514653205871582
2004-12-10,8.464058876037598
2004-12-13,8.468927383422852
2004-12-14,8.418330192565918
2004-12-15,8.352178573608398
2004-12-16,8.357047080993652
2004-12-17,8.921311378479004
2004-12-20,8.901857376098633
2004-12-21,8.893105506896973
2004-12-22,8.861000061035156
2004-12-23,8.914505958557129
2004-12-27,8.838624000549316
2004-12-28,8.900884628295898
2004-12-29,8.811376571655273
2004-12-30,8.851269721984863
2004-12-31,8.823054313659668
2005-01-03,8.823054313659668
2005-01-04,8.697551727294922
2005-01-05,8.593454360961914
2005-01-06,8.582755088806152
2005-01-07,8.532164573669434
2005-01-10,8.616800308227539
2005-01-11,8.575940132141113
2005-01-12,8.618749618530273
2005-01-13,8.563294410705566
2005-01-14,8.653770446777344
2005-01-18,8.629450798034668
2005-01-19,8.614859580993652
2005-01-20,8.444604873657227
2005-01-21,8.395959854125977
2005-01-24,8.396936416625977
2005-01-25,8.356072425842285
2005-01-26,8.284080505371094
2005-01-27,8.410555839538574
2005-01-28,8.414444923400879
2005-01-31,8.428062438964844
2005-02-01,8.470870971679688
2005-02-02,8.43487548828125
2005-02-03,8.425148010253906
2005-02-04,8.467951774597168
2005-02-07,8.386231422424316
2005-02-08,8.167336463928223
2005-02-09,8.100205421447754
2005-02-10,8.168304443359375
2005-02-11,8.235429763793945
2005-02-14,8.289913177490234
2005-02-15,8.297699928283691
2005-02-16,8.31131649017334
2005-02-17,8.288942337036133
2005-02-18,8.319103240966797
2005-02-22,8.162468910217285
2005-02-23,8.259757041931152
2005-02-24,8.415417671203613
2005-02-25,8.488384246826172
2005-02-28,8.459197998046875
2005-03-01,8.541891098022461
2005-03-02,8.494216918945312
2005-03-03,8.488384246826172
2005-03-04,8.522432327270508
2005-03-07,8.48157024383545
2005-03-08,8.415417671203613
2005-03-09,8.393040657043457
2005-03-10,8.446138381958008
2005-03-11,8.437373161315918
2005-03-14,8.355527877807617
2005-03-15,8.490955352783203
2005-03-16,8.421784400939941
2005-03-17,8.459783554077148
2005-03-18,8.320454597473145
2005-03-21,8.174311637878418
2005-03-22,8.041808128356934
2005-03-23,7.934634685516357
2005-03-24,8.147032737731934
2005-03-28,8.10805892944336
2005-03-29,7.957045555114746
2005-03-30,8.023296356201172
2005-03-31,8.116826057434082
2005-04-01,8.086627960205078
2005-04-04,7.9989399909973145
2005-04-05,8.095393180847168
2005-04-06,8.056425094604492
2005-04-07,8.0437593460083
2005-04-08,8.01939868927002
2005-04-11,8.012577056884766
2005-04-12,8.024269104003906
2005-04-13,7.769982814788818
2005-04-14,7.6004557609558105
2005-04-15,7.390981674194336
2005-04-18,7.397801399230957
2005-04-19,7.5439453125
2005-04-20,7.447488784790039
2005-04-21,7.654038906097412
2005-04-22,7.581942081451416
2005-04-25,7.631629467010498
2005-04-26,7.5614824295043945
2005-04-27,7.606301307678223
2005-04-28,7.495231628417969
2005-04-29,7.483540058135986
2005-05-02,7.513739585876465
2005-05-03,7.5751237869262695
2005-05-04,7.565380096435547
2005-05-05,7.574149131774902
2005-05-06,7.578048229217529
2005-05-09,7.670602321624756
2005-05-10,7.560507297515869
2005-05-11,7.583891868591309
2005-05-12,7.486465930938721
2005-05-13,7.448464870452881
2005-05-16,7.503024101257324
2005-05-17,7.674501419067383
2005-05-18,7.981400012969971
2005-05-19,8.105138778686523
2005-05-20,7.997965335845947
2005-05-23,8.035961151123047
2005-05-24,8.059347152709961
2005-05-25,7.951197624206543
2005-05-26,7.983353137969971
2005-05-27,8.031089782714844
2005-05-31,8.008683204650879
2005-06-01,8.100263595581055
2005-06-02,8.16651725769043
2005-06-03,8.159697532653809
2005-06-06,8.216204643249512
2005-06-07,8.261998176574707
2005-06-08,8.273690223693848
2005-06-09,8.357114791870117
2005-06-10,8.38736343383789
2005-06-13,8.502501487731934
2005-06-14,8.444930076599121
2005-06-15,8.551281929016113
2005-06-16,8.601049423217773
2005-06-17,8.623491287231445
2005-06-20,8.623491287231445
2005-06-21,8.66934585571289
2005-06-22,8.722038269042969
2005-06-23,8.791311264038086
2005-06-24,8.718135833740234
2005-06-27,8.368825912475586
2005-06-28,8.586413383483887
2005-06-29,8.520061492919922
2005-06-30,8.449810028076172
2005-07-01,8.392240524291992
2005-07-05,8.460543632507324
2005-07-06,8.350284576416016
2005-07-07,8.322964668273926
2005-07-08,8.414684295654297
2005-07-11,8.4976224899292
2005-07-12,8.491767883300781
2005-07-13,8.496641159057617
2005-07-14,8.546407699584961
2005-07-15,8.635199546813965
2005-07-18,8.577631950378418
2005-07-19,8.574703216552734
2005-07-20,8.629342079162598
2005-07-21,8.46639633178711
2005-07-22,8.452735900878906
2005-07-25,8.316132545471191
2005-07-26,8.235149383544922
2005-07-27,8.19611930847168
2005-07-28,8.244905471801758
2005-07-29,8.176607131958008
2005-08-01,8.084888458251953
2005-08-02,8.37468147277832
2005-08-03,8.48103141784668
2005-08-04,8.31320571899414
2005-08-05,8.296621322631836
2005-08-08,8.226365089416504
2005-08-09,8.166849136352539
2005-08-10,8.069276809692383
2005-08-11,7.997069835662842
2005-08-12,7.959993839263916
2005-08-15,8.017561912536621
2005-08-16,7.883886337280273
2005-08-17,7.801924228668213
2005-08-18,7.878030300140381
2005-08-19,7.8389997482299805
2005-08-22,7.7345991134643555
2005-08-23,7.714108467102051
2005-08-24,7.776557922363281
2005-08-25,7.793147087097168
2005-08-26,7.77850866317749
2005-08-29,7.751188278198242
2005-08-30,7.639957904815674
2005-08-31,7.699471950531006
2005-09-01,7.635076999664307
2005-09-02,7.515057563781738
2005-09-06,7.603856563568115
2005-09-07,7.5199384689331055
2005-09-08,7.672891139984131
2005-09-09,7.6738667488098145
2005-09-12,7.818510055541992
2005-09-13,7.748143196105957
2005-09-14,7.670936584472656
2005-09-15,7.714914798736572
2005-09-16,7.668002605438232
2005-09-19,8.155680656433105
2005-09-20,7.818510055541992
2005-09-21,7.759871006011963
2005-09-22,7.911357402801514
2005-09-23,7.942625999450684
2005-09-26,7.9504475593566895
2005-09-27,7.97488260269165
2005-09-28,7.945563316345215
2005-09-29,7.92600679397583
2005-09-30,7.9826979637146
2005-10-03,8.043290138244629
2005-10-04,8.077496528625488
2005-10-05,7.964130401611328
2005-10-06,8.023740768432617
2005-10-07,8.089224815368652
2005-10-10,8.070656776428223
2005-10-11,8.109755516052246
2005-10-12,8.00615119934082
2005-10-13,7.892787456512451
2005-10-14,7.984652042388916
2005-10-17,8.030587196350098
2005-10-18,7.960221767425537
2005-10-19,8.057953834533691
2005-10-20,8.131246566772461
2005-10-21,8.158611297607422
2005-10-24,8.219207763671875
2005-10-25,8.162528038024902
2005-10-26,8.19282341003418
2005-10-27,8.053065299987793
2005-10-28,8.092156410217285
2005-10-31,8.214320182800293
2005-11-01,8.21041202545166
2005-11-02,8.360920906066895
2005-11-03,8.512401580810547
2005-11-04,8.58081340789795
2005-11-07,8.600362777709961
2005-11-08,8.485037803649902
2005-11-09,8.464515686035156
2005-11-10,8.533902168273926
2005-11-11,8.494810104370117
2005-11-14,8.45473861694336
2005-11-15,8.364828109741211
2005-11-16,8.401968002319336
2005-11-17,8.490900993347168
2005-11-18,8.571041107177734
2005-11-21,8.447897911071777
2005-11-22,8.502625465393066
2005-11-23,8.569085121154785
2005-11-25,8.620881080627441
2005-11-28,8.44887638092041
2005-11-29,8.395126342773438
2005-11-30,8.336487770080566
2005-12-01,8.362873077392578
2005-12-02,8.561266899108887
2005-12-05,8.534881591796875
2005-12-06,8.515334129333496
2005-12-07,8.473311424255371
2005-12-08,8.410161018371582
2005-12-09,8.410161018371582
2005-12-12,8.557998657226562
2005-12-13,8.607931137084961
2005-12-14,8.95256233215332
2005-12-15,8.787099838256836
2005-12-16,8.664718627929688
2005-12-19,8.543314933776855
2005-12-20,8.662757873535156
2005-12-21,8.395478248596191
2005-12-22,8.443450927734375
2005-12-23,8.517862319946289
2005-12-27,8.526670455932617
2005-12-28,8.57659912109375
2005-12-29,8.557018280029297
2005-12-30,8.497299194335938
2006-01-03,8.415055274963379
2006-01-04,8.375893592834473
2006-01-05,8.42680549621582
2006-01-06,8.400367736816406
2006-01-09,8.517862319946289
2006-01-10,8.535480499267578
2006-01-11,8.547226905822754
2006-01-12,8.450302124023438
2006-01-13,8.439530372619629
2006-01-17,8.34162712097168
2006-01-18,8.286799430847168
2006-01-19,8.292670249938965
2006-01-20,8.24372386932373
2006-01-23,8.170287132263184
2006-01-24,8.226095199584961
2006-01-25,8.249593734741211
2006-01-26,8.22217845916748
2006-01-27,8.140915870666504
2006-01-30,8.008744239807129
2006-01-31,7.9255242347717285
2006-02-01,8.138959884643555
2006-02-02,8.160499572753906
2006-02-03,8.193785667419434
2006-02-06,8.238823890686035
2006-02-07,8.171268463134766
2006-02-08,8.262321472167969
2006-02-09,8.21336841583252
2006-02-10,8.270153045654297
2006-02-13,8.251551628112793
2006-02-14,8.224135398864746
2006-02-15,8.250569343566895
2006-02-16,8.29854679107666
2006-02-17,8.31225299835205
2006-02-21,8.329878807067871
2006-02-22,8.414078712463379
2006-02-23,8.475760459899902
2006-02-24,8.53743839263916
2006-02-27,8.547226905822754
2006-02-28,8.496318817138672
2006-03-01,8.450302124023438
2006-03-02,8.424847602844238
2006-03-03,8.449321746826172
2006-03-06,8.510025024414062
2006-03-07,8.31225299835205
2006-03-08,8.32204532623291
2006-03-09,8.371577262878418
2006-03-10,8.336267471313477
2006-03-13,8.283300399780273
2006-03-14,8.299976348876953
2006-03-15,8.33920955657959
2006-03-16,8.437294006347656
2006-03-17,8.378443717956543
2006-03-20,8.387275695800781
2006-03-21,8.332342147827148
2006-03-22,8.515763282775879
2006-03-23,8.436314582824707
2006-03-24,8.431411743164062
2006-03-27,8.381390571594238
2006-03-28,8.35686206817627
2006-03-29,8.39021110534668
2006-03-30,8.337247848510742
2006-03-31,8.34705638885498
2006-04-03,8.328421592712402
2006-04-04,8.341171264648438
2006-04-05,8.295069694519043
2006-04-06,8.323515892028809
2006-04-07,8.20287036895752
2006-04-10,8.149900436401367
2006-04-11,8.09105110168457
2006-04-12,8.096939086914062
2006-04-13,8.170498847961426
2006-04-17,8.024357795715332
2006-04-18,8.018471717834473
2006-04-19,8.054766654968262
2006-04-20,8.124401092529297
2006-04-21,8.143037796020508
2006-04-24,8.111649513244629
2006-04-25,8.044954299926758
2006-04-26,7.970407009124756
2006-04-27,8.02729320526123
2006-04-28,8.02729320526123
2006-05-01,8.013566017150879
2006-05-02,8.000813484191895
2006-05-03,7.9576568603515625
2006-05-04,7.940984725952148
2006-05-05,7.998856544494629
2006-05-08,8.067511558532715
2006-05-09,8.06260871887207
2006-05-10,8.075359344482422
2006-05-11,7.975311279296875
2006-05-12,7.993948936462402
2006-05-15,8.007682800292969
2006-05-16,7.912540435791016
2006-05-17,7.8762431144714355
2006-05-18,7.822301864624023
2006-05-19,7.71931266784668
2006-05-22,7.648690223693848
2006-05-23,7.747756004333496
2006-05-24,7.774238586425781
2006-05-25,7.812493801116943
2006-05-26,7.945886611938477
2006-05-30,7.8468194007873535
2006-05-31,7.877225875854492
2006-06-01,7.986102104187012
2006-06-02,8.0223970413208
2006-06-05,7.871344089508057
2006-06-06,7.866437911987305
2006-06-07,7.91940450668335
2006-06-08,7.925789833068848
2006-06-09,7.972960948944092
2006-06-12,7.972960948944092
2006-06-13,7.996551990509033
2006-06-14,8.066325187683105
2006-06-15,8.210783958435059
2006-06-16,8.171476364135742
2006-06-19,8.163619041442871
2006-06-20,8.076151847839355
2006-06-21,8.13216495513916
2006-06-22,8.242236137390137
2006-06-23,8.290386199951172
2006-06-26,8.27957820892334
2006-06-27,8.218647003173828
2006-06-28,7.834399700164795
2006-06-29,7.958221912384033
2006-06-30,7.96019172668457
2006-07-03,7.992615699768066
2006-07-05,7.866826057434082
2006-07-06,7.84127950668335
2006-07-07,7.7715020179748535
2006-07-10,7.76167631149292
2006-07-11,7.7233476638793945
2006-07-12,7.725311279296875
2006-07-13,7.740056991577148
2006-07-14,7.7223639488220215
2006-07-17,7.752829074859619
2006-07-18,7.714502334594727
2006-07-19,7.743987083435059
2006-07-20,7.822602272033691
2006-07-21,7.8678107261657715
2006-07-24,7.924809455871582
2006-07-25,7.897289752960205
2006-07-26,7.861914157867432
2006-07-27,7.759710311889648
2006-07-28,7.852085113525391
2006-07-31,7.763636589050293
2006-08-01,7.733175754547119
2006-08-02,7.6781392097473145
2006-08-03,7.680107116699219
2006-08-04,7.731208801269531
2006-08-07,7.657504558563232
2006-08-08,7.577901840209961
2006-08-09,7.555299758911133
2006-08-10,7.488473415374756
2006-08-11,7.5189385414123535
2006-08-14,7.584780693054199
2006-08-15,7.632933139801025
2006-08-16,7.640800476074219
2006-08-17,7.5631608963012695
2006-08-18,7.5385918617248535
2006-08-21,7.544485569000244
2006-08-22,7.552353858947754
2006-08-23,7.552353858947754
2006-08-24,7.55136775970459
2006-08-25,7.544485569000244
2006-08-28,7.650625705718994
2006-08-29,7.8589606285095215
2006-08-30,7.838331699371338
2006-08-31,7.936605930328369
2006-09-01,7.973946571350098
2006-09-05,8.000482559204102
2006-09-06,7.9572367668151855
2006-09-07,7.935085773468018
2006-09-08,8.078840255737305
2006-09-11,8.115270614624023
2006-09-12,8.216689109802246
2006-09-13,8.182226181030273
2006-09-14,8.149733543395996
2006-09-15,8.169427871704102
2006-09-18,8.105425834655762
2006-09-19,8.076869010925293
2006-09-20,8.13299560546875
2006-09-21,8.119214057922363
2006-09-22,8.503212928771973
2006-09-25,8.517982482910156
2006-09-26,8.703093528747559
2006-09-27,8.675525665283203
2006-09-28,8.694232940673828
2006-09-29,8.627278327941895
2006-10-02,8.61348819732666
2006-10-03,8.650906562805176
2006-10-04,8.792689323425293
2006-10-05,8.76413631439209
2006-10-06,8.679463386535645
2006-10-09,8.709985733032227
2006-10-10,8.721799850463867
2006-10-11,8.708016395568848
2006-10-12,8.842910766601562
2006-10-13,8.82223129272461
2006-10-16,8.91380500793457
2006-10-17,8.837003707885742
2006-10-18,8.76413631439209
2006-10-19,8.802538871765137
2006-10-20,8.723772048950195
2006-10-23,8.895092010498047
2006-10-24,8.97287654876709
2006-10-25,9.191468238830566
2006-10-26,9.222980499267578
2006-10-27,9.044756889343262
2006-10-30,9.059526443481445
2006-10-31,9.046725273132324
2006-11-01,8.998477935791016
2006-11-02,9.137312889099121
2006-11-03,9.114665985107422
2006-11-06,9.140268325805664
2006-11-07,9.104818344116211
2006-11-08,9.155031204223633
2006-11-09,9.133368492126465
2006-11-10,9.262358665466309
2006-11-13,9.267285346984863
2006-11-14,9.324389457702637
2006-11-15,9.402176856994629
2006-11-16,9.376578330993652
2006-11-17,9.411039352416992
2006-11-20,9.485869407653809
2006-11-21,9.509498596191406
2006-11-22,9.55380630493164
2006-11-24,9.524270057678223
2006-11-27,9.440577507019043
2006-11-28,9.452393531799316
2006-11-29,9.538055419921875
2006-11-30,9.7428560256958
2006-12-01,9.609930038452148
2006-12-04,9.66309928894043
2006-12-05,9.699532508850098
2006-12-06,9.669011116027832
2006-12-07,9.661609649658203
2006-12-08,9.572827339172363
2006-12-11,9.61327075958252
2006-12-12,9.526458740234375
2006-12-13,9.455432891845703
2006-12-14,9.568880081176758
2006-12-15,9.475168228149414
2006-12-18,9.487988471984863
2006-12-19,9.488972663879395
2006-12-20,9.843123435974121
2006-12-21,9.893431663513184
2006-12-22,9.858904838562012
2006-12-26,9.874692916870117
2006-12-27,9.81747817993164
2006-12-28,9.785910606384277
2006-12-29,9.769134521484375
2007-01-03,9.634976387023926
2007-01-04,9.733623504638672
2007-01-05,9.749411582946777
2007-01-08,9.719810485839844
2007-01-09,9.841146469116211
2007-01-10,9.841146469116211
2007-01-11,9.862852096557617
2007-01-12,9.841146469116211
2007-01-16,9.861869812011719
2007-01-17,9.847071647644043
2007-01-18,9.832269668579102
2007-01-19,9.858904838562012
2007-01-22,9.63793659210205
2007-01-23,9.545202255249023
2007-01-24,9.55309772491455
2007-01-25,9.454447746276855
2007-01-26,9.391315460205078
2007-01-29,9.501800537109375
2007-01-30,9.642863273620605
2007-01-31,9.747434616088867
2007-02-01,9.931904792785645
2007-02-02,9.884557723999023
2007-02-05,9.807607650756836
2007-02-06,9.980246543884277
2007-02-07,10.150904655456543
2007-02-08,10.199243545532227
2007-02-09,10.219958305358887
2007-02-12,10.295919418334961
2007-02-13,10.377798080444336
2007-02-14,10.395552635192871
2007-02-15,10.408376693725586
2007-02-16,10.486310958862305
2007-02-20,10.53661823272705
2007-02-21,10.56621265411377
2007-02-22,10.676700592041016
2007-02-23,10.657958030700684
2007-02-26,10.63724136352539
2007-02-27,10.256458282470703
2007-02-28,10.30578327178955
2007-03-01,10.386676788330078
2007-03-02,10.245606422424316
2007-03-05,10.107502937316895
2007-03-06,10.367932319641113
2007-03-07,10.317620277404785
2007-03-08,10.336895942687988
2007-03-09,10.460415840148926
2007-03-12,10.43571662902832
2007-03-13,10.336895942687988
2007-03-14,10.358631134033203
2007-03-15,10.441646575927734
2007-03-16,10.620511054992676
2007-03-19,10.704511642456055
2007-03-20,10.796422004699707
2007-03-21,10.756890296936035
2007-03-22,10.732185363769531
2007-03-23,10.776656150817871
2007-03-26,10.750959396362305
2007-03-27,10.531575202941895
2007-03-28,10.38927173614502
2007-03-29,10.373459815979004
2007-03-30,10.500941276550293
2007-04-02,10.517739295959473
2007-04-03,10.514774322509766
2007-04-04,10.591856956481934
2007-04-05,10.570115089416504
2007-04-09,10.653127670288086
2007-04-10,10.674863815307617
2007-04-11,10.67091178894043
2007-04-12,10.71834659576416
2007-04-13,10.603715896606445
2007-04-16,10.746020317077637
2007-04-17,10.702536582946777
2007-04-18,10.65114688873291
2007-04-19,10.570115089416504
2007-04-20,10.579991340637207
2007-04-23,10.58592700958252
2007-04-24,10.576043128967285
2007-04-25,10.597787857055664
2007-04-26,10.641268730163574
2007-04-27,10.696608543395996
2007-04-30,10.645218849182129
2007-05-01,10.473265647888184
2007-05-02,10.570115089416504
2007-05-03,10.530587196350098
2007-05-04,10.532564163208008
2007-05-07,10.647196769714355
2007-05-08,10.623480796813965
2007-05-09,10.657076835632324
2007-05-10,10.536516189575195
2007-05-11,10.481170654296875
2007-05-14,10.44955062866211
2007-05-15,10.392231941223145
2007-05-16,10.473265647888184
2007-05-17,10.465361595153809
2007-05-18,10.524654388427734
2007-05-21,10.807291984558105
2007-05-22,10.896231651306152
2007-05-23,10.834959983825684
2007-05-24,10.76578426361084
2007-05-25,10.728231430053711
2007-05-29,10.815194129943848
2007-05-30,11.014817237854004
2007-05-31,11.216418266296387
2007-06-01,11.204559326171875
2007-06-04,11.311285972595215
2007-06-05,11.244083404541016
2007-06-06,11.010865211486816
2007-06-07,10.728282928466797
2007-06-08,10.502214431762695
2007-06-11,10.589466094970703
2007-06-12,10.54782485961914
2007-06-13,10.605332374572754
2007-06-14,10.644994735717773
2007-06-15,10.59343147277832
2007-06-18,10.635078430175781
2007-06-19,10.807601928710938
2007-06-20,10.635078430175781
2007-06-21,10.625164985656738
2007-06-22,10.50023078918457
2007-06-25,10.670772552490234
2007-06-26,10.672755241394043
2007-06-27,11.559181213378906
2007-06-28,11.559181213378906
2007-06-29,11.559181213378906
2007-07-02,11.580989837646484
2007-07-03,11.69601058959961
2007-07-05,11.769379615783691
2007-07-06,11.832839012145996
2007-07-09,11.715836524963379
2007-07-10,11.590906143188477
2007-07-11,11.590906143188477
2007-07-12,11.791193962097168
2007-07-13,11.701957702636719
2007-07-16,11.656347274780273
2007-07-17,11.78921127319336
2007-07-18,11.834820747375488
2007-07-19,11.864566802978516
2007-07-20,11.604788780212402
2007-07-23,11.779292106628418
2007-07-24,11.571077346801758
2007-07-25,11.467957496643066
2007-07-26,11.283534049987793
2007-07-27,10.994010925292969
2007-07-30,11.271636962890625
2007-07-31,11.194296836853027
2007-08-01,11.283534049987793
2007-08-02,11.29344654083252
2007-08-03,11.204212188720703
2007-08-06,11.396568298339844
2007-08-07,11.513567924499512
2007-08-08,11.226029396057129
2007-08-09,10.688618659973145
2007-08-10,11.061432838439941
2007-08-13,11.134805679321289
2007-08-14,10.839329719543457
2007-08-15,10.623175621032715
2007-08-16,10.54782485961914
2007-08-17,10.801652908325195
2007-08-20,10.783803939819336
2007-08-21,10.732246398925781
2007-08-22,10.746126174926758
2007-08-23,10.714402198791504
2007-08-24,10.732246398925781
2007-08-27,10.684650421142578
2007-08-28,10.61524772644043
2007-08-29,10.997976303100586
2007-08-30,11.057466506958008
2007-08-31,11.172483444213867
2007-09-04,11.188350677490234
2007-09-05,10.999958992004395
2007-09-06,11.102425575256348
2007-09-07,10.883562088012695
2007-09-10,10.973097801208496
2007-09-11,11.048707962036133
2007-09-12,11.15814208984375
2007-09-13,11.317314147949219
2007-09-14,11.38695240020752
2007-09-17,11.203897476196289
2007-09-18,11.697341918945312
2007-09-19,11.651577949523926
2007-09-20,11.603822708129883
2007-09-21,11.392919540405273
2007-09-24,11.50235366821289
2007-09-25,11.629692077636719
2007-09-26,11.617754936218262
2007-09-27,11.573981285095215
2007-09-28,11.671476364135742
2007-10-01,11.816722869873047
2007-10-02,11.77096176147461
2007-10-03,11.782896041870117
2007-10-04,11.810752868652344
2007-10-05,12.007731437683105
2007-10-08,11.940080642700195
2007-10-09,12.290266990661621
2007-10-10,12.308176040649414
2007-10-11,12.13905143737793
2007-10-12,12.564844131469727
2007-10-15,12.718047142028809
2007-10-16,12.716063499450684
2007-10-17,12.566829681396484
2007-10-18,12.586730003356934
2007-10-19,12.600655555725098
2007-10-22,12.568822860717773
2007-10-23,12.75783920288086
2007-10-24,12.626522064208984
2007-10-25,12.702129364013672
2007-10-26,12.855337142944336
2007-10-29,12.976707458496094
2007-10-30,12.919008255004883
2007-10-31,13.183634757995605
2007-11-01,12.698151588439941
2007-11-02,12.70810317993164
2007-11-05,12.610605239868164
2007-11-06,12.731978416442871
2007-11-07,12.491226196289062
2007-11-08,12.59469223022461
2007-11-09,12.377812385559082
2007-11-12,12.455411911010742
2007-11-13,12.731978416442871
2007-11-14,12.57876968383789
2007-11-15,12.544949531555176
2007-11-16,12.46336841583252
2007-11-19,12.336033821105957
2007-11-20,12.391741752624512
2007-11-21,12.51111888885498
2007-11-23,12.684224128723145
2007-11-26,12.371841430664062
2007-11-27,12.614587783813477
2007-11-28,12.974719047546387
2007-11-29,12.875235557556152
2007-11-30,13.062264442443848
2007-12-03,13.330870628356934
2007-12-04,13.092109680175781
2007-12-05,13.119962692260742
2007-12-06,13.060066223144531
2007-12-07,13.058066368103027
2007-12-10,13.149913787841797
2007-12-11,12.81847095489502
2007-12-12,12.868385314941406
2007-12-13,12.970215797424316
2007-12-14,12.84243106842041
2007-12-17,12.588858604431152
2007-12-18,12.728622436523438
2007-12-19,12.738602638244629
2007-12-20,13.17986011505127
2007-12-21,13.231776237487793
2007-12-24,13.353574752807617
2007-12-26,13.193841934204102
2007-12-27,12.978201866149902
2007-12-28,12.840434074401855
2007-12-31,12.826455116271973
2008-01-02,12.63477611541748
2008-01-03,12.520975112915039
2008-01-04,12.327296257019043
2008-01-07,12.40117359161377
2008-01-08,12.345263481140137
2008-01-09,12.37321949005127
2008-01-10,12.487028121948242
2008-01-11,12.119644165039062
2008-01-14,12.125635147094727
2008-01-15,11.392863273620605
2008-01-16,11.514657974243164
2008-01-17,11.177227020263672
2008-01-18,11.281049728393555
2008-01-22,11.438789367675781
2008-01-23,11.484712600708008
2008-01-24,11.462749481201172
2008-01-25,11.181218147277832
2008-01-28,11.438789367675781
2008-01-29,11.450766563415527
2008-01-30,11.86008358001709
2008-01-31,12.245434761047363
2008-02-01,12.481036186218262
2008-02-04,12.127633094787598
2008-02-05,11.939946174621582
2008-02-06,11.985869407653809
2008-02-07,12.131624221801758
2008-02-08,12.107664108276367
2008-02-11,12.111655235290527
2008-02-12,12.25342082977295
2008-02-13,12.489025115966797
2008-02-14,12.439108848571777
2008-02-15,12.43710994720459
2008-02-19,12.20350170135498
2008-02-20,12.219475746154785
2008-02-21,12.04377269744873
2008-02-22,12.097681999206543
2008-02-25,12.297345161437988
2008-02-26,12.501004219055176
2008-02-27,12.455081939697266
2008-02-28,12.387197494506836
2008-02-29,12.019813537597656
2008-03-03,11.997852325439453
2008-03-04,12.065732955932617
2008-03-05,12.141609191894531
2008-03-06,11.941184997558594
2008-03-07,11.672621726989746
2008-03-10,11.418081283569336
2008-03-11,11.608487129211426
2008-03-12,11.977263450622559
2008-03-13,12.231796264648438
2008-03-14,12.01734733581543
2008-03-17,11.87705135345459
2008-03-18,12.360062599182129
2008-03-19,12.392133712768555
2008-03-20,13.482436180114746
2008-03-24,13.845198631286621
2008-03-25,13.702899932861328
2008-03-26,13.282011985778809
2008-03-27,13.223891258239746
2008-03-28,13.19983959197998
2008-03-31,13.628743171691895
2008-04-01,13.943412780761719
2008-04-02,13.622740745544434
2008-04-03,13.809126853942871
2008-04-04,13.730958938598633
2008-04-07,13.39424991607666
2008-04-08,13.334123611450195
2008-04-09,13.316081047058105
2008-04-10,13.50247859954834
2008-04-11,13.366189002990723
2008-04-14,13.239925384521484
2008-04-15,13.19182300567627
2008-04-16,13.241929054260254
2008-04-17,13.538553237915039
2008-04-18,13.606701850891113
2008-04-21,13.753008842468262
2008-04-22,13.634759902954102
2008-04-23,13.544567108154297
2008-04-24,13.640767097473145
2008-04-25,13.777059555053711
2008-04-28,13.592668533325195
2008-04-29,13.674843788146973
2008-04-30,13.388235092163086
2008-05-01,13.590662956237793
2008-05-02,13.56059741973877
2008-05-05,13.424317359924316
2008-05-06,13.544567108154297
2008-05-07,13.37821102142334
2008-05-08,12.98739242553711
2008-05-09,13.001420021057129
2008-05-12,13.095623016357422
2008-05-13,13.159757614135742
2008-05-14,13.516507148742676
2008-05-15,13.632753372192383
2008-05-16,13.5345458984375
2008-05-19,13.584650039672852
2008-05-20,13.436333656311035
2008-05-21,13.053536415100098
2008-05-22,13.02947998046875
2008-05-23,12.981374740600586
2008-05-27,13.231907844543457
2008-05-28,13.504486083984375
2008-05-29,13.7069091796875
2008-05-30,13.702899932861328
2008-06-02,13.456379890441895
2008-06-03,13.422311782836914
2008-06-04,13.616715431213379
2008-06-05,14.09131908416748
2008-06-06,13.660965919494629
2008-06-09,13.791680335998535
2008-06-10,13.77157211303711
2008-06-11,13.562422752380371
2008-06-12,13.429688453674316
2008-06-13,13.87413501739502
2008-06-16,13.751462936401367
2008-06-17,13.675039291381836
2008-06-18,13.650909423828125
2008-06-19,13.642861366271973
2008-06-20,13.41964054107666
2008-06-23,13.453824996948242
2008-06-24,13.26679515838623
2008-06-25,13.26679515838623
2008-06-26,11.965659141540527
2008-06-27,12.134587287902832
2008-06-30,11.987780570983887
2008-07-01,11.863096237182617
2008-07-02,11.68210220336914
2008-07-03,11.768575668334961
2008-07-07,11.35430908203125
2008-07-08,11.72835636138916
2008-07-09,11.452844619750977
2008-07-10,11.19543170928955
2008-07-11,11.31408405303955
2008-07-14,11.223589897155762
2008-07-15,11.591605186462402
2008-07-16,11.696181297302246
2008-07-17,11.77662467956543
2008-07-18,11.704225540161133
2008-07-21,11.565464973449707
2008-07-22,11.798744201660156
2008-07-23,11.905326843261719
2008-07-24,11.690145492553711
2008-07-25,11.698189735412598
2008-07-28,11.511167526245117
2008-07-29,11.877175331115723
2008-07-30,12.00185775756836
2008-07-31,11.800755500793457
2008-08-01,11.945547103881836
2008-08-04,12.02196979522705
2008-08-05,12.383953094482422
2008-08-06,12.50662899017334
2008-08-07,12.237147331237793
2008-08-08,12.659468650817871
2008-08-11,12.72381591796875
2008-08-12,12.488527297973633
2008-08-13,12.462385177612305
2008-08-14,12.468417167663574
2008-08-15,12.526739120483398
2008-08-18,12.398030281066895
2008-08-19,12.273347854614258
2008-08-20,12.19893741607666
2008-08-21,12.184864044189453
2008-08-22,12.289437294006348
2008-08-25,12.007891654968262
2008-08-26,11.849017143249512
2008-08-27,11.999842643737793
2008-08-28,12.311556816101074
2008-08-29,12.188886642456055
2008-09-02,12.303512573242188
2008-09-03,12.450318336486816
2008-09-04,12.058722496032715
2008-09-05,11.873016357421875
2008-09-08,12.177815437316895
2008-09-09,12.167722702026367
2008-09-10,12.08496379852295
2008-09-11,12.30700397491455
2008-09-12,12.498760223388672
2008-09-15,12.21213436126709
2008-09-16,12.351410865783691
2008-09-17,12.022390365600586
2008-09-18,13.04780387878418
2008-09-19,12.858063697814941
2008-09-22,12.747040748596191
2008-09-23,12.2787446975708
2008-09-24,11.963850021362305
2008-09-25,13.122489929199219
2008-09-26,13.683648109436035
2008-09-29,13.130565643310547
2008-09-30,13.503993034362793
2008-10-01,13.354621887207031
2008-10-02,12.868154525756836
2008-10-03,12.767227172851562
2008-10-06,12.341317176818848
2008-10-07,11.703459739685059
2008-10-08,11.24323844909668
2008-10-09,10.714374542236328
2008-10-10,11.00706958770752
2008-10-13,11.273510932922363
2008-10-14,11.529865264892578
2008-10-15,10.165338516235352
2008-10-16,11.297736167907715
2008-10-17,11.602537155151367
2008-10-20,12.060739517211914
2008-10-21,11.529865264892578
2008-10-22,10.59730339050293
2008-10-23,10.240023612976074
2008-10-24,9.646574974060059
2008-10-27,9.396275520324707
2008-10-28,10.581156730651855
2008-10-29,10.593266487121582
2008-10-30,11.265440940856934
2008-10-31,11.632811546325684
2008-11-03,11.271493911743164
2008-11-04,11.348196983337402
2008-11-05,10.653820037841797
2008-11-06,10.221856117248535
2008-11-07,9.973581314086914
2008-11-10,9.682910919189453
2008-11-11,9.218643188476562
2008-11-12,8.9562349319458
2008-11-13,9.862556457519531
2008-11-14,9.39223861694336
2008-11-17,9.347831726074219
2008-11-18,9.414444923400879
2008-11-19,8.84925365447998
2008-11-20,8.80282974243164
2008-11-21,9.664738655090332
2008-11-24,10.157262802124023
2008-11-25,9.949356079101562
2008-11-26,10.748695373535156
2008-11-28,10.748695373535156
2008-12-01,9.693002700805664
2008-12-02,10.094691276550293
2008-12-03,10.498397827148438
2008-12-04,10.538961410522461
2008-12-05,10.818866729736328
2008-12-08,11.392868995666504
2008-12-09,10.737733840942383
2008-12-10,10.242831230163574
2008-12-11,9.883825302124023
2008-12-12,10.01363468170166
2008-12-15,9.774299621582031
2008-12-16,10.068400382995605
2008-12-17,10.271228790283203
2008-12-18,10.687028884887695
2008-12-19,10.396980285644531
2008-12-22,9.958871841430664
2008-12-23,9.727648735046387
2008-12-24,9.964957237243652
2008-12-26,10.092737197875977
2008-12-29,9.926416397094727
2008-12-30,10.078543663024902
2008-12-31,10.344243049621582
2009-01-02,10.76207160949707
2009-01-05,10.839151382446289
2009-01-06,10.620094299316406
2009-01-07,10.234720230102539
2009-01-08,10.423344612121582
2009-01-09,10.0623140335083
2009-01-12,10.165756225585938
2009-01-13,10.040003776550293
2009-01-14,9.461943626403809
2009-01-15,9.524816513061523
2009-01-16,9.492365837097168
2009-01-20,8.95284366607666
2009-01-21,9.261139869689941
2009-01-22,9.255058288574219
2009-01-23,9.26519775390625
2009-01-26,9.263169288635254
2009-01-27,9.230721473693848
2009-01-28,9.654633522033691
2009-01-29,9.328079223632812
2009-01-30,9.177983283996582
2009-02-02,9.011664390563965
2009-02-03,9.390950202941895
2009-02-04,9.285481452941895
2009-02-05,9.573500633239746
2009-02-06,9.873685836791992
2009-02-09,9.68911075592041
2009-02-10,9.137419700622559
2009-02-11,8.987326622009277
2009-02-12,9.017745971679688
2009-02-13,8.808837890625
2009-02-17,8.506623268127441
2009-02-18,8.827092170715332
2009-02-19,8.683085441589355
2009-02-20,8.70742416381836
2009-02-23,8.439689636230469
2009-02-24,8.709444999694824
2009-02-25,8.549216270446777
2009-02-26,8.322051048278809
2009-02-27,8.423462867736816
2009-03-02,8.06445598602295
2009-03-03,8.123274803161621
2009-03-04,8.630349159240723
2009-03-05,8.148839950561523
2009-03-06,8.148839950561523
2009-03-09,7.869328022003174
2009-03-10,8.489569664001465
2009-03-11,8.860897064208984
2009-03-12,9.097570419311523
2009-03-13,9.113886833190918
2009-03-16,8.958826065063477
2009-03-17,9.264869689941406
2009-03-18,9.368925094604492
2009-03-19,9.487258911132812
2009-03-20,9.185301780700684
2009-03-23,9.71576976776123
2009-03-24,9.30363941192627
2009-03-25,9.460735321044922
2009-03-26,9.711689949035645
2009-03-27,9.556633949279785
2009-03-30,9.438292503356934
2009-03-31,9.566832542419434
2009-04-01,9.589274406433105
2009-04-02,10.301329612731934
2009-04-03,10.5828857421875
2009-04-06,10.460472106933594
2009-04-07,10.1727933883667
2009-04-08,10.250325202941895
2009-04-09,10.868523597717285
2009-04-13,10.837918281555176
2009-04-14,10.4869966506958
2009-04-15,10.631853103637695
2009-04-16,10.970536231994629
2009-04-17,11.141923904418945
2009-04-20,10.682863235473633
2009-04-21,10.868523597717285
2009-04-22,11.221491813659668
2009-04-23,11.097034454345703
2009-04-24,11.16640853881836
2009-04-27,11.043988227844238
2009-04-28,11.34186840057373
2009-04-29,10.805279731750488
2009-04-30,10.705303192138672
2009-05-01,10.797119140625
2009-05-04,11.276580810546875
2009-05-05,11.221491813659668
2009-05-06,11.141923904418945
2009-05-07,10.829758644104004
2009-05-08,11.103153228759766
2009-05-11,10.841996192932129
2009-05-12,10.401301383972168
2009-05-13,10.103425025939941
2009-05-14,10.395181655883789
2009-05-15,10.150352478027344
2009-05-18,10.446187973022461
2009-05-19,10.617572784423828
2009-05-20,10.34212875366211
2009-05-21,10.476787567138672
2009-05-22,10.693058967590332
2009-05-26,11.052148818969727
2009-05-27,11.101113319396973
2009-05-28,11.24393367767334
2009-05-29,11.639742851257324
2009-06-01,12.090646743774414
2009-06-02,11.798890113830566
2009-06-03,11.86825942993164
2009-06-04,11.790395736694336
2009-06-05,11.944072723388672
2009-06-08,11.884649276733398
2009-06-09,12.019889831542969
2009-06-10,11.689984321594238
2009-06-11,11.601877212524414
2009-06-12,11.599823951721191
2009-06-15,11.462542533874512
2009-06-16,11.33754825592041
2009-06-17,11.194110870361328
2009-06-18,11.536306381225586
2009-06-19,11.618270874023438
2009-06-22,11.323201179504395
2009-06-23,10.97076416015625
2009-06-24,10.864209175109863
2009-06-25,10.507671356201172
2009-06-26,10.417508125305176
2009-06-29,10.603973388671875
2009-06-30,10.610121726989746
2009-07-01,10.7412691116333
2009-07-02,10.4625883102417
2009-07-06,10.636760711669922
2009-07-07,10.493325233459473
2009-07-08,10.554795265197754
2009-07-09,10.4625883102417
2009-07-10,10.511768341064453
2009-07-13,10.560945510864258
2009-07-14,10.634712219238281
2009-07-15,10.845767974853516
2009-07-16,10.899046897888184
2009-07-17,10.745363235473633
2009-07-20,10.825275421142578
2009-07-21,10.669547080993652
2009-07-22,10.558897018432617
2009-07-23,10.478981018066406
2009-07-24,10.690037727355957
2009-07-27,10.731019020080566
2009-07-28,10.841670036315918
2009-07-29,11.14083194732666
2009-07-30,11.493276596069336
2009-07-31,11.605976104736328
2009-08-03,11.601877212524414
2009-08-04,11.790395736694336
2009-08-05,11.68384075164795
2009-08-06,11.806783676147461
2009-08-07,11.898995399475098
2009-08-10,11.708428382873535
2009-08-11,11.636706352233887
2009-08-12,11.786291122436523
2009-08-13,11.845715522766113
2009-08-14,11.651053428649902
2009-08-17,11.360089302062988
2009-08-18,11.394920349121094
2009-08-19,11.632615089416504
2009-08-20,11.679738998413086
2009-08-21,11.403115272521973
2009-08-24,11.474835395812988
2009-08-25,11.302711486816406
2009-08-26,11.36213207244873
2009-08-27,11.64490795135498
2009-08-28,11.51171588897705
2009-08-31,11.34984016418457
2009-09-01,11.138786315917969
2009-09-02,10.923635482788086
2009-09-03,11.061568260192871
2009-09-04,11.16450023651123
2009-09-08,11.3724365234375
2009-09-09,11.3950834274292
2009-09-10,11.409490585327148
2009-09-11,11.320967674255371
2009-09-14,11.304496765136719
2009-09-15,11.25920295715332
2009-09-16,11.771830558776855
2009-09-17,11.959175109863281
2009-09-18,12.062113761901855
2009-09-21,12.053877830505371
2009-09-22,12.057995796203613
2009-09-23,12.002413749694824
2009-09-24,11.975646018981934
2009-09-25,12.072408676147461
2009-09-28,12.14652156829834
2009-09-29,12.370924949645996
2009-09-30,13.31999683380127
2009-10-01,12.86707878112793
2009-10-02,12.76826000213623
2009-10-05,12.924722671508789
2009-10-06,12.988542556762695
2009-10-07,13.056480407714844
2009-10-08,13.180000305175781
2009-10-09,13.09147834777832
2009-10-12,13.021483421325684
2009-10-13,13.110006332397461
2009-10-14,13.361169815063477
2009-10-15,13.373523712158203
2009-10-16,13.402345657348633
2009-10-19,13.606158256530762
2009-10-20,13.400284767150879
2009-10-21,13.33028793334961
2009-10-22,13.42087459564209
2009-10-23,13.21088695526123
2009-10-26,13.124422073364258
2009-10-27,13.194413185119629
2009-10-28,12.881489753723145
2009-10-29,13.116186141967773
2009-10-30,12.801192283630371
2009-11-02,12.86707878112793
2009-11-03,12.900015830993652
2009-11-04,12.914430618286133
2009-11-05,13.33234977722168
2009-11-06,13.291173934936523
2009-11-09,13.44764232635498
2009-11-10,13.272648811340332
2009-11-11,13.367350578308105
2009-11-12,13.194413185119629
2009-11-13,13.262348175048828
2009-11-16,13.6082181930542
2009-11-17,13.373523712158203
2009-11-18,13.262348175048828
2009-11-19,13.08530330657959
2009-11-20,13.159415245056152
2009-11-23,13.276762008666992
2009-11-24,13.282938003540039
2009-11-25,13.52586841583252
2009-11-27,13.392051696777344
2009-11-30,13.359109878540039
2009-12-01,13.464111328125
2009-12-02,13.453813552856445
2009-12-03,13.369056701660156
2009-12-04,13.29256820678711
2009-12-07,13.342185974121094
2009-12-08,13.13338565826416
2009-12-09,12.806758880615234
2009-12-10,12.96180248260498
2009-12-11,13.20160961151123
2009-12-14,13.263626098632812
2009-12-15,13.302899360656738
2009-12-16,13.240884780883789
2009-12-17,13.075507164001465
2009-12-18,13.317370414733887
2009-12-21,13.412464141845703
2009-12-22,13.457947731018066
2009-12-23,13.528239250183105
2009-12-24,13.488958358764648
2009-12-28,13.54063892364502
2009-12-29,13.687419891357422
2009-12-30,13.672943115234375
2009-12-31,13.658472061157227
2010-01-04,13.50963020324707
2010-01-05,13.563382148742676
2010-01-06,13.480691909790039
2010-01-07,13.612993240356445
2010-01-08,13.58612060546875
2010-01-11,13.418671607971191
2010-01-12,13.400062561035156
2010-01-13,13.519969940185547
2010-01-14,13.43520736694336
2010-01-15,13.311173439025879
2010-01-19,13.377327919006348
2010-01-20,13.267762184143066
2010-01-21,13.156126976013184
2010-01-22,13.019688606262207
2010-01-25,13.16232967376709
2010-01-26,13.176797866821289
2010-01-27,13.230548858642578
2010-01-28,13.131322860717773
2010-01-29,13.178872108459473
2010-02-01,13.251221656799316
2010-02-02,13.216079711914062
2010-02-03,13.230548858642578
2010-02-04,12.835701942443848
2010-02-05,12.755072593688965
2010-02-08,12.672386169433594
2010-02-09,12.922525405883789
2010-02-10,12.949402809143066
2010-02-11,13.013484954833984
2010-02-12,12.9183931350708
2010-02-16,13.158193588256836
2010-02-17,13.329779624938965
2010-02-18,13.32150936126709
2010-02-19,13.302899360656738
2010-02-22,13.294635772705078
2010-02-23,13.257424354553223
2010-02-24,13.422808647155762
2010-02-25,13.677078247070312
2010-02-26,13.974764823913574
2010-03-01,14.107073783874512
2010-03-02,14.063663482666016
2010-03-03,13.983040809631348
2010-03-04,14.036999702453613
2010-03-05,14.180215835571289
2010-03-08,14.283995628356934
2010-03-09,14.306825637817383
2010-03-10,14.346259117126465
2010-03-11,14.477020263671875
2010-03-12,14.508157730102539
2010-03-15,14.609853744506836
2010-03-16,14.607781410217285
2010-03-17,14.711555480957031
2010-03-18,15.49611759185791
2010-03-19,15.259502410888672
2010-03-22,15.334222793579102
2010-03-23,15.460834503173828
2010-03-24,15.230445861816406
2010-03-25,15.269888877868652
2010-03-26,15.336305618286133
2010-03-29,15.352910995483398
2010-03-30,15.319694519042969
2010-03-31,15.25535774230957
2010-04-01,15.361201286315918
2010-04-05,15.381967544555664
2010-04-06,15.340452194213867
2010-04-07,15.274039268493652
2010-04-08,15.357053756713867
2010-04-09,15.604045867919922
2010-04-12,15.676690101623535
2010-04-13,15.672539710998535
2010-04-14,15.732730865478516
2010-04-15,15.699518203735352
2010-04-16,15.601975440979004
2010-04-19,15.687070846557617
2010-04-20,15.848963737487793
2010-04-21,15.923686981201172
2010-04-22,16.237092971801758
2010-04-23,16.168601989746094
2010-04-26,16.193513870239258
2010-04-27,15.927836418151855
2010-04-28,15.86557388305664
2010-04-29,16.1001033782959
2010-04-30,15.75556755065918
2010-05-03,16.141618728637695
2010-05-04,16.05445098876953
2010-05-05,15.610272407531738
2010-05-06,15.006292343139648
2010-05-07,14.655513763427734
2010-05-10,15.90915298461914
2010-05-11,15.863495826721191
2010-05-12,16.15822410583496
2010-05-13,15.680842399597168
2010-05-14,15.305168151855469
2010-05-17,15.282337188720703
2010-05-18,15.137054443359375
2010-05-19,14.995914459228516
2010-05-20,14.593253135681152
2010-05-21,14.817410469055176
2010-05-24,14.807031631469727
2010-05-25,15.132898330688477
2010-05-26,15.051946640014648
2010-05-27,15.338379859924316
2010-05-28,15.022889137268066
2010-06-01,14.773826599121094
2010-06-02,15.15157699584961
2010-06-03,15.339068412780762
2010-06-04,14.743256568908691
2010-06-07,14.497428894042969
2010-06-08,14.637003898620605
2010-06-09,14.584933280944824
2010-06-10,14.947415351867676
2010-06-11,15.068244934082031
2010-06-14,15.045326232910156
2010-06-15,15.411986351013184
2010-06-16,15.380741119384766
2010-06-17,15.534894943237305
2010-06-18,15.611979484558105
2010-06-21,15.48906421661377
2010-06-22,15.095327377319336
2010-06-23,15.107824325561523
2010-06-24,14.505767822265625
2010-06-25,14.607848167419434
2010-06-28,14.687004089355469
2010-06-29,14.201607704162598
2010-06-30,14.07244873046875
2010-07-01,14.180774688720703
2010-07-02,14.137028694152832
2010-07-06,14.001617431640625
2010-07-07,14.282858848571777
2010-07-08,14.64117431640625
2010-07-09,14.614097595214844
2010-07-12,14.543261528015137
2010-07-13,14.68076229095459
2010-07-14,14.695343971252441
2010-07-15,14.718254089355469
2010-07-16,14.366186141967773
2010-07-19,14.293274879455566
2010-07-20,14.549517631530762
2010-07-21,14.509932518005371
2010-07-22,14.907837867736816
2010-07-23,15.153660774230957
2010-07-26,15.25365924835205
2010-07-27,15.349485397338867
2010-07-28,15.230742454528809
2010-07-29,15.318238258361816
2010-07-30,15.341154098510742
2010-08-02,15.48281192779541
2010-08-03,15.228658676147461
2010-08-04,15.416152000427246
2010-08-05,15.42864990234375
2010-08-06,15.407817840576172
2010-08-09,15.441144943237305
2010-08-10,15.397403717041016
2010-08-11,15.016167640686035
2010-08-12,14.899500846862793
2010-08-13,14.7036771774292
2010-08-16,14.803671836853027
2010-08-17,14.939085960388184
2010-08-18,15.049495697021484
2010-08-19,14.862001419067383
2010-08-20,14.845335960388184
2010-08-23,14.780754089355469
2010-08-24,14.59325885772705
2010-08-25,14.60992431640625
2010-08-26,14.664087295532227
2010-08-27,14.778672218322754
2010-08-30,14.657843589782715
2010-08-31,14.582844734191895
2010-09-01,15.02658748626709
2010-09-02,15.25660514831543
2010-09-03,15.526357650756836
2010-09-07,15.47825813293457
2010-09-08,15.50334644317627
2010-09-09,15.457344055175781
2010-09-10,15.421795845031738
2010-09-13,15.616265296936035
2010-09-14,15.739644050598145
2010-09-15,16.0093936920166
2010-09-16,16.026124954223633
2010-09-17,16.155771255493164
2010-09-20,16.387880325317383
2010-09-21,16.24568748474121
2010-09-22,16.16622543334961
2010-09-23,16.24150276184082
2010-09-24,16.638809204101562
2010-09-27,16.542617797851562
2010-09-28,16.862560272216797
2010-09-29,16.714086532592773
2010-09-30,16.75800132751465
2010-10-01,16.781003952026367
2010-10-04,16.703641891479492
2010-10-05,17.00057029724121
2010-10-06,17.002655029296875
2010-10-07,16.935747146606445
2010-10-08,17.155311584472656
2010-10-11,17.142763137817383
2010-10-12,17.123945236206055
2010-10-13,17.15113067626953
2010-10-14,17.098854064941406
2010-10-15,17.14694595336914
2010-10-18,17.075847625732422
2010-10-19,16.881380081176758
2010-10-20,16.988027572631836
2010-10-21,17.169946670532227
2010-10-22,17.130218505859375
2010-10-25,17.157405853271484
2010-10-26,17.109310150146484
2010-10-27,16.944110870361328
2010-10-28,16.96083641052246
2010-10-29,17.02983856201172
2010-11-01,16.958744049072266
2010-11-02,17.094667434692383
2010-11-03,17.111398696899414
2010-11-04,17.44179344177246
2010-11-05,17.58816146850586
2010-11-08,17.483606338500977
2010-11-09,17.397878646850586
2010-11-10,17.540069580078125
2010-11-11,17.49615478515625
2010-11-12,17.276596069335938
2010-11-15,17.10512351989746
2010-11-16,16.835371017456055
2010-11-17,17.019392013549805
2010-11-18,17.245227813720703
2010-11-19,17.943655014038086
2010-11-22,17.966646194458008
2010-11-23,17.828649520874023
2010-11-24,18.094215393066406
2010-11-26,17.975019454956055
2010-11-29,17.807735443115234
2010-11-30,18.01056671142578
2010-12-01,18.32632064819336
2010-12-02,18.43124771118164
2010-12-03,18.368288040161133
2010-12-06,18.41027069091797
2010-12-07,18.296939849853516
2010-12-08,18.3242244720459
2010-12-09,18.355697631835938
2010-12-10,18.424943923950195
2010-12-13,18.725038528442383
2010-12-14,18.735538482666016
2010-12-15,18.588640213012695
2010-12-16,18.725038528442383
2010-12-17,18.897117614746094
2010-12-20,18.943288803100586
2010-12-21,19.36928367614746
2010-12-22,18.24657440185547
2010-12-23,18.057714462280273
2010-12-27,18.011547088623047
2010-12-28,18.116464614868164
2010-12-29,17.894031524658203
2010-12-30,17.996856689453125
2010-12-31,17.925506591796875
2011-01-03,18.06610870361328
2011-01-04,17.6212158203125
2011-01-05,17.736635208129883
2011-01-06,17.577157974243164
2011-01-07,17.528881072998047
2011-01-10,17.66318702697754
2011-01-11,17.631715774536133
2011-01-12,17.570858001708984
2011-01-13,17.325336456298828
2011-01-14,17.6422119140625
2011-01-18,17.640106201171875
2011-01-19,17.556171417236328
2011-01-20,17.432355880737305
2011-01-21,17.270776748657227
2011-01-24,17.346317291259766
2011-01-25,17.392484664916992
2011-01-26,17.62751579284668
2011-01-27,17.36939811706543
2011-01-28,17.094497680664062
2011-01-31,17.30854034423828
2011-02-01,17.5330867767334
2011-02-02,17.608627319335938
2011-02-03,17.585546493530273
2011-02-04,17.99265480041504
2011-02-07,18.152137756347656
2011-02-08,18.196210861206055
2011-02-09,18.309534072875977
2011-02-10,18.21300506591797
2011-02-11,18.091293334960938
2011-02-14,17.998943328857422
2011-02-15,17.95279312133789
2011-02-16,17.99475860595703
2011-02-17,18.055618286132812
2011-02-18,18.639001846313477
2011-02-22,18.30533790588379
2011-02-23,18.08709144592285
2011-02-24,18.156341552734375
2011-02-25,18.462724685668945
2011-02-28,18.68306541442871
2011-03-01,18.403968811035156
2011-03-02,18.536169052124023
2011-03-03,18.919448852539062
2011-03-04,18.927867889404297
2011-03-07,18.72571563720703
2011-03-08,18.782564163208008
2011-03-09,18.732027053833008
2011-03-10,18.569869995117188
2011-03-11,18.357168197631836
2011-03-14,18.155010223388672
2011-03-15,17.96969223022461
2011-03-16,17.862279891967773
2011-03-17,17.98653221130371
2011-03-18,16.339712142944336
2011-03-21,16.18177032470703
2011-03-22,15.889052391052246
2011-03-23,16.261795043945312
2011-03-24,16.158613204956055
2011-03-25,16.143871307373047
2011-03-28,15.981703758239746
2011-03-29,16.080684661865234
2011-03-30,16.162818908691406
2011-03-31,15.94170093536377
2011-04-01,16.11648941040039
2011-04-04,16.301816940307617
2011-04-05,16.411312103271484
2011-04-06,16.5671443939209
2011-04-07,16.44501495361328
2011-04-08,16.297588348388672
2011-04-11,16.453432083129883
2011-04-12,16.468172073364258
2011-04-13,16.72298812866211
2011-04-14,16.864086151123047
2011-04-15,16.579797744750977
2011-04-18,16.54819679260254
2011-04-19,16.579797744750977
2011-04-20,16.861974716186523
2011-04-21,16.887245178222656
2011-04-25,16.870405197143555
2011-04-26,16.83881187438965
2011-04-27,17.083105087280273
2011-04-28,17.38845443725586
2011-04-29,17.33580207824707
2011-05-02,17.31895637512207
2011-05-03,17.19681739807129
2011-05-04,17.434791564941406
2011-05-05,17.396879196166992
2011-05-06,17.272626876831055
2011-05-09,17.460060119628906
2011-05-10,17.58430290222168
2011-05-11,17.40740966796875
2011-05-12,17.811738967895508
2011-05-13,18.16553497314453
2011-05-16,17.957054138183594
2011-05-17,17.877016067504883
2011-05-18,17.864395141601562
2011-05-19,18.13393783569336
2011-05-20,17.910720825195312
2011-05-23,17.60957908630371
2011-05-24,17.759090423583984
2011-05-25,17.51902198791504
2011-05-26,17.704347610473633
2011-05-27,17.820165634155273
2011-05-31,17.78436851501465
2011-06-01,17.300010681152344
2011-06-02,17.154157638549805
2011-06-03,16.98714828491211
2011-06-06,16.86243438720703
2011-06-07,17.312694549560547
2011-06-08,16.932191848754883
2011-06-09,17.052688598632812
2011-06-10,16.839183807373047
2011-06-13,17.018856048583984
2011-06-14,17.384559631347656
2011-06-15,16.993494033813477
2011-06-16,16.97235870361328
2011-06-17,17.145692825317383
2011-06-20,17.593841552734375
2011-06-21,17.864416122436523
2011-06-22,17.323259353637695
2011-06-23,17.373987197875977
2011-06-24,17.160486221313477
2011-06-27,17.253498077392578
2011-06-28,19.00380516052246
2011-06-29,18.978422164916992
2011-06-30,19.020709991455078
2011-07-01,19.4096622467041
2011-07-05,19.392744064331055
2011-07-06,19.52170181274414
2011-07-07,19.798612594604492
2011-07-08,19.709829330444336
2011-07-11,19.32721710205078
2011-07-12,19.284944534301758
2011-07-13,19.45827865600586
2011-07-14,19.439252853393555
2011-07-15,19.384296417236328
2011-07-18,19.16022491455078
2011-07-19,19.18136215209961
2011-07-20,19.151763916015625
2011-07-21,19.41388702392578
2011-07-22,19.386411666870117
2011-07-25,19.221527099609375
2011-07-26,19.094690322875977
2011-07-27,18.75435447692871
2011-07-28,19.126401901245117
2011-07-29,19.05664825439453
2011-08-01,18.885417938232422
2011-08-02,17.99123764038086
2011-08-03,18.40768051147461
2011-08-04,17.238706588745117
2011-08-05,17.7291259765625
2011-08-08,16.73983383178711
2011-08-09,17.439517974853516
2011-08-10,16.769420623779297
2011-08-11,17.598066329956055
2011-08-12,17.807323455810547
2011-08-15,17.99547576904297
2011-08-16,17.591716766357422
2011-08-17,17.450098037719727
2011-08-18,16.894134521484375
2011-08-19,16.610881805419922
2011-08-22,16.752511978149414
2011-08-23,17.669944763183594
2011-08-24,18.137104034423828
2011-08-25,17.70587158203125
2011-08-26,18.240684509277344
2011-08-29,18.71630859375
2011-08-30,18.25760269165039
2011-08-31,18.316787719726562
2011-09-01,18.361337661743164
2011-09-02,17.828845977783203
2011-09-06,17.769441604614258
2011-09-07,18.352846145629883
2011-09-08,18.102516174316406
2011-09-09,17.502138137817383
2011-09-12,17.89673614501953
2011-09-13,18.206470489501953
2011-09-14,18.56075668334961
2011-09-15,18.677433013916016
2011-09-16,19.044448852539062
2011-09-19,19.13567352294922
2011-09-20,18.978687286376953
2011-09-21,18.189491271972656
2011-09-22,17.858549118041992
2011-09-23,18.804718017578125
2011-09-26,18.94686508178711
2011-09-27,19.216285705566406
2011-09-28,18.768651962280273
2011-09-29,18.666824340820312
2011-09-30,18.140703201293945
2011-10-03,17.618820190429688
2011-10-04,18.1873722076416
2011-10-05,18.626516342163086
2011-10-06,18.940507888793945
2011-10-07,18.700759887695312
2011-10-10,19.245990753173828
2011-10-11,19.061426162719727
2011-10-12,19.472990036010742
2011-10-13,19.562088012695312
2011-10-14,19.72332000732422
2011-10-17,19.309633255004883
2011-10-18,19.40721893310547
2011-10-19,19.366914749145508
2011-10-20,19.494197845458984
2011-10-21,20.016084671020508
2011-10-24,20.1688289642334
2011-10-25,19.888790130615234
2011-10-26,19.98638343811035
2011-10-27,20.330059051513672
2011-10-28,20.52522850036621
2011-10-31,20.440370559692383
2011-11-01,19.9163761138916
2011-11-02,20.14124870300293
2011-11-03,20.298242568969727
2011-11-04,20.022438049316406
2011-11-07,19.89940071105957
2011-11-08,20.24307632446289
2011-11-09,19.59390640258789
2011-11-10,19.924854278564453
2011-11-11,20.397945404052734
2011-11-14,20.31308937072754
2011-11-15,20.355512619018555
2011-11-16,19.878185272216797
2011-11-17,19.494197845458984
2011-11-18,19.676647186279297
2011-11-21,19.318113327026367
2011-11-22,19.43903923034668
2011-11-23,19.290538787841797
2011-11-25,19.152639389038086
2011-11-28,20.134889602661133
2011-11-29,20.12640380859375
2011-11-30,20.404314041137695
2011-12-01,20.282928466796875
2011-12-02,20.495872497558594
2011-12-05,20.570411682128906
2011-12-06,20.495872497558594
2011-12-07,20.419212341308594
2011-12-08,20.26803207397461
2011-12-09,20.800384521484375
2011-12-12,20.644935607910156
2011-12-13,20.24034881591797
2011-12-14,20.09980010986328
2011-12-15,20.03379249572754
2011-12-16,19.94648551940918
2011-12-19,19.884727478027344
2011-12-20,19.937971115112305
2011-12-21,20.517168045043945
2011-12-22,20.191364288330078
2011-12-23,20.634292602539062
2011-12-27,20.81955337524414
2011-12-28,20.534210205078125
2011-12-29,20.753543853759766
2011-12-30,20.52142906188965
2012-01-03,20.615121841430664
2012-01-04,20.915376663208008
2012-01-05,20.902597427368164
2012-01-06,20.86639404296875
2012-01-09,20.94306182861328
2012-01-10,20.96862030029297
2012-01-11,20.898344039916992
2012-01-12,21.10277557373047
2012-01-13,20.93242073059082
2012-01-17,21.132585525512695
2012-01-18,21.47755241394043
2012-01-19,21.630868911743164
2012-01-20,21.66920280456543
2012-01-23,21.626609802246094
2012-01-24,21.765024185180664
2012-01-25,21.97797203063965
2012-01-26,21.784191131591797
2012-01-27,21.743738174438477
2012-01-30,22.01630210876465
2012-01-31,22.144058227539062
2012-02-01,22.09295654296875
2012-02-02,21.89491844177246
2012-02-03,22.03972625732422
2012-02-06,22.031204223632812
2012-02-07,22.195171356201172
2012-02-08,22.55717658996582
2012-02-09,22.520977020263672
2012-02-10,22.44644546508789
2012-02-13,22.405990600585938
2012-02-14,22.70624542236328
2012-02-15,22.699851989746094
2012-02-16,22.606157302856445
2012-02-17,22.71687889099121
2012-02-21,22.348491668701172
2012-02-22,22.51459503173828
2012-02-23,22.601896286010742
2012-02-24,22.633840560913086
2012-02-27,22.82123374938965
2012-02-28,22.876596450805664
2012-02-29,22.980934143066406
2012-03-01,23.190332412719727
2012-03-02,23.233047485351562
2012-03-05,23.339881896972656
2012-03-06,22.933937072753906
2012-03-07,22.985214233398438
2012-03-08,23.05357551574707
2012-03-09,23.497989654541016
2012-03-12,23.38474464416504
2012-03-13,23.664634704589844
2012-03-14,23.566354751586914
2012-03-15,23.658227920532227
2012-03-16,23.762916564941406
2012-03-19,23.957353591918945
2012-03-20,23.8740177154541
2012-03-21,23.596267700195312
2012-03-22,23.713773727416992
2012-03-23,22.951021194458008
2012-03-26,23.192459106445312
2012-03-27,23.04930305480957
2012-03-28,22.910436630249023
2012-03-29,23.042896270751953
2012-03-30,23.1689510345459
2012-04-02,23.292869567871094
2012-04-03,23.367658615112305
2012-04-04,23.393299102783203
2012-04-05,23.585586547851562
2012-04-09,23.649682998657227
2012-04-10,22.745912551879883
2012-04-11,23.12836456298828
2012-04-12,23.213829040527344
2012-04-13,23.32492446899414
2012-04-16,23.374067306518555
2012-04-17,23.4659423828125
2012-04-18,23.621910095214844
2012-04-19,23.418935775756836
2012-04-20,23.66677474975586
2012-04-23,23.44884490966797
2012-04-24,22.80787467956543
2012-04-25,23.295007705688477
2012-04-26,23.577030181884766
2012-04-27,23.639001846313477
2012-04-30,23.901803970336914
2012-05-01,23.78001594543457
2012-05-02,24.416711807250977
2012-05-03,24.442352294921875
2012-05-04,23.88897705078125
2012-05-07,23.805652618408203
2012-05-08,23.23091697692871
2012-05-09,23.106996536254883
2012-05-10,22.98093605041504
2012-05-11,23.130496978759766
2012-05-14,22.961711883544922
2012-05-15,22.908296585083008
2012-05-16,22.86129379272461
2012-05-17,22.29296875
2012-05-18,22.527986526489258
2012-05-21,22.910436630249023
2012-05-22,23.171083450317383
2012-05-23,22.97238540649414
2012-05-24,22.963850021362305
2012-05-25,23.243736267089844
2012-05-29,23.69882583618164
2012-05-30,23.20528221130371
2012-05-31,23.190277099609375
2012-06-01,22.42283821105957
2012-06-04,22.44426918029785
2012-06-05,22.61790657043457
2012-06-06,22.952320098876953
2012-06-07,23.014490127563477
2012-06-08,23.28888511657715
2012-06-11,23.03592872619629
2012-06-12,23.065935134887695
2012-06-13,21.912649154663086
2012-06-14,21.44102668762207
2012-06-15,21.811885833740234
2012-06-18,21.736865997314453
2012-06-19,21.766868591308594
2012-06-20,21.693988800048828
2012-06-21,21.149492263793945
2012-06-22,21.308134078979492
2012-06-25,20.89224624633789
2012-06-26,21.104476928710938
2012-06-27,21.031591415405273
2012-06-28,20.77005958557129
2012-06-29,18.81717872619629
2012-07-02,19.046546936035156
2012-07-03,19.395965576171875
2012-07-05,19.764677047729492
2012-07-06,19.588891983032227
2012-07-09,19.353090286254883
2012-07-10,19.56960105895996
2012-07-11,19.777542114257812
2012-07-12,19.683216094970703
2012-07-13,20.144105911254883
2012-07-16,19.940458297729492
2012-07-17,19.884729385375977
2012-07-18,20.28558921813965
2012-07-19,20.420644760131836
2012-07-20,19.95332145690918
2012-07-23,19.90401268005371
2012-07-24,19.927593231201172
2012-07-25,20.045501708984375
2012-07-26,20.703611373901367
2012-07-27,20.800073623657227
2012-07-30,20.547119140625
2012-07-31,20.01120376586914
2012-08-01,19.936174392700195
2012-08-02,19.837566375732422
2012-08-03,20.272733688354492
2012-08-06,20.47637939453125
2012-08-07,20.6157169342041
2012-08-08,20.557836532592773
2012-08-09,20.37778091430664
2012-08-10,20.257722854614258
2012-08-13,20.547119140625
2012-08-14,20.345617294311523
2012-08-15,20.19769859313965
2012-08-16,20.31775665283203
2012-08-17,20.635005950927734
2012-08-20,20.52996826171875
2012-08-21,20.547119140625
2012-08-22,20.52996826171875
2012-08-23,20.461366653442383
2012-08-24,20.76363182067871
2012-08-27,20.671457290649414
2012-08-28,21.19451332092285
2012-08-29,21.155929565429688
2012-08-30,21.031131744384766
2012-08-31,20.947233200073242
2012-09-04,20.925716400146484
2012-09-05,20.945077896118164
2012-09-06,21.3990421295166
2012-09-07,21.362476348876953
2012-09-10,21.523836135864258
2012-09-11,21.446378707885742
2012-09-12,21.69595718383789
2012-09-13,21.34310531616211
2012-09-14,20.79231834411621
2012-09-17,21.078475952148438
2012-09-18,21.024681091308594
2012-09-19,21.011768341064453
2012-09-20,20.80953025817871
2012-09-21,20.76649284362793
2012-09-24,20.508310317993164
2012-09-25,20.45667839050293
2012-09-26,20.544891357421875
2012-09-27,20.65462303161621
2012-09-28,20.420103073120117
2012-10-01,20.557798385620117
2012-10-02,20.4287052154541
2012-10-03,20.18128776550293
2012-10-04,20.630958557128906
2012-10-05,20.48679542541504
2012-10-08,20.437314987182617
2012-10-09,20.327590942382812
2012-10-10,20.27164649963379
2012-10-11,20.41794776916504
2012-10-12,20.314682006835938
2012-10-15,20.570711135864258
2012-10-16,20.921405792236328
2012-10-17,20.99240493774414
2012-10-18,20.99240493774414
2012-10-19,20.751436233520508
2012-10-22,20.327590942382812
2012-10-23,19.970434188842773
2012-10-24,19.985496520996094
2012-10-25,19.64556121826172
2012-10-26,19.611133575439453
2012-10-31,19.660614013671875
2012-11-01,20.514774322509766
2012-11-02,20.340499877929688
2012-11-05,20.495412826538086
2012-11-06,20.682594299316406
2012-11-07,20.36416244506836
2012-11-08,19.763885498046875
2012-11-09,19.8607120513916
2012-11-12,19.856409072875977
2012-11-13,19.679981231689453
2012-11-14,19.49279022216797
2012-11-15,19.542285919189453
2012-11-16,19.920944213867188
2012-11-19,20.723464965820312
2012-11-20,20.570711135864258
2012-11-21,20.568561553955078
2012-11-23,20.815980911254883
2012-11-26,21.011768341064453
2012-11-27,20.871919631958008
2012-11-28,21.328046798706055
2012-11-29,21.293621063232422
2012-11-30,20.97304916381836
2012-12-03,20.99025535583496
2012-12-04,21.01392364501953
2012-12-05,21.016071319580078
2012-12-06,21.2667293548584
2012-12-07,21.303468704223633
2012-12-10,21.193260192871094
2012-12-11,21.480655670166016
2012-12-12,21.435272216796875
2012-12-13,21.03119659423828
2012-12-14,20.94045066833496
2012-12-17,21.17382049560547
2012-12-18,21.374771118164062
2012-12-19,21.128435134887695
2012-12-20,21.39206314086914
2012-12-21,22.71014976501465
2012-12-24,22.818193435668945
2012-12-26,22.182912826538086
2012-12-27,22.368749618530273
2012-12-28,22.035980224609375
2012-12-31,22.299598693847656
2013-01-02,22.4033203125
2013-01-03,22.632369995117188
2013-01-04,22.852767944335938
2013-01-07,22.8873348236084
2013-01-08,22.64533042907715
2013-01-09,22.66693687438965
2013-01-10,22.71014976501465
2013-01-11,22.947839736938477
2013-01-14,22.986732482910156
2013-01-15,23.181209564208984
2013-01-16,23.220108032226562
2013-01-17,23.112064361572266
2013-01-18,23.029951095581055
2013-01-22,23.112064361572266
2013-01-23,22.943517684936523
2013-01-24,23.276283264160156
2013-01-25,24.006643295288086
2013-01-28,23.55287742614746
2013-01-29,23.302217483520508
2013-01-30,23.168245315551758
2013-01-31,23.358402252197266
2013-02-01,23.20713996887207
2013-02-04,23.189855575561523
2013-02-05,23.289249420166016
2013-02-06,23.405941009521484
2013-02-07,23.630659103393555
2013-02-08,23.591768264770508
2013-02-11,23.864028930664062
2013-02-12,23.807844161987305
2013-02-13,23.578798294067383
2013-02-14,23.604726791381836
2013-02-15,23.747352600097656
2013-02-19,23.539905548095703
2013-02-20,23.34543228149414
2013-02-21,23.570158004760742
2013-02-22,23.539905548095703
2013-02-25,23.354076385498047
2013-02-26,23.453479766845703
2013-02-27,23.48372459411621
2013-02-28,23.62689208984375
2013-03-01,23.7830753326416
2013-03-04,23.744028091430664
2013-03-05,23.817781448364258
2013-03-06,23.99131965637207
2013-03-07,23.956607818603516
2013-03-08,23.72667694091797
2013-03-11,23.65726089477539
2013-03-12,23.20606803894043
2013-03-13,23.796092987060547
2013-03-14,23.72667694091797
2013-03-15,23.765716552734375
2013-03-18,23.496740341186523
2013-03-19,23.353567123413086
2013-03-20,23.787416458129883
2013-03-21,23.253795623779297
2013-03-22,25.82645606994629
2013-03-25,25.8394718170166
2013-03-26,25.800426483154297
2013-03-27,25.357908248901367
2013-03-28,25.600858688354492
2013-04-01,25.275480270385742
2013-04-02,25.55314064025879
2013-04-03,25.557477951049805
2013-04-04,25.744028091430664
2013-04-05,25.58350944519043
2013-04-08,26.008668899536133
2013-04-09,25.98263931274414
2013-04-10,26.15617561340332
2013-04-11,26.55097007751465
2013-04-12,26.2819881439209
2013-04-15,25.887189865112305
2013-04-16,26.24728012084961
2013-04-17,26.420820236206055
2013-04-18,26.10845184326172
2013-04-19,26.429494857788086
2013-04-22,26.62038803100586
2013-04-23,26.75920867919922
2013-04-24,26.694133758544922
2013-04-25,26.92841148376465
2013-04-26,26.850322723388672
2013-04-29,27.171354293823242
2013-04-30,27.592182159423828
2013-05-01,27.488061904907227
2013-05-02,27.4707088470459
2013-05-03,28.00432777404785
2013-05-06,27.74836540222168
2013-05-07,27.726673126220703
2013-05-08,27.722335815429688
2013-05-09,27.652921676635742
2013-05-10,28.095439910888672
2013-05-13,28.047712326049805
2013-05-14,28.594356536865234
2013-05-15,28.559642791748047
2013-05-16,27.95661163330078
2013-05-17,28.338388442993164
2013-05-20,28.34272575378418
2013-05-21,28.29934310913086
2013-05-22,27.96094512939453
2013-05-23,27.47504997253418
2013-05-24,27.24077033996582
2013-05-28,27.453350067138672
2013-05-29,27.3015079498291
2013-05-30,27.166563034057617
2013-05-31,26.840103149414062
2013-06-03,27.436447143554688
2013-06-04,27.327627182006836
2013-06-05,26.8792781829834
2013-06-06,27.057748794555664
2013-06-07,27.314573287963867
2013-06-10,27.440805435180664
2013-06-11,27.05339241027832
2013-06-12,26.731277465820312
2013-06-13,26.88362693786621
2013-06-14,26.94021987915039
2013-06-17,26.961984634399414
2013-06-18,27.05339241027832
2013-06-19,26.8792781829834
2013-06-20,26.457046508789062
2013-06-21,26.365631103515625
2013-06-24,26.095752716064453
2013-06-25,26.28727912902832
2013-06-26,26.92280387878418
2013-06-27,27.12738800048828
2013-06-28,27.719390869140625
2013-07-01,27.13174819946289
2013-07-02,27.25798797607422
2013-07-03,27.362451553344727
2013-07-05,27.70197868347168
2013-07-08,27.736804962158203
2013-07-09,27.828210830688477
2013-07-10,27.684566497802734
2013-07-11,27.736804962158203
2013-07-12,27.715042114257812
2013-07-15,27.575742721557617
2013-07-16,27.292808532714844
2013-07-17,27.56704330444336
2013-07-18,27.562685012817383
2013-07-19,27.575742721557617
2013-07-22,27.549625396728516
2013-07-23,27.50609588623047
2013-07-24,27.262331008911133
2013-07-25,27.20140266418457
2013-07-26,27.21880531311035
2013-07-29,27.29715347290039
2013-07-30,27.358102798461914
2013-07-31,27.388566970825195
2013-08-01,28.716215133666992
2013-08-02,28.85985565185547
2013-08-05,28.90337371826172
2013-08-06,28.964330673217773
2013-08-07,28.56821060180664
2013-08-08,28.751028060913086
2013-08-09,28.864212036132812
2013-08-12,28.951263427734375
2013-08-13,28.646560668945312
2013-08-14,28.011032104492188
2013-08-15,27.636688232421875
2013-08-16,27.706329345703125
2013-08-19,28.167739868164062
2013-08-20,28.132919311523438
2013-08-21,27.91527557373047
2013-08-22,28.233034133911133
2013-08-23,27.950092315673828
2013-08-26,27.823863983154297
2013-08-27,27.340686798095703
2013-08-28,27.58444595336914
2013-08-29,27.724206924438477
2013-08-30,27.43596076965332
2013-09-03,28.077966690063477
2013-09-04,28.4448299407959
2013-09-05,28.554014205932617
2013-09-06,28.37932586669922
2013-09-09,28.562746047973633
2013-09-10,29.18291664123535
2013-09-11,29.51919937133789
2013-09-12,29.73320198059082
2013-09-13,29.65897560119629
2013-09-16,29.781240463256836
2013-09-17,29.838024139404297
2013-09-18,30.344642639160156
2013-09-19,30.35338020324707
2013-09-20,30.29660415649414
2013-09-23,30.126266479492188
2013-09-24,30.322805404663086
2013-09-25,30.10007095336914
2013-09-26,30.720232009887695
2013-09-27,32.16147994995117
2013-09-30,31.724735260009766
2013-10-01,31.62865447998047
2013-10-02,31.397186279296875
2013-10-03,31.287986755371094
2013-10-04,31.506366729736328
2013-10-07,31.15697479248047
2013-10-08,30.694042205810547
2013-10-09,30.960445404052734
2013-10-10,32.074134826660156
2013-10-11,32.08286666870117
2013-10-14,32.34490966796875
2013-10-15,32.192054748535156
2013-10-16,32.545814514160156
2013-10-17,32.55454635620117
2013-10-18,33.16160583496094
2013-10-21,33.231483459472656
2013-10-22,33.17470932006836
2013-10-23,33.000003814697266
2013-10-24,32.97819137573242
2013-10-25,33.0611572265625
2013-10-28,32.97819137573242
2013-10-29,33.15287399291992
2013-10-30,33.24895477294922
2013-10-31,33.08735275268555
2013-11-01,33.218379974365234
2013-11-04,33.35377502441406
2013-11-05,33.716285705566406
2013-11-06,33.52410888671875
2013-11-07,33.0611572265625
2013-11-08,33.68133544921875
2013-11-11,33.698814392089844
2013-11-12,33.5721435546875
2013-11-13,34.00014877319336
2013-11-14,34.345184326171875
2013-11-15,34.59849166870117
2013-11-18,34.318965911865234
2013-11-19,33.982669830322266
2013-11-20,33.995784759521484
2013-11-21,34.1049690246582
2013-11-22,34.445621490478516
2013-11-25,34.55917739868164
2013-11-26,34.764442443847656
2013-11-27,34.64653396606445
2013-11-29,34.56355285644531
2013-12-02,34.54170227050781
2013-12-03,34.55917739868164
2013-12-04,34.42378616333008
2013-12-05,34.480567932128906
2013-12-06,34.87799072265625
2013-12-09,34.843055725097656
2013-12-10,34.59849166870117
2013-12-11,33.55904769897461
2013-12-12,33.396949768066406
2013-12-13,33.4714241027832
2013-12-16,33.48894500732422
2013-12-17,33.629146575927734
2013-12-18,34.413352966308594
2013-12-19,34.28630447387695
2013-12-20,33.88323974609375
2013-12-23,33.78249740600586
2013-12-24,34.02344512939453
2013-12-26,34.25564956665039
2013-12-27,34.242496490478516
2013-12-30,34.496585845947266
2013-12-31,34.452796936035156
2014-01-02,34.27753829956055
2014-01-03,34.18553161621094
2014-01-06,33.92268371582031
2014-01-07,33.94895935058594
2014-01-08,33.773719787597656
2014-01-09,33.773719787597656
2014-01-10,33.69923782348633
2014-01-13,32.936927795410156
2014-01-14,32.93254470825195
2014-01-15,33.04645919799805
2014-01-16,32.76606750488281
2014-01-17,32.15272903442383
2014-01-21,32.31043243408203
2014-01-22,32.2009162902832
2014-01-23,31.86357879638672
2014-01-24,31.390422821044922
2014-01-27,31.499935150146484
2014-01-28,31.854793548583984
2014-01-29,31.442983627319336
2014-01-30,32.393680572509766
2014-01-31,31.916152954101562
2014-02-03,31.05306625366211
2014-02-04,30.890968322753906
2014-02-05,30.930391311645508
2014-02-06,31.329084396362305
2014-02-07,31.846036911010742
2014-02-10,31.837268829345703
2014-02-11,32.41120910644531
2014-02-12,32.46815490722656
2014-02-13,32.801124572753906
2014-02-14,32.888736724853516
2014-02-18,32.9500846862793
2014-02-19,32.779205322265625
2014-02-20,33.1121826171875
2014-02-21,33.50647735595703
2014-02-24,34.102291107177734
2014-02-25,34.22057342529297
2014-02-26,34.356407165527344
2014-02-27,34.286094665527344
2014-02-28,34.40913391113281
2014-03-03,34.00924301147461
2014-03-04,34.54975128173828
2014-03-05,34.02242660522461
2014-03-06,34.37397384643555
2014-03-07,34.918888092041016
2014-03-10,34.70794677734375
2014-03-11,34.62886047363281
2014-03-12,34.70356369018555
2014-03-13,34.51020431518555
2014-03-14,34.41793441772461
2014-03-17,34.70794677734375
2014-03-18,34.99800491333008
2014-03-19,34.78266143798828
2014-03-20,34.83540344238281
2014-03-21,33.05123519897461
2014-03-24,32.89741516113281
2014-03-25,32.36567687988281
2014-03-26,32.17671203613281
2014-03-27,32.22066116333008
2014-03-28,32.31734848022461
2014-03-31,32.45796585083008
2014-04-01,32.69087219238281
2014-04-02,32.75678634643555
2014-04-03,32.51509094238281
2014-04-04,32.00973129272461
2014-04-07,31.126415252685547
2014-04-08,32.044891357421875
2014-04-09,32.326133728027344
2014-04-10,31.838340759277344
2014-04-11,31.310991287231445
2014-04-14,31.807573318481445
2014-04-15,31.763635635375977
2014-04-16,32.123985290527344
2014-04-17,32.53266906738281
2014-04-21,32.47553253173828
2014-04-22,32.67329406738281
2014-04-23,32.563446044921875
2014-04-24,32.251434326171875
2014-04-25,31.94821548461914
2014-04-28,31.495561599731445
2014-04-29,31.851516723632812
2014-04-30,32.058074951171875
2014-05-01,32.044891357421875
2014-05-02,32.07564163208008
2014-05-05,32.20748519897461
2014-05-06,31.75044822692871
2014-05-07,31.71967124938965
2014-05-08,32.10200881958008
2014-05-09,32.27779769897461
2014-05-12,32.79633712768555
2014-05-13,32.77876663208008
2014-05-14,32.33491897583008
2014-05-15,32.053672790527344
2014-05-16,32.49312210083008
2014-05-19,32.73481369018555
2014-05-20,32.19430160522461
2014-05-21,32.611778259277344
2014-05-22,32.906211853027344
2014-05-23,33.33246994018555
2014-05-27,33.66645812988281
2014-05-28,33.51704406738281
2014-05-29,33.67133712768555
2014-05-30,33.904998779296875
2014-06-02,33.821224212646484
2014-06-03,33.305450439453125
2014-06-04,33.56114196777344
2014-06-05,33.44651412963867
2014-06-06,33.605228424072266
2014-06-09,33.79917907714844
2014-06-10,33.6404914855957
2014-06-11,33.12470245361328
2014-06-12,32.96158981323242
2014-06-13,32.89546585083008
2014-06-16,32.864601135253906
2014-06-17,33.10265350341797
2014-06-18,33.59639358520508
2014-06-19,33.34510040283203
2014-06-20,33.10706329345703
2014-06-23,33.26137161254883
2014-06-24,33.05415725708008
2014-06-25,33.71101379394531
2014-06-26,33.88294982910156
2014-06-27,34.24443435668945
2014-06-30,34.18711853027344
2014-07-01,34.385498046875
2014-07-02,34.292938232421875
2014-07-03,34.58386993408203
2014-07-07,34.672035217285156
2014-07-08,34.240020751953125
2014-07-09,34.68968200683594
2014-07-10,34.16508865356445
2014-07-11,34.07250213623047
2014-07-14,34.363460540771484
2014-07-15,34.39872360229492
2014-07-16,33.90937805175781
2014-07-17,33.73747253417969
2014-07-18,34.17390060424805
2014-07-21,33.86531066894531
2014-07-22,33.9622917175293
2014-07-23,34.107765197753906
2014-07-24,34.65001678466797
2014-07-25,34.262062072753906
2014-07-28,34.56184005737305
2014-07-29,34.42959976196289
2014-07-30,35.09525680541992
2014-07-31,34.00196075439453
2014-08-01,33.847679138183594
2014-08-04,34.01521301269531
2014-08-05,33.90937805175781
2014-08-06,34.00638961791992
2014-08-07,33.658103942871094
2014-08-08,33.97111129760742
2014-08-11,33.97111129760742
2014-08-12,33.825645446777344
2014-08-13,34.054866790771484
2014-08-14,34.07692337036133
2014-08-15,34.00196075439453
2014-08-18,34.62795639038086
2014-08-19,34.61033248901367
2014-08-20,34.78665542602539
2014-08-21,34.79988098144531
2014-08-22,34.954185485839844
2014-08-25,35.27158737182617
2014-08-26,35.03794479370117
2014-08-27,35.143741607666016
2014-08-28,34.851905822753906
2014-08-29,34.732521057128906
2014-09-02,35.05531692504883
2014-09-03,34.851905822753906
2014-09-04,35.33830642700195
2014-09-05,36.27569580078125
2014-09-08,36.43487548828125
2014-09-09,36.187255859375
2014-09-10,36.46583557128906
2014-09-11,36.17841339111328
2014-09-12,36.187255859375
2014-09-15,36.085575103759766
2014-09-16,35.90428161621094
2014-09-17,36.04135513305664
2014-09-18,36.244754791259766
2014-09-19,36.174007415771484
2014-09-22,35.687618255615234
2014-09-23,35.4267463684082
2014-09-24,35.74509811401367
2014-09-25,35.26313400268555
2014-09-26,39.57429885864258
2014-09-29,39.406280517578125
2014-09-30,39.4416389465332
2014-10-01,38.77838897705078
2014-10-02,39.48585891723633
2014-10-03,39.923606872558594
2014-10-06,39.45050048828125
2014-10-07,38.941986083984375
2014-10-08,39.27804183959961
2014-10-09,38.5705680847168
2014-10-10,38.552879333496094
2014-10-13,37.75697326660156
2014-10-14,37.624324798583984
2014-10-15,37.664119720458984
2014-10-16,38.48655700683594
2014-10-17,38.548465728759766
2014-10-20,39.30898666381836
2014-10-21,40.078369140625
2014-10-22,39.73347854614258
2014-10-23,39.958984375
2014-10-24,40.193328857421875
2014-10-27,40.520538330078125
2014-10-28,40.87868881225586
2014-10-29,40.6576042175293
2014-10-30,41.12189865112305
2014-10-31,41.10862350463867
2014-11-03,41.32086944580078
2014-11-04,41.54196548461914
2014-11-05,41.86475372314453
2014-11-06,41.82937240600586
2014-11-07,41.466796875
2014-11-10,41.988548278808594
2014-11-11,41.95317840576172
2014-11-12,42.3643913269043
2014-11-13,42.501468658447266
2014-11-14,42.22731399536133
2014-11-17,42.47492218017578
2014-11-18,42.656227111816406
2014-11-19,42.86845397949219
2014-11-20,43.02322769165039
2014-11-21,43.07627868652344
2014-11-24,43.310646057128906
2014-11-25,43.018795013427734
2014-11-26,43.24431228637695
2014-11-28,43.90313720703125
2014-12-01,43.195682525634766
2014-12-02,43.35042953491211
2014-12-03,43.553836822509766
2014-12-04,43.797027587890625
2014-12-05,43.92084503173828
2014-12-08,43.20893859863281
2014-12-09,42.90383529663086
2014-12-10,43.18241500854492
2014-12-11,42.98286056518555
2014-12-12,42.64585494995117
2014-12-15,42.31769561767578
2014-12-16,41.3332633972168
2014-12-17,41.905296325683594
2014-12-18,43.04938507080078
2014-12-19,42.05606460571289
2014-12-22,42.53940963745117
2014-12-23,42.557167053222656
2014-12-24,42.69905471801758
2014-12-26,42.93852233886719
2014-12-29,43.146934509277344
2014-12-30,42.9606819152832
2014-12-31,42.6369743347168
2015-01-02,42.14033126831055
2015-01-05,41.46186065673828
2015-01-06,41.217960357666016
2015-01-07,42.06937789916992
2015-01-08,43.04050827026367
2015-01-09,42.566017150878906
2015-01-12,42.508384704589844
2015-01-13,42.13145065307617
2015-01-14,41.55497360229492
2015-01-15,41.155879974365234
2015-01-16,41.235694885253906
2015-01-20,41.51063919067383
2015-01-21,41.46629333496094
2015-01-22,42.50394058227539
2015-01-23,42.641422271728516
2015-01-26,42.72565460205078
2015-01-27,41.905296325683594
2015-01-28,41.37760543823242
2015-01-29,42.06937789916992
2015-01-30,40.907554626464844
2015-02-02,40.7612190246582
2015-02-03,41.39534378051758
2015-02-04,41.03614044189453
2015-02-05,41.390907287597656
2015-02-06,40.70356750488281
2015-02-09,40.42863845825195
2015-02-10,41.1292839050293
2015-02-11,40.490726470947266
2015-02-12,40.796695709228516
2015-02-13,40.81442642211914
2015-02-17,40.734615325927734
2015-02-18,41.515079498291016
2015-02-19,41.55054473876953
2015-02-20,42.09598159790039
2015-02-23,42.13145065307617
2015-02-24,42.313255310058594
2015-02-25,42.93408966064453
2015-02-26,43.13420867919922
2015-02-27,43.19202423095703
2015-03-02,43.916927337646484
2015-03-03,43.57004165649414
2015-03-04,43.36991500854492
2015-03-05,43.787986755371094
2015-03-06,43.09864044189453
2015-03-09,43.32989501953125
2015-03-10,42.920745849609375
2015-03-11,42.40040969848633
2015-03-12,43.15645217895508
2015-03-13,42.609439849853516
2015-03-16,42.88961410522461
2015-03-17,42.93410110473633
2015-03-18,43.365478515625
2015-03-19,43.7257080078125
2015-03-20,45.35342025756836
2015-03-23,45.12214660644531
2015-03-24,44.76191329956055
2015-03-25,44.02367401123047
2015-03-26,44.17488098144531
2015-03-27,44.419471740722656
2015-03-30,44.868656158447266
2015-03-31,44.619606018066406
2015-04-01,44.27272033691406
2015-04-02,44.32164001464844
2015-04-06,44.35276794433594
2015-04-07,44.29939651489258
2015-04-08,44.84640884399414
2015-04-09,44.793052673339844
2015-04-10,44.459503173828125
2015-04-13,44.148193359375
2015-04-14,44.263824462890625
2015-04-15,44.39724349975586
2015-04-16,44.428375244140625
2015-04-17,43.82798385620117
2015-04-20,44.46841049194336
2015-04-21,44.60181427001953
2015-04-22,44.53955078125
2015-04-23,44.966495513916016
2015-04-24,44.89533233642578
2015-04-27,44.89088439941406
2015-04-28,44.410579681396484
2015-04-29,44.54845428466797
2015-04-30,43.95697021484375
2015-05-01,44.819732666015625
2015-05-04,44.84196853637695
2015-05-05,44.65961456298828
2015-05-06,44.570682525634766
2015-05-07,45.117698669433594
2015-05-08,45.557987213134766
2015-05-11,45.713645935058594
2015-05-12,45.526859283447266
2015-05-13,45.43345642089844
2015-05-14,46.00271224975586
2015-05-15,46.68758773803711
2015-05-18,46.585296630859375
2015-05-19,46.53638458251953
2015-05-20,46.52305221557617
2015-05-21,46.42965316772461
2015-05-22,46.44298553466797
2015-05-26,45.993812561035156
2015-05-27,45.73587417602539
2015-05-28,45.619930267333984
2015-05-29,45.338993072509766
2015-06-01,45.379119873046875
2015-06-02,45.53520202636719
2015-06-03,45.713584899902344
2015-06-04,45.463844299316406
2015-06-05,45.49952697753906
2015-06-08,45.236419677734375
2015-06-09,45.1962776184082
2015-06-10,46.083709716796875
2015-06-11,46.32451629638672
2015-06-12,46.27992630004883
2015-06-15,46.08816909790039
2015-06-16,46.62775802612305
2015-06-17,46.712493896484375
2015-06-18,47.26991653442383
2015-06-19,47.506256103515625
2015-06-22,47.62221908569336
2015-06-23,47.805057525634766
2015-06-24,47.3680305480957
2015-06-25,46.92208480834961
2015-06-26,48.924354553222656
2015-06-29,48.01464080810547
2015-06-30,48.17071533203125
2015-07-01,48.799503326416016
2015-07-02,48.99571990966797
2015-07-06,48.98233413696289
2015-07-07,49.62894821166992
2015-07-08,48.72814178466797
2015-07-09,48.80396270751953
2015-07-10,49.28556442260742
2015-07-13,50.12840270996094
2015-07-14,50.09720230102539
2015-07-15,49.900978088378906
2015-07-16,50.09720230102539
2015-07-17,50.30232238769531
2015-07-20,50.44948196411133
2015-07-21,50.38706970214844
2015-07-22,50.877586364746094
2015-07-23,50.83746337890625
2015-07-24,50.38706970214844
2015-07-27,49.82516860961914
2015-07-28,50.60110092163086
2015-07-29,51.24771499633789
2015-07-30,51.28786849975586
2015-07-31,51.38149642944336
2015-08-03,51.20758819580078
2015-08-04,51.626766204833984
2015-08-05,52.06380844116211
2015-08-06,51.3369140625
2015-08-07,51.06489562988281
2015-08-10,51.44395446777344
2015-08-11,51.04259490966797
2015-08-12,50.41826629638672
2015-08-13,50.65908432006836
2015-08-14,50.997989654541016
2015-08-17,51.274478912353516
2015-08-18,51.203128814697266
2015-08-19,51.26556396484375
2015-08-20,50.07935333251953
2015-08-21,47.65789794921875
2015-08-24,46.32006072998047
2015-08-25,46.16843032836914
2015-08-26,48.500709533691406
2015-08-27,50.2220573425293
2015-08-28,50.16854476928711
2015-08-31,49.834102630615234
2015-09-01,48.4427490234375
2015-09-02,49.365848541259766
2015-09-03,49.55807876586914
2015-09-04,49.03948974609375
2015-09-08,49.9604606628418
2015-09-09,49.115482330322266
2015-09-10,49.347957611083984
2015-09-11,49.99176025390625
2015-09-14,50.02303695678711
2015-09-15,50.89482879638672
2015-09-16,51.67274475097656
2015-09-17,51.53414535522461
2015-09-18,51.43580627441406
2015-09-21,52.110877990722656
2015-09-22,51.847110748291016
2015-09-23,51.60569381713867
2015-09-24,51.31956100463867
2015-09-25,55.88418197631836
2015-09-28,54.60555648803711
2015-09-29,53.501277923583984
2015-09-30,54.976619720458984
2015-10-01,55.36111068725586
2015-10-02,55.97806930541992
2015-10-05,55.55781936645508
2015-10-06,55.074974060058594
2015-10-07,54.587669372558594
2015-10-08,55.84395217895508
2015-10-09,55.85734939575195
2015-10-12,56.52348709106445
2015-10-13,56.24631118774414
2015-10-14,56.25971221923828
2015-10-15,57.578575134277344
2015-10-16,58.32967758178711
2015-10-19,59.554649353027344
2015-10-20,59.179115295410156
2015-10-21,59.22380447387695
2015-10-22,59.19699478149414
2015-10-23,58.35648727416992
2015-10-26,58.73650360107422
2015-10-27,58.48616027832031
2015-10-28,58.69627380371094
2015-10-29,58.620262145996094
2015-10-30,58.580039978027344
2015-11-02,58.65155792236328
2015-11-03,58.74544143676758
2015-11-04,58.280521392822266
2015-11-05,58.95109176635742
2015-11-06,58.91533660888672
2015-11-09,58.334144592285156
2015-11-10,58.119544982910156
2015-11-11,56.96609115600586
2015-11-12,56.32231903076172
2015-11-13,54.48037338256836
2015-11-16,55.195682525634766
2015-11-17,54.80227279663086
2015-11-18,56.2328987121582
2015-11-19,56.2328987121582
2015-11-20,59.30428695678711
2015-11-23,59.21934509277344
2015-11-24,59.24170684814453
2015-11-25,59.965946197509766
2015-11-27,60.055362701416016
2015-11-30,59.138858795166016
2015-12-01,59.59934616088867
2015-12-02,59.30428695678711
2015-12-03,57.72612380981445
2015-12-04,59.16122055053711
2015-12-07,58.97749328613281
2015-12-08,59.02229309082031
2015-12-09,57.740570068359375
2015-12-10,57.65092849731445
2015-12-11,56.597782135009766
2015-12-14,57.30137252807617
2015-12-15,57.63749313354492
2015-12-16,58.67721176147461
2015-12-17,58.35903549194336
2015-12-18,57.597164154052734
2015-12-21,58.17081069946289
2015-12-22,59.08952713012695
2015-12-23,57.682315826416016
2015-12-24,56.629127502441406
2015-12-28,57.193809509277344
2015-12-29,57.597164154052734
2015-12-30,56.6918830871582
2015-12-31,56.0196418762207
2016-01-04,55.14126205444336
2016-01-05,55.91210174560547
2016-01-06,55.11437225341797
2016-01-07,53.64441680908203
2016-01-08,52.76601791381836
2016-01-11,53.375518798828125
2016-01-12,53.7250862121582
2016-01-13,52.68535614013672
2016-01-14,52.443355560302734
2016-01-15,51.59185791015625
2016-01-19,52.2730598449707
2016-01-20,52.918399810791016
2016-01-21,54.28080368041992
2016-01-22,54.56761932373047
2016-01-25,54.40627670288086
2016-01-26,54.773765563964844
2016-01-27,53.40239715576172
2016-01-28,54.85443878173828
2016-01-29,55.58047103881836
2016-02-01,56.61121368408203
2016-02-02,56.064456939697266
2016-02-03,56.01068878173828
2016-02-04,53.93122863769531
2016-02-05,51.24229431152344
2016-02-08,49.333133697509766
2016-02-09,49.90678024291992
2016-02-10,51.45741271972656
2016-02-11,50.193599700927734
2016-02-12,50.57004928588867
2016-02-16,51.79800796508789
2016-02-17,52.13859939575195
2016-02-18,52.52402114868164
2016-02-19,53.1604118347168
2016-02-22,53.93122863769531
2016-02-23,53.96708679199219
2016-02-24,54.13737869262695
2016-02-25,55.91210174560547
2016-02-26,56.10928726196289
2016-02-29,55.20400619506836
2016-03-01,56.39610290527344
2016-03-02,55.76868438720703
2016-03-03,55.238502502441406
2016-03-04,55.049774169921875
2016-03-07,53.2435302734375
2016-03-08,53.74677276611328
2016-03-09,52.41680145263672
2016-03-10,52.91105270385742
2016-03-11,53.98940658569336
2016-03-14,54.64540100097656
2016-03-15,55.17559051513672
2016-03-16,55.58895492553711
2016-03-17,56.77513885498047
2016-03-18,56.604400634765625
2016-03-21,58.15901565551758
2016-03-22,58.32077407836914
2016-03-23,56.11016082763672
2016-03-24,55.400238037109375
2016-03-28,55.121665954589844
2016-03-29,55.2564697265625
2016-03-30,55.75071334838867
2016-03-31,55.238502502441406
2016-04-01,55.34632873535156
2016-04-04,53.89055252075195
2016-04-05,53.6209602355957
2016-04-06,54.19609069824219
2016-04-07,54.18711471557617
2016-04-08,53.39630889892578
2016-04-11,52.04836654663086
2016-04-12,52.614505767822266
2016-04-13,53.54008865356445
2016-04-14,53.4592170715332
2016-04-15,53.46819305419922
2016-04-18,53.531105041503906
2016-04-19,53.52210235595703
2016-04-20,53.57603454589844
2016-04-21,53.98940658569336
2016-04-22,53.40530014038086
2016-04-25,53.20759201049805
2016-04-26,53.50413513183594
2016-04-27,53.261512756347656
2016-04-28,52.60551834106445
2016-04-29,52.9649772644043
2016-05-02,53.54907989501953
2016-05-03,53.486167907714844
2016-05-04,53.11774444580078
2016-05-05,52.291011810302734
2016-05-06,52.506675720214844
2016-05-09,52.767269134521484
2016-05-10,53.1986083984375
2016-05-11,51.230613708496094
2016-05-12,52.111270904541016
2016-05-13,51.50020217895508
2016-05-16,51.3474235534668
2016-05-17,51.311485290527344
2016-05-18,50.43084716796875
2016-05-19,51.257572174072266
2016-05-20,50.75435256958008
2016-05-23,50.31402587890625
2016-05-24,50.85320281982422
2016-05-25,50.31402587890625
2016-05-26,50.17922592163086
2016-05-27,50.49374008178711
2016-05-31,49.6220817565918
2016-06-01,49.36147689819336
2016-06-02,49.145179748535156
2016-06-03,48.171844482421875
2016-06-06,48.937896728515625
2016-06-07,48.261966705322266
2016-06-08,48.775672912597656
2016-06-09,49.51469039916992
2016-06-10,49.66790771484375
2016-06-13,49.48765563964844
2016-06-14,48.775672912597656
2016-06-15,48.94691848754883
2016-06-16,48.18986129760742
2016-06-17,48.406158447265625
2016-06-20,48.991973876953125
2016-06-21,49.36147689819336
2016-06-22,49.181236267089844
2016-06-23,48.775672912597656
2016-06-24,47.396751403808594
2016-06-27,46.7658805847168
2016-06-28,47.84737777709961
2016-06-29,49.68593978881836
2016-06-30,49.749019622802734
2016-07-01,50.118534088134766
2016-07-05,49.749019622802734
2016-07-06,50.28977584838867
2016-07-07,50.39792251586914
2016-07-08,51.118919372558594
2016-07-11,51.21806716918945
2016-07-12,52.32659912109375
2016-07-13,52.26350784301758
2016-07-14,52.714141845703125
2016-07-15,52.155357360839844
2016-07-18,52.038185119628906
2016-07-19,52.05622100830078
2016-07-20,52.05622100830078
2016-07-21,51.362266540527344
2016-07-22,51.127933502197266
2016-07-25,51.497432708740234
2016-07-26,50.80348205566406
2016-07-27,50.28076934814453
2016-07-28,49.97433853149414
2016-07-29,50.01940155029297
2016-08-01,49.93827819824219
2016-08-02,49.49666976928711
2016-08-03,49.343448638916016
2016-08-04,49.37950134277344
2016-08-05,50.3348274230957
2016-08-08,50.45199966430664
2016-08-09,50.262725830078125
2016-08-10,49.68593978881836
2016-08-11,51.127933502197266
2016-08-12,50.87558364868164
2016-08-15,51.16399002075195
2016-08-16,51.263126373291016
2016-08-17,51.245086669921875
2016-08-18,51.5605354309082
2016-08-19,53.083648681640625
2016-08-22,52.86733627319336
2016-08-23,53.732540130615234
2016-08-24,54.27329635620117
2016-08-25,53.390071868896484
2016-08-26,53.17377471923828
2016-08-29,52.84031677246094
2016-08-30,52.272518157958984
2016-08-31,51.94807052612305
2016-09-01,52.906063079833984
2016-09-02,52.43609619140625
2016-09-06,51.88480758666992
2016-09-07,52.164974212646484
2016-09-08,50.764137268066406
2016-09-09,50.00498962402344
2016-09-12,50.61954116821289
2016-09-13,50.041141510009766
2016-09-14,49.824241638183594
2016-09-15,50.13151168823242
2016-09-16,49.869415283203125
2016-09-19,49.661556243896484
2016-09-20,49.589256286621094
2016-09-21,50.0140266418457
2016-09-22,50.07728958129883
2016-09-23,49.842323303222656
2016-09-26,49.164485931396484
2016-09-27,50.0140266418457
2016-09-28,48.125152587890625
2016-09-29,47.140079498291016
2016-09-30,47.58292007446289
2016-10-03,47.600990295410156
2016-10-04,47.12199783325195
2016-10-05,47.10392379760742
2016-10-06,47.022586822509766
2016-10-07,46.80567932128906
2016-10-10,46.80567932128906
2016-10-11,46.83279800415039
2016-10-12,47.393123626708984
2016-10-13,47.022586822509766
2016-10-14,46.65203857421875
2016-10-17,46.11881637573242
2016-10-18,46.29054260253906
2016-10-19,46.81471252441406
2016-10-20,46.896060943603516
2016-10-21,46.7876091003418
2016-10-24,46.87797927856445
2016-10-25,46.136898040771484
2016-10-26,46.968360900878906
2016-10-27,46.896060943603516
2016-10-28,47.013553619384766
2016-10-31,45.35063934326172
2016-11-01,44.844520568847656
2016-11-02,44.93490219116211
2016-11-03,44.943939208984375
2016-11-04,45.151798248291016
2016-11-07,46.010372161865234
2016-11-08,46.16400909423828
2016-11-09,46.20016860961914
2016-11-10,45.540428161621094
2016-11-11,45.883846282958984
2016-11-14,45.37773895263672
2016-11-15,45.30544662475586
2016-11-16,45.8025016784668
2016-11-17,46.62491989135742
2016-11-18,46.18207931518555
2016-11-21,46.344764709472656
2016-11-22,46.73337936401367
2016-11-23,46.398983001708984
2016-11-25,46.56166458129883
2016-11-28,46.10074996948242
2016-11-29,45.75732421875
2016-11-30,45.25122833251953
2016-12-01,45.9405517578125
2016-12-02,45.76822280883789
2016-12-05,47.02897644042969
2016-12-06,45.86799240112305
2016-12-07,47.255733489990234
2016-12-08,46.75687789916992
2016-12-09,46.911067962646484
2016-12-12,46.747806549072266
2016-12-13,47.4371337890625
2016-12-14,46.97455596923828
2016-12-15,46.52104568481445
2016-12-16,46.18545150756836
2016-12-19,46.12196350097656
2016-12-20,46.97455596923828
2016-12-21,47.4371337890625
2016-12-22,47.2920036315918
2016-12-23,47.083404541015625
2016-12-27,46.52104568481445
2016-12-28,46.27615737915039
2016-12-29,46.31242370605469
2016-12-30,46.10380554199219
2017-01-03,47.146888732910156
2017-01-04,48.13554382324219
2017-01-05,48.126461029052734
2017-01-06,48.897438049316406
2017-01-09,48.416725158691406
2017-01-10,48.17182922363281
2017-01-11,47.79087448120117
2017-01-12,47.52783966064453
2017-01-13,47.999488830566406
2017-01-17,48.6616096496582
2017-01-18,48.31694412231445
2017-01-19,48.00856018066406
2017-01-20,48.253456115722656
2017-01-23,48.28972625732422
2017-01-24,48.4802131652832
2017-01-25,48.85208511352539
2017-01-26,48.6616096496582
2017-01-27,48.244380950927734
2017-01-30,48.14461135864258
2017-01-31,47.98134994506836
2017-02-01,48.09019088745117
2017-02-02,47.89065170288086
2017-02-03,47.49156188964844
2017-02-06,47.89065170288086
2017-02-07,47.899715423583984
2017-02-08,48.8702278137207
2017-02-09,50.167266845703125
2017-02-10,50.992652893066406
2017-02-13,50.87474060058594
2017-02-14,51.201271057128906
2017-02-15,51.373592376708984
2017-02-16,51.056148529052734
2017-02-17,51.4733772277832
2017-02-21,52.02664566040039
2017-02-22,52.82483673095703
2017-02-23,52.053871154785156
2017-02-24,52.480167388916016
2017-02-27,52.32596969604492
2017-02-28,51.84524154663086
2017-03-01,52.56180191040039
2017-03-02,52.5890998840332
2017-03-03,51.588260650634766
2017-03-06,51.65195083618164
2017-03-07,51.45177459716797
2017-03-08,51.4154052734375
2017-03-09,51.27891159057617
2017-03-10,51.34260940551758
2017-03-13,51.56096267700195
2017-03-14,52.1159782409668
2017-03-15,52.46170425415039
2017-03-16,52.40711975097656
2017-03-17,52.5890998840332
2017-03-20,53.38975524902344
2017-03-21,52.7801628112793
2017-03-22,49.05889129638672
2017-03-23,50.37816619873047
2017-03-24,51.27891159057617
2017-03-27,50.88767623901367
2017-03-28,51.51546859741211
2017-03-29,51.570064544677734
2017-03-30,50.987770080566406
2017-03-31,50.70570755004883
2017-04-03,50.55105209350586
2017-04-04,50.07792282104492
2017-04-05,50.02332305908203
2017-04-06,50.16889572143555
2017-04-07,50.141605377197266
2017-04-10,49.95054244995117
2017-04-11,49.9687385559082
2017-04-12,50.56013488769531
2017-04-13,50.350860595703125
2017-04-17,51.16973114013672
2017-04-18,51.051456451416016
2017-04-19,50.82400131225586
2017-04-20,51.315303802490234
2017-04-21,50.81489562988281
2017-04-24,50.46915817260742
2017-04-25,50.450958251953125
2017-04-26,50.187095642089844
2017-04-27,50.46915817260742
2017-04-28,50.41455841064453
2017-05-01,50.03242874145508
2017-05-02,50.105194091796875
2017-05-03,49.6138916015625
2017-05-04,49.5593147277832
2017-05-05,49.0861930847168
2017-05-08,49.404632568359375
2017-05-09,49.941429138183594
2017-05-10,49.641197204589844
2017-05-11,49.35004806518555
2017-05-12,49.31364440917969
2017-05-15,48.92241287231445
2017-05-16,48.02165603637695
2017-05-17,47.13002014160156
2017-05-18,47.02083969116211
2017-05-19,47.10271072387695
2017-05-22,46.92075729370117
2017-05-23,47.493961334228516
2017-05-24,47.32108688354492
2017-05-25,47.630435943603516
2017-05-26,47.84879684448242
2017-05-30,48.149044036865234
2017-05-31,48.21271896362305
2017-06-01,47.747127532958984
2017-06-02,48.367942810058594
2017-06-05,48.395328521728516
2017-06-06,47.91145706176758
2017-06-07,48.59617233276367
2017-06-08,48.56877899169922
2017-06-09,48.8061408996582
2017-06-12,49.326534271240234
2017-06-13,49.5821533203125
2017-06-14,49.90168762207031
2017-06-15,48.29489517211914
2017-06-16,46.651588439941406
2017-06-19,47.49150848388672
2017-06-20,47.07155990600586
2017-06-21,48.01188278198242
2017-06-22,47.83842468261719
2017-06-23,48.24924850463867
2017-06-26,48.641815185546875
2017-06-27,48.340545654296875
2017-06-28,48.714847564697266
2017-06-29,48.54138946533203
2017-06-30,53.86387252807617
2017-07-03,53.54435348510742
2017-07-05,52.549224853515625
2017-07-06,52.18406295776367
2017-07-07,52.93267059326172
2017-07-10,53.61737823486328
2017-07-11,53.115264892578125
2017-07-12,53.15177536010742
2017-07-13,52.896148681640625
2017-07-14,52.950927734375
2017-07-17,52.75920867919922
2017-07-18,52.63139724731445
2017-07-19,52.7409553527832
2017-07-20,53.95516586303711
2017-07-21,54.73117446899414
2017-07-24,53.81822967529297
2017-07-25,54.21991729736328
2017-07-26,53.279598236083984
2017-07-27,53.08786392211914
2017-07-28,53.56259536743164
2017-07-31,53.90951919555664
2017-08-01,54.630760192871094
2017-08-02,54.58509826660156
2017-08-03,54.90462875366211
2017-08-04,54.557716369628906
2017-08-07,54.58509826660156
2017-08-08,54.283836364746094
2017-08-09,54.68553924560547
2017-08-10,53.92778015136719
2017-08-11,53.83648681640625
2017-08-14,54.575965881347656
2017-08-15,53.462181091308594
2017-08-16,53.44392013549805
2017-08-17,52.45793914794922
2017-08-18,50.166439056396484
2017-08-21,48.94309616088867
2017-08-22,49.41781997680664
2017-08-23,48.94309616088867
2017-08-24,49.15306854248047
2017-08-25,49.20785140991211
2017-08-28,49.05265426635742
2017-08-29,48.13969802856445
2017-08-30,47.984493255615234
2017-08-31,48.37841033935547
2017-09-01,48.88225555419922
2017-09-05,48.56163024902344
2017-09-06,48.332603454589844
2017-09-07,47.99363708496094
2017-09-08,47.819602966308594
2017-09-11,48.57994079589844
2017-09-12,48.91890335083008
2017-09-13,49.02882385253906
2017-09-14,49.22121047973633
2017-09-15,49.34946823120117
2017-09-18,49.01051712036133
2017-09-19,48.854774475097656
2017-09-20,49.06547927856445
2017-09-21,48.72651672363281
2017-09-22,48.772315979003906
2017-09-25,48.76316833496094
2017-09-26,49.1937370300293
2017-09-27,48.250152587890625
2017-09-28,48.21352005004883
2017-09-29,47.49897003173828
2017-10-02,47.51728820800781
2017-10-03,47.15086364746094
2017-10-04,47.70967102050781
2017-10-05,47.801273345947266
2017-10-06,48.02113723754883
2017-10-09,47.19667434692383
2017-10-10,47.20581817626953
2017-10-11,46.747779846191406
2017-10-12,46.564571380615234
2017-10-13,46.70197677612305
2017-10-16,47.05926513671875
2017-10-17,47.636383056640625
2017-10-18,47.91120529174805
2017-10-19,48.26847457885742
2017-10-20,48.60744094848633
2017-10-23,49.15707015991211
2017-10-24,48.93722152709961
2017-10-25,50.329673767089844
2017-10-26,52.04274368286133
2017-10-27,51.26408386230469
2017-10-30,50.63197708129883
2017-10-31,50.37546920776367
2017-11-01,50.448760986328125
2017-11-02,50.494564056396484
2017-11-03,51.035057067871094
2017-11-06,51.33736801147461
2017-11-07,50.52205276489258
2017-11-08,51.080867767333984
2017-11-09,51.41981506347656
2017-11-10,51.3831672668457
2017-11-13,51.21828079223633
2017-11-14,51.282405853271484
2017-11-15,51.87786102294922
2017-11-16,52.42750549316406
2017-11-17,54.22303009033203
2017-11-20,54.277992248535156
2017-11-21,54.4062385559082
2017-11-22,54.11309814453125
2017-11-24,54.342124938964844
2017-11-27,54.626094818115234
2017-11-28,54.58030319213867
2017-11-29,55.29484558105469
2017-11-30,55.34981155395508
2017-12-01,55.03730773925781
2017-12-04,55.23952102661133
2017-12-05,55.53363800048828
2017-12-06,54.8902473449707
2017-12-07,55.699073791503906
2017-12-08,56.342464447021484
2017-12-11,56.90312957763672
2017-12-12,57.14210891723633
2017-12-13,59.099857330322266
2017-12-14,59.311248779296875
2017-12-15,59.550235748291016
2017-12-18,59.568603515625
2017-12-19,59.04469299316406
2017-12-20,58.447269439697266
2017-12-21,59.531829833984375
2017-12-22,58.17153549194336
2017-12-26,58.502418518066406
2017-12-27,57.8590202331543
2017-12-28,57.8590202331543
2017-12-29,57.491371154785156
2018-01-02,58.3553581237793
2018-01-03,58.34616470336914
2018-01-04,58.30940246582031
2018-01-05,58.80572509765625
2018-01-08,59.32963180541992
2018-01-09,58.90682601928711
2018-01-10,59.02631759643555
2018-01-11,59.09065628051758
2018-01-12,59.43992233276367
2018-01-16,58.291011810302734
2018-01-17,58.649478912353516
2018-01-18,58.92520523071289
2018-01-19,61.77451705932617
2018-01-22,61.02081298828125
2018-01-23,61.710174560546875
2018-01-24,62.500640869140625
2018-01-25,62.23407745361328
2018-01-26,62.537391662597656
2018-01-29,62.11457443237305
2018-01-30,61.88479995727539
2018-01-31,62.70283508300781
2018-02-01,62.17892074584961
2018-02-02,61.783687591552734
2018-02-05,59.18257141113281
2018-02-06,59.94544219970703
2018-02-07,60.32229232788086
2018-02-08,57.43622970581055
2018-02-09,60.19361877441406
2018-02-12,60.64398193359375
2018-02-13,60.542884826660156
2018-02-14,62.46385192871094
2018-02-15,62.76717758178711
2018-02-16,62.7763786315918
2018-02-20,62.03184509277344
2018-02-21,61.62746810913086
2018-02-22,61.70098114013672
2018-02-23,62.64768981933594
2018-02-26,64.0171890258789
2018-02-27,62.528194427490234
2018-02-28,61.60905838012695
2018-03-01,60.95648193359375
2018-03-02,60.74445724487305
2018-03-05,59.97005081176758
2018-03-06,60.145206451416016
2018-03-07,59.15876770019531
2018-03-08,60.02536392211914
2018-03-09,61.12242889404297
2018-03-12,61.60181427001953
2018-03-13,61.00258255004883
2018-03-14,61.030242919921875
2018-03-15,61.20539474487305
2018-03-16,60.76287841796875
2018-03-19,60.57851028442383
2018-03-20,61.58338165283203
2018-03-21,61.168514251708984
2018-03-22,59.38923263549805
2018-03-23,59.582847595214844
2018-03-26,60.7536735534668
2018-03-27,61.00258255004883
2018-03-28,60.32959747314453
2018-03-29,61.25149917602539
2018-04-02,59.1126708984375
2018-04-03,61.49119186401367
2018-04-04,63.076873779296875
2018-04-05,64.155517578125
2018-04-06,62.274818420410156
2018-04-09,61.93370056152344
2018-04-10,61.76777267456055
2018-04-11,61.611045837402344
2018-04-12,62.47764205932617
2018-04-13,61.998226165771484
2018-04-16,61.823062896728516
2018-04-17,62.23795700073242
2018-04-18,61.030242919921875
2018-04-19,60.596946716308594
2018-04-20,60.92882537841797
2018-04-23,61.657135009765625
2018-04-24,61.74010467529297
2018-04-25,61.46352767944336
2018-04-26,62.73577880859375
2018-04-27,64.12785339355469
2018-04-30,63.04923629760742
2018-05-01,62.78188705444336
2018-05-02,62.92937088012695
2018-05-03,61.67556381225586
2018-05-04,62.78188705444336
2018-05-07,63.92501449584961
2018-05-08,63.1137580871582
2018-05-09,62.64356994628906
2018-05-10,62.61593246459961
2018-05-11,63.08609390258789
2018-05-14,63.46405029296875
2018-05-15,64.0725326538086
2018-05-16,65.76883697509766
2018-05-17,65.40009307861328
2018-05-18,65.75041198730469
2018-05-21,65.80570983886719
2018-05-22,65.74118041992188
2018-05-23,65.76883697509766
2018-05-24,66.5432357788086
2018-05-25,66.60777282714844
2018-05-29,65.38162994384766
2018-05-30,66.58934020996094
2018-05-31,66.19292449951172
2018-06-01,67.26531219482422
2018-06-04,68.25450134277344
2018-06-05,68.45792388916016
2018-06-06,69.10501098632812
2018-06-07,69.1142807006836
2018-06-08,69.24372100830078
2018-06-11,68.95711517333984
2018-06-12,68.6797866821289
2018-06-13,68.51337432861328
2018-06-14,69.05880737304688
2018-06-15,70.11270904541016
2018-06-18,69.90007781982422
2018-06-19,68.65203094482422
2018-06-20,69.07730865478516
2018-06-21,68.356201171875
2018-06-22,67.88473510742188
2018-06-25,66.88628387451172
2018-06-26,67.08042907714844
2018-06-27,65.96179962158203
2018-06-28,66.28536224365234
2018-06-29,73.66270446777344
2018-07-02,72.43316650390625
2018-07-03,70.51950073242188
2018-07-05,70.76908874511719
2018-07-06,70.70437622070312
2018-07-09,71.44396209716797
2018-07-10,71.7120590209961
2018-07-11,71.51792907714844
2018-07-12,71.52716827392578
2018-07-13,71.53641510009766
2018-07-16,71.87846374511719
2018-07-17,71.61962890625
2018-07-18,70.80607604980469
2018-07-19,71.13890075683594
2018-07-20,71.14814758300781
2018-07-23,70.80607604980469
2018-07-24,69.82612609863281
2018-07-25,71.33303833007812
2018-07-26,72.248291015625
2018-07-27,71.08342742919922
2018-07-30,70.22366333007812
2018-07-31,71.10191345214844
2018-08-01,71.68434143066406
2018-08-02,72.71053314208984
2018-08-03,72.79371643066406
2018-08-06,73.50556945800781
2018-08-07,74.44854736328125
2018-08-08,74.42079162597656
2018-08-09,75.12342834472656
2018-08-10,74.6334457397461
2018-08-13,74.09724426269531
2018-08-14,74.08800506591797
2018-08-15,73.56103515625
2018-08-16,74.00479888916016
2018-08-17,73.72744750976562
2018-08-20,75.97393035888672
2018-08-21,76.6857681274414
2018-08-22,76.39921569824219
2018-08-23,76.6488265991211
2018-08-24,76.22354888916016
2018-08-27,76.40843200683594
2018-08-28,76.34373474121094
2018-08-29,76.53787231445312
2018-08-30,75.25283813476562
2018-08-31,76.17960357666016
2018-09-04,73.7700424194336
2018-09-05,74.06658935546875
2018-09-06,74.51142883300781
2018-09-07,74.41874694824219
2018-09-10,76.08692932128906
2018-09-11,76.57810974121094
2018-09-12,76.92100524902344
2018-09-13,77.35659790039062
2018-09-14,77.37511444091797
2018-09-17,77.16197204589844
2018-09-18,79.01549530029297
2018-09-19,78.24626922607422
2018-09-20,79.11741638183594
2018-09-21,79.28424835205078
2018-09-24,78.09798431396484
2018-09-25,78.57987976074219
2018-09-26,77.5697250366211
2018-09-27,78.34822082519531
2018-09-28,78.51502227783203
2018-10-01,78.2740707397461
2018-10-02,76.70784759521484
2018-10-03,76.45762634277344
2018-10-04,74.30756378173828
2018-10-05,74.251953125
2018-10-08,74.3538818359375
2018-10-09,74.52994537353516
2018-10-10,69.45132446289062
2018-10-11,69.05280303955078
2018-10-12,70.35028076171875
2018-10-15,69.4976577758789
2018-10-16,71.80530548095703
2018-10-17,70.87854766845703
2018-10-18,70.06298828125
2018-10-19,68.77479553222656
2018-10-22,69.41426086425781
2018-10-23,67.97776794433594
2018-10-24,66.83788299560547
2018-10-25,67.74610137939453
2018-10-26,66.79154968261719
2018-10-29,66.90275573730469
2018-10-30,69.05280303955078
2018-10-31,69.54402160644531
2018-11-01,71.16584014892578
2018-11-02,70.97122955322266
2018-11-05,71.85163879394531
2018-11-06,70.96196746826172
2018-11-07,72.25938415527344
2018-11-08,72.08331298828125
2018-11-09,70.76734161376953
2018-11-12,69.59961700439453
2018-11-13,69.6922836303711
2018-11-14,69.6922836303711
2018-11-15,68.8860092163086
2018-11-16,69.2659683227539
2018-11-19,67.20855712890625
2018-11-20,65.91111755371094
2018-11-21,67.069580078125
2018-11-23,66.2540054321289
2018-11-26,67.38465118408203
2018-11-27,66.81005859375
2018-11-28,69.19184875488281
2018-11-29,68.89527130126953
2018-11-30,69.82479095458984
2018-12-03,72.44599914550781
2018-12-04,70.44754791259766
2018-12-06,70.21519470214844
2018-12-07,68.17025756835938
2018-12-10,67.39877319335938
2018-12-11,68.3840560913086
2018-12-12,69.08116912841797
2018-12-13,67.78917694091797
2018-12-14,67.4173583984375
2018-12-17,64.9727554321289
2018-12-18,66.13462829589844
2018-12-19,64.1082992553711
2018-12-20,62.769798278808594
2018-12-21,67.2686538696289
2018-12-24,63.29963302612305
2018-12-26,67.86351013183594
2018-12-27,68.47699737548828
2018-12-28,68.17025756835938
2018-12-31,68.91386413574219
2019-01-02,68.8395004272461
2019-01-03,67.62185668945312
2019-01-04,69.38790130615234
2019-01-07,70.38249969482422
2019-01-08,71.32130432128906
2019-01-09,71.19116973876953
2019-01-10,71.03314208984375
2019-01-11,70.679931640625
2019-01-14,70.7264175415039
2019-01-15,72.39024353027344
2019-01-16,72.20433807373047
2019-01-17,73.55211639404297
2019-01-18,74.77908325195312
2019-01-22,75.05792236328125
2019-01-23,74.82554626464844
2019-01-24,74.76978302001953
2019-01-25,74.92779541015625
2019-01-28,74.65821838378906
2019-01-29,74.5652847290039
2019-01-30,75.5505599975586
2019-01-31,76.10824584960938
2019-02-01,75.76434326171875
2019-02-04,76.21051788330078
2019-02-05,77.01918029785156
2019-02-06,76.87977600097656
2019-02-07,76.58232116699219
2019-02-08,76.55445098876953
2019-02-11,77.78141021728516
2019-02-12,78.73877716064453
2019-02-13,79.38015747070312
2019-02-14,78.71089935302734
2019-02-15,79.361572265625
2019-02-19,78.60865020751953
2019-02-20,78.85962677001953
2019-02-21,78.03236389160156
2019-02-22,78.78526306152344
2019-02-25,79.16637420654297
2019-02-26,79.751953125
2019-02-27,80.09586334228516
2019-02-28,79.68689727783203
2019-03-01,81.22452545166016
2019-03-04,79.80803680419922
2019-03-05,79.62163543701172
2019-03-06,79.33275604248047
2019-03-07,79.45391082763672
2019-03-08,79.02523040771484
2019-03-11,79.97578430175781
2019-03-12,79.61235046386719
2019-03-13,80.07827758789062
2019-03-14,80.95428466796875
2019-03-15,80.8890609741211
2019-03-18,81.83958435058594
2019-03-19,81.71842193603516
2019-03-20,80.7865219116211
2019-03-21,82.01663970947266
2019-03-22,76.59297943115234
2019-03-25,76.72344970703125
2019-03-26,77.70193481445312
2019-03-27,77.43168640136719
2019-03-28,78.3169937133789
2019-03-29,78.47541046142578
2019-04-01,79.42595672607422
2019-04-02,78.62452697753906
2019-04-03,78.71771240234375
2019-04-04,79.4725570678711
2019-04-05,79.5843734741211
2019-04-08,78.95999145507812
2019-04-09,78.5406494140625
2019-04-10,79.09979248046875
2019-04-11,79.21162414550781
2019-04-12,80.3671646118164
2019-04-15,80.91700744628906
2019-04-16,81.82093048095703
2019-04-17,82.6876220703125
2019-04-18,83.12560272216797
2019-04-22,81.41091918945312
2019-04-23,81.47611999511719
2019-04-24,82.37076568603516
2019-04-25,81.59727478027344
2019-04-26,82.29620361328125
2019-04-29,82.24960327148438
2019-04-30,81.84890747070312
2019-05-01,80.05033874511719
2019-05-02,79.46321105957031
2019-05-03,79.86395263671875
2019-05-06,77.87899780273438
2019-05-07,76.91914367675781
2019-05-08,77.13347625732422
2019-05-09,77.32918548583984
2019-05-10,78.2331314086914
2019-05-13,76.90982055664062
2019-05-14,77.97218322753906
2019-05-15,78.28903198242188
2019-05-16,78.5406494140625
2019-05-17,78.81089782714844
2019-05-20,77.20803833007812
2019-05-21,77.94422149658203
2019-05-22,77.53417205810547
2019-05-23,77.01232147216797
2019-05-24,76.56503295898438
2019-05-28,75.67037200927734
2019-05-29,73.49906158447266
2019-05-30,73.86250305175781
2019-05-31,72.08695220947266
2019-06-03,72.8532485961914
2019-06-04,76.27349853515625
2019-06-05,77.30143737792969
2019-06-06,77.04912567138672
2019-06-07,77.94625091552734
2019-06-10,77.1706314086914
2019-06-11,77.80606842041016
2019-06-12,77.21733856201172
2019-06-13,78.13313293457031
2019-06-14,77.97429656982422
2019-06-17,76.73141479492188
2019-06-18,78.77794647216797
2019-06-19,78.07707214355469
2019-06-20,79.65638732910156
2019-06-21,80.13297271728516
2019-06-24,78.96484375
2019-06-25,77.20800018310547
2019-06-26,77.14257049560547
2019-06-27,78.17987060546875
2019-06-28,78.45088958740234
2019-07-01,79.81525421142578
2019-07-02,79.39473724365234
2019-07-03,80.55347442626953
2019-07-05,81.13288879394531
2019-07-08,82.68414306640625
2019-07-09,82.27295684814453
2019-07-10,81.71227264404297
2019-07-11,82.50657653808594
2019-07-12,83.28221893310547
2019-07-15,83.61863708496094
2019-07-16,82.7962875366211
2019-07-17,81.7683334350586
2019-07-18,81.71227264404297
2019-07-19,80.88057708740234
2019-07-22,80.33856201171875
2019-07-23,81.0207290649414
2019-07-24,81.0207290649414
2019-07-25,81.562744140625
2019-07-26,81.80571746826172
2019-07-29,81.8804702758789
2019-07-30,81.48796844482422
2019-07-31,80.3946304321289
2019-08-01,77.67526245117188
2019-08-02,75.824951171875
2019-08-05,73.79708099365234
2019-08-06,75.97445678710938
2019-08-07,75.95577239990234
2019-08-08,77.56310272216797
2019-08-09,76.60992431640625
2019-08-12,76.30155181884766
2019-08-13,77.86214447021484
2019-08-14,75.72216033935547
2019-08-15,74.30171966552734
2019-08-16,75.02127838134766
2019-08-19,75.81560516357422
2019-08-20,75.25492095947266
2019-08-21,77.32012176513672
2019-08-22,77.85279083251953
2019-08-23,75.1707992553711
2019-08-26,76.86224365234375
2019-08-27,76.6566390991211
2019-08-28,78.01168060302734
2019-08-29,79.78719329833984
2019-08-30,79.1688461303711
2019-09-03,79.3281021118164
2019-09-04,80.90213012695312
2019-09-05,82.84152221679688
2019-09-06,83.09449005126953
2019-09-09,83.07574462890625
2019-09-10,81.35184478759766
2019-09-11,81.27688598632812
2019-09-12,82.13883972167969
2019-09-13,81.81092834472656
2019-09-16,81.76407623291016
2019-09-17,82.06391143798828
2019-09-18,82.52298736572266
2019-09-19,82.16695404052734
2019-09-20,81.21131134033203
2019-09-23,82.15758514404297
2019-09-24,81.67975616455078
2019-09-25,85.08074188232422
2019-09-26,86.35492706298828
2019-09-27,86.48609161376953
2019-09-30,87.9945297241211
2019-10-01,86.45796966552734
2019-10-02,85.71782684326172
2019-10-03,86.40177917480469
2019-10-04,87.19815063476562
2019-10-07,87.2918472290039
2019-10-08,85.96142578125
2019-10-09,86.682861328125
2019-10-10,87.13256072998047
2019-10-11,87.95704650878906
2019-10-14,88.89396667480469
2019-10-15,88.80963897705078
2019-10-16,88.89396667480469
2019-10-17,89.53108215332031
2019-10-18,90.03700256347656
2019-10-21,90.14942169189453
2019-10-22,89.56852722167969
2019-10-23,86.4954833984375
2019-10-24,85.72720336914062
2019-10-25,85.18380737304688
2019-10-28,85.11822509765625
2019-10-29,83.64727020263672
2019-10-30,84.49984741210938
2019-10-31,83.90025329589844
2019-11-01,83.55357360839844
2019-11-04,84.19068145751953
2019-11-05,84.20941162109375
2019-11-06,83.83464813232422
2019-11-07,84.69662475585938
2019-11-08,84.14384460449219
2019-11-11,84.36869049072266
2019-11-12,83.8533935546875
2019-11-13,85.53044891357422
2019-11-14,85.51171112060547
2019-11-15,87.1700668334961
2019-11-18,88.23811340332031
2019-11-19,87.70409393310547
2019-11-20,87.17941284179688
2019-11-21,86.34556579589844
2019-11-22,87.45111083984375
2019-11-25,87.03888702392578
2019-11-26,87.44173431396484
2019-11-27,88.20066833496094
2019-11-29,87.82020568847656
2019-12-02,87.88595581054688
2019-12-03,86.85265350341797
2019-12-04,88.03627014160156
2019-12-05,89.98072814941406
2019-12-06,91.1173324584961
2019-12-09,90.7697982788086
2019-12-10,91.12672424316406
2019-12-11,91.28643035888672
2019-12-12,91.79367065429688
2019-12-13,91.84063720703125
2019-12-16,92.81758117675781
2019-12-17,93.60663604736328
2019-12-18,94.47083282470703
2019-12-19,95.01566314697266
2019-12-20,93.8978271484375
2019-12-23,93.97298431396484
2019-12-24,94.06692504882812
2019-12-26,94.60233306884766
2019-12-27,95.41019439697266
2019-12-30,94.68688201904297
2019-12-31,95.16595458984375
2020-01-02,96.00198364257812
2020-01-03,95.73896026611328
2020-01-06,95.6544189453125
2020-01-07,95.60745239257812
2020-01-08,95.39141082763672
2020-01-09,95.32564544677734
2020-01-10,94.78081512451172
2020-01-13,95.96440887451172
2020-01-14,96.6783218383789
2020-01-15,96.55619049072266
2020-01-16,97.10104370117188
2020-01-17,98.19068908691406
2020-01-21,98.23763275146484
2020-01-22,98.15310668945312
2020-01-23,96.7722396850586
2020-01-24,95.84228515625
2020-01-27,94.16084289550781
2020-01-28,94.32054901123047
2020-01-29,93.78510284423828
2020-01-30,92.23517608642578
2020-01-31,90.45979309082031
2020-02-03,93.24968719482422
2020-02-04,95.2317123413086
2020-02-05,94.4426498413086
2020-02-06,94.18901824951172
2020-02-07,93.40936279296875
2020-02-10,93.95418548583984
2020-02-11,93.95418548583984
2020-02-12,96.75348663330078
2020-02-13,97.10104370117188
2020-02-14,97.26073455810547
2020-02-18,95.8141098022461
2020-02-19,96.24620056152344
2020-02-20,96.31198120117188
2020-02-21,94.17024230957031
2020-02-24,90.09346008300781
2020-02-25,87.2659912109375
2020-02-26,86.42057037353516
2020-02-27,83.17981719970703
2020-02-28,84.1924057006836
2020-03-02,87.3008804321289
2020-03-03,85.6524429321289
2020-03-04,88.34645080566406
2020-03-05,85.32276153564453
2020-03-06,83.23161315917969
2020-03-09,79.228271484375
2020-03-10,83.17508697509766
2020-03-11,79.12466430664062
2020-03-12,69.89344787597656
2020-03-13,71.1933364868164
2020-03-16,62.91352081298828
2020-03-17,65.78651428222656
2020-03-18,64.09097290039062
2020-03-19,66.25748443603516
2020-03-20,63.53520202636719
2020-03-23,59.155094146728516
2020-03-24,68.1319808959961
2020-03-25,74.42427825927734
2020-03-26,79.40725708007812
2020-03-27,78.39934539794922
2020-03-30,80.424560546875
2020-03-31,77.9377670288086
2020-04-01,74.63152313232422
2020-04-02,75.48868560791016
2020-04-03,74.28299713134766
2020-04-06,79.71807861328125
2020-04-07,79.275390625
2020-04-08,80.34919738769531
2020-04-09,81.75272369384766
2020-04-13,79.55795288085938
2020-04-14,82.39325714111328
2020-04-15,80.10430908203125
2020-04-16,81.29116821289062
2020-04-17,84.69166564941406
2020-04-20,82.79830169677734
2020-04-21,80.25502014160156
2020-04-22,83.61778259277344
2020-04-23,82.28022766113281
2020-04-24,83.24103546142578
2020-04-27,84.18299865722656
2020-04-28,83.64605712890625
2020-04-29,82.95843505859375
2020-04-30,82.12010192871094
2020-05-01,80.57527923583984
2020-05-04,80.77310180664062
2020-05-05,82.13892364501953
2020-05-06,83.30695343017578
2020-05-07,83.42000579833984
2020-05-08,85.20973205566406
2020-05-11,85.6524429321289
2020-05-12,83.13740539550781
2020-05-13,81.02742767333984
2020-05-14,81.52667236328125
2020-05-15,81.94113159179688
2020-05-18,85.75606536865234
2020-05-19,86.19878387451172
2020-05-20,87.55520629882812
2020-05-21,88.78917694091797
2020-05-22,88.30876922607422
2020-05-26,91.01220703125
2020-05-27,94.0735855102539
2020-05-28,92.74539947509766
2020-05-29,93.09009552001953
2020-06-01,93.99662780761719
2020-06-02,95.1297607421875
2020-06-03,98.31212615966797
2020-06-04,95.63971710205078
2020-06-05,96.9900894165039
2020-06-08,98.48209381103516
2020-06-09,96.91453552246094
2020-06-10,96.43293762207031
2020-06-11,89.86997985839844
2020-06-12,91.05980682373047
2020-06-15,92.39130401611328
2020-06-16,93.52446746826172
2020-06-17,93.68498992919922
2020-06-18,92.96732330322266
2020-06-19,90.44599914550781
2020-06-22,93.96830749511719
2020-06-23,96.24407196044922
2020-06-24,94.50653839111328
2020-06-25,95.7530288696289
2020-06-26,88.45352172851562
2020-06-29,90.53099822998047
2020-06-30,92.58960723876953
2020-07-01,91.97578430175781
2020-07-02,92.94841766357422
2020-07-06,94.38377380371094
2020-07-07,91.66416931152344
2020-07-08,93.33557891845703
2020-07-09,91.58860778808594
2020-07-10,92.53292846679688
2020-07-13,91.08812713623047
2020-07-14,91.3714370727539
2020-07-15,93.05230712890625
2020-07-16,91.84356689453125
2020-07-17,90.91818237304688
2020-07-20,90.32327270507812
2020-07-21,92.88231658935547
2020-07-22,93.40169525146484
2020-07-23,92.82566833496094
2020-07-24,92.94841766357422
2020-07-27,91.7963638305664
2020-07-28,90.90872192382812
2020-07-29,91.56973266601562
2020-07-30,91.42809295654297
2020-07-31,92.17410278320312
2020-08-03,92.85400390625
2020-08-04,91.9096908569336
2020-08-05,95.31865692138672
2020-08-06,94.8559341430664
2020-08-07,96.18742370605469
2020-08-10,99.53971099853516
2020-08-11,99.265869140625
2020-08-12,99.36029815673828
2020-08-13,100.5879135131836
2020-08-14,100.50292205810547
2020-08-17,99.77580261230469
2020-08-18,101.0128402709961
2020-08-19,102.35376739501953
2020-08-20,101.99492645263672
2020-08-21,103.63800811767578
2020-08-24,105.60221099853516
2020-08-25,105.30001831054688
2020-08-26,105.31890106201172
2020-08-27,104.66731262207031
2020-08-28,106.2714614868164
2020-08-31,105.8929214477539
2020-09-01,108.68478393554688
2020-09-02,110.53974914550781
2020-09-03,106.80146026611328
2020-09-04,106.3755874633789
2020-09-08,106.67842102050781
2020-09-09,108.74156951904297
2020-09-10,108.6374740600586
2020-09-11,111.6754150390625
2020-09-14,112.8868179321289
2020-09-15,112.8773422241211
2020-09-16,112.23379516601562
2020-09-17,110.12332153320312
2020-09-18,108.51445007324219
2020-09-21,107.29357147216797
2020-09-22,110.60599517822266
2020-09-23,120.29714965820312
2020-09-24,118.06363677978516
2020-09-25,117.57150268554688
2020-09-28,117.65668487548828
2020-09-29,119.577880859375
2020-09-30,118.81128692626953
2020-10-01,119.85234832763672
2020-10-02,119.85234832763672
2020-10-05,121.05428314208984
2020-10-06,120.80819702148438
2020-10-07,123.08905029296875
2020-10-08,122.7577896118164
2020-10-09,123.95970916748047
2020-10-12,122.52119445800781
2020-10-13,122.27513122558594
2020-10-14,120.81766510009766
2020-10-15,122.08586120605469
2020-10-16,121.13945007324219
2020-10-19,120.59999084472656
2020-10-20,121.60320281982422
2020-10-21,122.49280548095703
2020-10-22,123.05118560791016
2020-10-23,123.02279663085938
2020-10-26,121.48960876464844
2020-10-27,121.12996673583984
2020-10-28,115.53675079345703
2020-10-29,116.27493286132812
2020-10-30,113.64395141601562
2020-11-02,115.83012390136719
2020-11-03,117.9122085571289
2020-11-04,120.51482391357422
2020-11-05,122.74832153320312
2020-11-06,121.99119567871094
2020-11-09,122.03852844238281
2020-11-10,120.8649673461914
2020-11-11,120.81766510009766
2020-11-12,119.85234832763672
2020-11-13,121.4044418334961
2020-11-16,123.13636016845703
2020-11-17,125.12379455566406
2020-11-18,124.57488250732422
2020-11-19,124.8398666381836
2020-11-20,125.8525161743164
2020-11-23,126.9408950805664
2020-11-24,127.48030853271484
2020-11-25,128.27528381347656
2020-11-27,127.05445098876953
2020-11-30,127.48030853271484
2020-12-01,128.18067932128906
2020-12-02,128.3131561279297
2020-12-03,129.61923217773438
2020-12-04,130.0980987548828
2020-12-07,131.57745361328125
2020-12-08,131.92832946777344
2020-12-09,131.61538696289062
2020-12-10,130.46795654296875
2020-12-11,130.3067169189453
2020-12-14,129.2351837158203
2020-12-15,132.18435668945312
2020-12-16,131.18861389160156
2020-12-17,133.2369842529297
2020-12-18,130.18345642089844
2020-12-21,136.57504272460938
2020-12-22,135.0861358642578
2020-12-23,134.43186950683594
2020-12-24,134.28012084960938
2020-12-28,135.06723022460938
2020-12-29,134.25169372558594
2020-12-30,134.26116943359375
2020-12-31,134.1568603515625
2021-01-04,132.8577117919922
2021-01-05,133.9292449951172
2021-01-06,134.99134826660156
2021-01-07,137.45692443847656
2021-01-08,138.78457641601562
2021-01-11,139.44842529296875
2021-01-12,137.5518035888672
2021-01-13,135.64566040039062
2021-01-14,133.99563598632812
2021-01-15,133.4456024169922
2021-01-19,132.0706024169922
2021-01-20,135.41807556152344
2021-01-21,134.28965759277344
2021-01-22,132.1464385986328
2021-01-25,130.43951416015625
2021-01-26,128.11618041992188
2021-01-27,124.2470474243164
2021-01-28,127.7557601928711
2021-01-29,126.68418884277344
2021-02-01,128.69459533691406
2021-02-02,132.3740234375
2021-02-03,131.46365356445312
2021-02-04,133.36029052734375
2021-02-05,137.6086883544922
2021-02-08,135.99656677246094
2021-02-09,134.46029663085938
2021-02-10,135.09568786621094
2021-02-11,136.1198272705078
2021-02-12,134.77322387695312
2021-02-16,134.38442993164062
2021-02-17,136.5465850830078
2021-02-18,137.5897216796875
2021-02-19,134.67840576171875
2021-02-22,129.60498046875
2021-02-23,129.0928955078125
2021-02-24,128.63771057128906
2021-02-25,128.5333709716797
2021-02-26,128.072509765625
2021-03-01,130.79971313476562
2021-03-02,130.2010498046875
2021-03-03,127.57842254638672
2021-03-04,125.46887969970703
2021-03-05,126.71370697021484
2021-03-08,127.86346435546875
2021-03-09,129.18429565429688
2021-03-10,130.74269104003906
2021-03-11,134.16354370117188
2021-03-12,133.46035766601562
2021-03-15,137.72694396972656
2021-03-16,137.4513397216797
2021-03-17,137.61288452148438
2021-03-18,136.04498291015625
2021-03-19,130.647705078125
2021-03-22,131.38885498046875
2021-03-23,130.2960662841797
2021-03-24,126.53316497802734
2021-03-25,122.23809814453125
2021-03-26,126.37162780761719
2021-03-29,126.84674835205078
2021-03-30,126.33360290527344
2021-03-31,126.276611328125
2021-04-01,125.93450164794922
2021-04-05,128.39561462402344
2021-04-06,130.33409118652344
2021-04-07,129.7449493408203
2021-04-08,127.02728271484375
2021-04-09,128.70919799804688
2021-04-12,129.8399658203125
2021-04-13,126.89423370361328
2021-04-14,125.67794799804688
2021-04-15,127.01777648925781
2021-04-16,127.62590789794922
2021-04-19,125.97252655029297
2021-04-20,120.78424072265625
2021-04-21,123.43537139892578
2021-04-22,122.75120544433594
2021-04-23,123.71094512939453
2021-04-26,125.05078125
2021-04-27,125.53541564941406
2021-04-28,124.20508575439453
2021-04-29,126.62818145751953
2021-04-30,126.02003479003906
2021-05-03,126.40961456298828
2021-05-04,125.00331115722656
2021-05-05,125.63043975830078
2021-05-06,126.84674835205078
2021-05-07,130.9517364501953
2021-05-10,129.61190795898438
2021-05-11,130.2960662841797
2021-05-12,126.7517318725586
2021-05-13,126.96078491210938
2021-05-14,129.16531372070312
2021-05-17,129.62142944335938
2021-05-18,128.813720703125
2021-05-19,126.3431167602539
2021-05-20,126.63768768310547
2021-05-21,126.05804443359375
2021-05-24,127.38832092285156
2021-05-25,127.63544464111328
2021-05-26,130.07754516601562
2021-05-27,129.76393127441406
2021-05-28,129.93060302734375
2021-06-01,128.07388305664062
2021-06-02,127.75015258789062
2021-06-03,127.75015258789062
2021-06-04,127.3407211303711
2021-06-07,127.54066467285156
2021-06-08,126.9693832397461
2021-06-09,125.53163146972656
2021-06-10,124.71276092529297
2021-06-11,125.62686157226562
2021-06-14,125.07462310791016
2021-06-15,124.0558090209961
2021-06-16,124.1605453491211
2021-06-17,122.75135040283203
2021-06-18,122.2657699584961
2021-06-21,123.8558578491211
2021-06-22,126.14102172851562
2021-06-23,126.73133087158203
2021-06-24,127.2073974609375
2021-06-25,146.96456909179688
2021-06-28,145.06979370117188
2021-06-29,148.48800659179688
2021-06-30,147.0978546142578
2021-07-01,150.43991088867188
2021-07-02,152.0966796875
2021-07-06,152.44895935058594
2021-07-07,152.49658203125
2021-07-08,152.94407653808594
2021-07-09,153.29637145996094
2021-07-12,154.0771484375
2021-07-13,153.858154296875
2021-07-14,153.810546875
2021-07-15,153.953369140625
2021-07-16,152.20138549804688
2021-07-19,150.3161163330078
2021-07-20,152.0966796875
2021-07-21,153.37252807617188
2021-07-22,155.84814453125
2021-07-23,158.39990234375
2021-07-26,157.190673828125
2021-07-27,156.69557189941406
2021-07-28,157.54299926757812
2021-07-29,158.99977111816406
2021-07-30,159.494873046875
2021-08-02,160.67555236816406
2021-08-03,163.03688049316406
2021-08-04,163.68435668945312
2021-08-05,165.53152465820312
2021-08-06,164.53176879882812
2021-08-09,163.55104064941406
2021-08-10,164.02711486816406
2021-08-11,163.07498168945312
2021-08-12,162.47511291503906
2021-08-13,163.47486877441406
2021-08-16,164.1128387451172
2021-08-17,162.49415588378906
2021-08-18,160.73268127441406
2021-08-19,157.66673278808594
2021-08-20,159.76145935058594
2021-08-23,161.59915161132812
2021-08-24,161.84669494628906
2021-08-25,161.71339416503906
2021-08-26,158.93312072753906
2021-08-27,159.82481384277344
2021-08-30,160.25401306152344
2021-08-31,157.11627197265625
2021-09-01,156.94461059570312
2021-09-02,156.0957794189453
2021-09-03,155.73336791992188
2021-09-07,155.11343383789062
2021-09-08,153.2727813720703
2021-09-09,155.78103637695312
2021-09-10,156.0194854736328
2021-09-13,152.1378631591797
2021-09-14,151.41299438476562
2021-09-15,150.60232543945312
2021-09-16,150.3066864013672
2021-09-17,149.18128967285156
2021-09-20,147.11170959472656
2021-09-21,147.8460693359375
2021-09-22,150.15408325195312
2021-09-23,152.19505310058594
2021-09-24,142.66737365722656
2021-09-27,141.18910217285156
2021-09-28,138.57591247558594
2021-09-29,139.26255798339844
2021-09-30,138.50912475585938
2021-10-01,140.2544403076172
2021-10-04,140.33074951171875
2021-10-05,142.54339599609375
2021-10-06,141.91392517089844
2021-10-07,144.82278442382812
2021-10-08,145.4236297607422
2021-10-11,143.3253936767578
2021-10-12,146.25338745117188
2021-10-13,149.0668487548828
2021-10-14,149.8679656982422
2021-10-15,150.69769287109375
2021-10-18,152.05197143554688
2021-10-19,150.51651000976562
2021-10-20,151.11734008789062
2021-10-21,154.67474365234375
2021-10-22,155.91456604003906
2021-10-25,156.62034606933594
2021-10-26,156.21018981933594
2021-10-27,154.8368682861328
2021-10-28,156.8492431640625
2021-10-29,159.54823303222656
2021-11-01,158.63267517089844
2021-11-02,160.06326293945312
2021-11-03,164.51715087890625
2021-11-04,167.3210906982422
2021-11-05,169.29530334472656
2021-11-08,163.8972625732422
2021-11-09,165.7760772705078
2021-11-10,160.4733428955078
2021-11-11,159.24305725097656
2021-11-12,161.2649688720703
2021-11-15,161.0360565185547
2021-11-16,163.87815856933594
2021-11-17,163.79232788085938
2021-11-18,163.42037963867188
2021-11-19,166.78700256347656
2021-11-22,166.1766357421875
2021-11-23,164.18333435058594
2021-11-24,164.0688934326172
2021-11-26,160.24447631835938
2021-11-29,162.0088653564453
2021-11-30,161.40798950195312
2021-12-01,158.98556518554688
2021-12-02,162.13282775878906
2021-12-03,162.653564453125
2021-12-06,161.38282775878906
2021-12-07,163.65675354003906
2021-12-08,162.66311645507812
2021-12-09,160.60891723632812
2021-12-10,161.52610778808594
2021-12-13,159.4050750732422
2021-12-14,158.0292205810547
2021-12-15,156.5960693359375
2021-12-16,155.4686737060547
2021-12-17,154.16928100585938
2021-12-20,149.98446655273438
2021-12-21,159.20443725585938
2021-12-22,158.0674591064453
2021-12-23,158.28721618652344
2021-12-27,160.11207580566406
2021-12-28,159.0037841796875
2021-12-29,161.2586212158203
2021-12-30,160.026123046875
2021-12-31,159.24261474609375
2022-01-03,157.3317413330078
2022-01-04,158.97515869140625
2022-01-05,155.01963806152344
2022-01-06,153.86354064941406
2022-01-07,149.9748992919922
2022-01-10,143.7359161376953
2022-01-11,143.60214233398438
2022-01-12,145.42703247070312
2022-01-13,142.92379760742188
2022-01-14,141.57659912109375
2022-01-18,140.40142822265625
2022-01-19,138.64340209960938
2022-01-20,136.36947631835938
2022-01-21,136.57969665527344
2022-01-24,139.4937744140625
2022-01-25,138.99693298339844
2022-01-26,137.5733642578125
2022-01-27,138.1944122314453
2022-01-28,139.4077911376953
2022-01-31,141.4715118408203
2022-02-01,141.61480712890625
2022-02-02,142.08299255371094
2022-02-03,138.8345184326172
2022-02-04,138.91098022460938
2022-02-07,138.67208862304688
2022-02-08,137.13381958007812
2022-02-09,139.74217224121094
2022-02-10,138.36634826660156
2022-02-11,133.93310546875
2022-02-14,135.2802734375
2022-02-15,139.09246826171875
2022-02-16,139.9619140625
2022-02-17,136.43638610839844
2022-02-18,136.57969665527344
2022-02-22,132.0317840576172
2022-02-23,130.732421875
2022-02-24,131.0572509765625
2022-02-25,132.6146240234375
2022-02-28,130.46490478515625
2022-03-01,126.32783508300781
2022-03-02,129.6336669921875
2022-03-03,127.99983978271484
2022-03-04,125.62015533447266
2022-03-07,119.16585540771484
2022-03-08,116.07273864746094
2022-03-09,121.56946563720703
2022-03-10,120.6884536743164
2022-03-11,117.43256378173828
2022-03-14,112.58700561523438
2022-03-15,114.33946990966797
2022-03-16,119.88406372070312
2022-03-17,122.00996398925781
2022-03-18,125.67765045166016
2022-03-21,124.67213439941406
2022-03-22,127.44924926757812
2022-03-23,127.36302947998047
2022-03-24,126.48206329345703
2022-03-25,128.0333709716797
2022-03-28,129.09632873535156
2022-03-29,133.24282836914062
2022-03-30,132.66824340820312
2022-03-31,128.85690307617188
2022-04-01,127.86099243164062
2022-04-04,128.646240234375
2022-04-05,126.69271087646484
2022-04-06,122.91970825195312
2022-04-07,123.89647674560547
2022-04-08,122.71859741210938
2022-04-11,119.68297576904297
2022-04-12,119.74041748046875
2022-04-13,122.08657836914062
2022-04-14,127.80355072021484
2022-04-18,126.05110168457031
2022-04-19,131.24139404296875
2022-04-20,130.1114044189453
2022-04-21,129.7187957763672
2022-04-22,123.5996322631836
2022-04-25,122.51752471923828
2022-04-26,115.41200256347656
2022-04-27,116.10147857666016
2022-04-28,121.66522979736328
2022-04-29,119.41483306884766
2022-05-02,120.73633575439453
2022-05-03,117.65280151367188
2022-05-04,120.71717834472656
2022-05-05,113.60208892822266
2022-05-06,109.63755798339844
2022-05-09,106.49658203125
2022-05-10,104.84947967529297
2022-05-11,103.34601593017578
2022-05-12,103.32686614990234
2022-05-13,108.22028350830078
2022-05-16,107.8276596069336
2022-05-17,110.98780059814453
2022-05-18,104.73457336425781
2022-05-19,101.9287338256836
2022-05-20,103.42263793945312
2022-05-23,104.02591705322266
2022-05-24,102.74272918701172
2022-05-25,103.6141586303711
2022-05-26,108.15325927734375
2022-05-27,111.07398986816406
2022-05-31,113.81277465820312
2022-06-01,113.64996337890625
2022-06-02,118.17950439453125
2022-06-03,116.11073303222656
2022-06-06,115.4195327758789
2022-06-07,116.80192565917969
2022-06-08,117.50271606445312
2022-06-09,113.85474395751953
2022-06-10,110.13960266113281
2022-06-13,106.02123260498047
2022-06-14,106.2900390625
2022-06-15,108.90120697021484
2022-06-16,102.83407592773438
2022-06-17,103.04527282714844
2022-06-21,104.33165740966797
2022-06-22,100.72209930419922
2022-06-23,103.67887115478516
2022-06-24,108.39241790771484
2022-06-27,106.07884216308594
2022-06-28,98.667724609375
2022-06-29,99.118896484375
2022-06-30,98.1109390258789
2022-07-01,97.13172912597656
2022-07-05,100.14610290527344
2022-07-06,100.05970764160156
2022-07-07,103.80367279052734
2022-07-08,103.61166381835938
2022-07-11,100.90449523925781
2022-07-12,99.60851287841797
2022-07-13,100.90449523925781
2022-07-14,99.09011840820312
2022-07-15,100.5108871459961
2022-07-18,99.78131103515625
2022-07-19,104.82127380371094
2022-07-20,106.6644287109375
2022-07-21,107.15404510498047
2022-07-22,104.75404357910156
2022-07-25,104.90765380859375
2022-07-26,100.99089050292969
2022-07-27,103.54447174072266
2022-07-28,107.73963165283203
2022-07-29,110.32199096679688
2022-08-01,109.72679138183594
2022-08-02,107.29801940917969
2022-08-03,109.70759582519531
2022-08-04,109.89958953857422
2022-08-05,109.31400299072266
2022-08-08,109.43879699707031
2022-08-09,105.70445251464844
2022-08-10,108.61321258544922
2022-08-11,109.53479766845703
2022-08-12,111.42597198486328
2022-08-15,111.66596984863281
2022-08-16,113.33635711669922
2022-08-17,112.35717010498047
2022-08-18,111.36839294433594
2022-08-19,108.6324234008789
2022-08-22,105.92523956298828
2022-08-23,106.25164031982422
2022-08-24,106.95243072509766
2022-08-25,108.69001007080078
2022-08-26,103.9476547241211
2022-08-29,103.56366729736328
2022-08-30,103.54447174072266
2022-08-31,102.19086456298828
2022-09-01,102.22928619384766
2022-09-02,101.80084228515625
2022-09-06,101.23283386230469
2022-09-07,104.43877410888672
2022-09-08,104.67948150634766
2022-09-09,106.8360366821289
2022-09-12,108.1935043334961
2022-09-13,101.78160095214844
2022-09-14,103.01392364501953
2022-09-15,101.5698013305664
2022-09-16,100.2412109375
2022-09-19,103.21610260009766
2022-09-20,98.60453033447266
2022-09-21,96.072509765625
2022-09-22,94.87871551513672
2022-09-23,93.40569305419922
2022-09-26,92.4814682006836
2022-09-27,92.7029037475586
2022-09-28,95.02311706542969
2022-09-29,91.77867126464844
2022-09-30,80.0235366821289
2022-10-03,82.21858978271484
2022-10-04,85.337890625
2022-10-05,87.70623016357422
2022-10-06,86.8108901977539
2022-10-07,83.91301727294922
2022-10-10,83.46052551269531
2022-10-11,84.71209716796875
2022-10-12,85.21273040771484
2022-10-13,86.2236099243164
2022-10-14,84.28849029541016
2022-10-17,86.61833953857422
2022-10-18,86.33914947509766
2022-10-19,85.27050018310547
2022-10-20,83.5953140258789
2022-10-21,85.20308685302734
2022-10-24,84.73136138916016
2022-10-25,88.30314636230469
2022-10-26,88.94815826416016
2022-10-27,87.16710662841797
2022-10-28,90.33455657958984
2022-10-31,89.22738647460938
2022-11-01,90.27677917480469
2022-11-02,86.9360580444336
2022-11-03,87.03231811523438
2022-11-04,92.2215347290039
2022-11-07,89.95906829833984
2022-11-08,90.25752258300781
2022-11-09,88.66898345947266
2022-11-10,95.78368377685547
2022-11-11,102.1378173828125
2022-11-14,100.50115203857422
2022-11-15,102.73472595214844
2022-11-16,101.30986785888672
2022-11-17,101.43501281738281
2022-11-18,101.49276733398438
2022-11-21,99.9620132446289
2022-11-22,102.02230072021484
2022-11-23,102.67695617675781
2022-11-25,102.01264953613281
2022-11-28,101.04991912841797
2022-11-29,102.2918472290039
2022-11-30,105.60371398925781
2022-12-01,106.97081756591797
2022-12-02,108.35176086425781
2022-12-05,105.8602523803711
2022-12-06,104.22821807861328
2022-12-07,104.614501953125
2022-12-08,107.54058074951172
2022-12-09,105.6671142578125
2022-12-12,108.22623443603516
2022-12-13,108.97947692871094
2022-12-14,107.62747955322266
2022-12-15,104.78832244873047
2022-12-16,102.31611633300781
2022-12-19,99.51558685302734
2022-12-20,99.67009735107422
2022-12-21,111.80897521972656
2022-12-22,112.70708465576172
2022-12-23,112.26285552978516
2022-12-27,113.5279312133789
2022-12-28,111.03642272949219
2022-12-29,113.32513427734375
2022-12-30,112.99679565429688
2023-01-03,114.67711639404297
2023-01-04,117.05274200439453
2023-01-05,116.48297119140625
2023-01-06,120.25887298583984
2023-01-09,120.5678939819336
2023-01-10,121.52394104003906
2023-01-11,123.55191802978516
2023-01-12,123.50362396240234
2023-01-13,124.43070220947266
2023-01-17,123.74505615234375
2023-01-18,122.09369659423828
2023-01-19,120.25887298583984
2023-01-20,122.2771987915039
2023-01-23,123.88990783691406
2023-01-24,122.47998809814453
2023-01-25,122.47032928466797
2023-01-26,123.1559829711914
2023-01-27,123.1559829711914
2023-01-30,122.03575897216797
2023-01-31,122.96283721923828
2023-02-01,125.05839538574219
2023-02-02,124.63349151611328
2023-02-03,123.23323059082031
2023-02-06,121.417724609375
2023-02-07,121.03143310546875
2023-02-08,118.6944351196289
2023-02-09,117.98946380615234
2023-02-10,118.03776550292969
2023-02-13,120.85760498046875
2023-02-14,121.87159729003906
2023-02-15,123.10769653320312
2023-02-16,120.11402130126953
2023-02-17,120.55824279785156
2023-02-21,116.9465103149414
2023-02-22,115.78767395019531
2023-02-23,115.84561157226562
2023-02-24,113.99147033691406
2023-02-27,114.46464538574219
2023-02-28,114.71575164794922
2023-03-01,114.51294708251953
2023-03-02,115.4786376953125
2023-03-03,117.12500762939453
2023-03-06,116.37930297851562
2023-03-07,115.81759643554688
2023-03-08,116.07908630371094
2023-03-09,114.15185546875
2023-03-10,113.78384399414062
2023-03-13,113.1737289428711
2023-03-14,115.24620819091797
2023-03-15,114.44239044189453
2023-03-16,116.84416961669922
2023-03-17,116.59236907958984
2023-03-20,117.3768081665039
2023-03-21,121.64771270751953
2023-03-22,115.73043823242188
2023-03-23,117.1540756225586
2023-03-24,116.90226745605469
2023-03-27,114.09375
2023-03-28,114.15185546875
2023-03-29,116.689208984375
2023-03-30,116.31151580810547
2023-03-31,118.77140045166016
2023-04-03,117.83197784423828
2023-04-04,119.78826904296875
2023-04-05,117.08627319335938
2023-04-06,116.427734375
2023-04-10,118.06442260742188
2023-04-11,119.41056823730469
2023-04-12,119.75921630859375
2023-04-13,122.44184112548828
2023-04-14,121.97698211669922
2023-04-17,122.20940399169922
2023-04-18,122.22877502441406
2023-04-19,121.70581817626953
2023-04-20,120.52429962158203
2023-04-21,121.57022857666016
2023-04-24,123.08101654052734
2023-04-25,120.72767639160156
2023-04-26,119.93353271484375
2023-04-27,121.73485565185547
2023-04-28,122.72269439697266
2023-05-01,123.88483428955078
2023-05-02,123.24565887451172
2023-05-03,122.74205017089844
2023-05-04,119.7688980102539
2023-05-05,122.59678649902344
2023-05-08,122.87763977050781
2023-05-09,121.15379333496094
2023-05-10,119.61395263671875
2023-05-11,118.36463928222656
2023-05-12,116.41803741455078
2023-05-15,116.05004119873047
2023-05-16,112.80570983886719
2023-05-17,113.28993225097656
2023-05-18,115.12031555175781
2023-05-19,111.13996124267578
2023-05-22,106.7044448852539
2023-05-23,105.34859466552734
2023-05-24,104.8740463256836
2023-05-25,104.08960723876953
2023-05-26,104.1186752319336
2023-05-30,103.15989685058594
2023-05-31,101.93963623046875
2023-06-01,100.36103820800781
2023-06-02,104.72372436523438
2023-06-05,102.21688079833984
2023-06-06,103.17881774902344
2023-06-07,104.05328369140625
2023-06-08,103.18853759765625
2023-06-09,102.85816192626953
2023-06-12,103.8006591796875
2023-06-13,103.75208282470703
2023-06-14,109.65968322753906
2023-06-15,109.2224349975586
2023-06-16,110.36897277832031
2023-06-20,106.43382263183594
2023-06-21,106.8613510131836
2023-06-22,107.32772827148438
2023-06-23,106.41438293457031
2023-06-26,108.57144165039062
2023-06-27,110.38841247558594
2023-06-28,109.8248519897461
2023-06-29,110.15521240234375
2023-06-30,107.24028015136719
2023-07-03,106.01602172851562
2023-07-05,104.0630111694336
2023-07-06,102.1197280883789
2023-07-07,101.49786376953125
2023-07-10,102.78044128417969
2023-07-11,104.34477996826172
2023-07-12,104.70429229736328
2023-07-13,104.78202056884766
2023-07-14,104.88890075683594
2023-07-17,105.62735748291016
2023-07-18,106.60871124267578
2023-07-19,106.76417541503906
2023-07-20,104.4808120727539
2023-07-21,105.9674301147461
2023-07-24,105.6856460571289
2023-07-25,105.22898864746094
2023-07-26,106.20063018798828
2023-07-27,104.6168441772461
2023-07-28,105.53990936279297
2023-07-31,107.25971221923828
2023-08-01,106.29779815673828
2023-08-02,104.46137237548828
2023-08-03,105.55934143066406
2023-08-04,105.72451782226562
2023-08-07,107.34716796875
2023-08-08,106.5795669555664
2023-08-09,106.5795669555664
2023-08-10,105.93827819824219
2023-08-11,105.0249252319336
2023-08-14,104.58769989013672
2023-08-15,103.52861022949219
2023-08-16,103.50917053222656
2023-08-17,102.07113647460938
2023-08-18,101.83794403076172
2023-08-21,99.94324493408203
2023-08-22,98.58293914794922
2023-08-23,95.94978332519531
2023-08-24,94.86153411865234
2023-08-25,96.03722381591797
2023-08-28,96.8048324584961
2023-08-29,98.88414001464844
2023-08-30,99.20478820800781
2023-08-31,98.82585144042969
2023-09-01,99.79100799560547
2023-09-05,97.80221557617188
2023-09-06,97.66573333740234
2023-09-07,95.4721908569336
2023-09-08,95.21871185302734
2023-09-11,94.36080169677734
2023-09-12,93.88311004638672
2023-09-13,93.71736145019531
2023-09-14,94.75076293945312
2023-09-15,93.84410858154297
2023-09-18,93.11293029785156
2023-09-19,92.2452621459961
2023-09-20,91.67982482910156
2023-09-21,89.29131317138672
2023-09-22,88.56988525390625
2023-09-25,88.32615661621094
2023-09-26,87.90695190429688
2023-09-27,87.1757583618164
2023-09-28,87.38050079345703
2023-09-29,93.22017669677734
2023-10-02,92.18677520751953
2023-10-03,92.70346069335938
2023-10-04,93.48338317871094
2023-10-05,93.38589477539062
2023-10-06,94.67276763916016
2023-10-09,94.44853973388672
2023-10-10,95.16998291015625
2023-10-11,96.17411804199219
2023-10-12,96.75906372070312
2023-10-13,97.40250396728516
2023-10-16,99.47903442382812
2023-10-17,100.4247055053711
2023-10-18,101.16561889648438
2023-10-19,100.46369171142578
2023-10-20,100.09323120117188
2023-10-23,100.22969818115234
2023-10-24,102.54022979736328
2023-10-25,100.9413833618164
2023-10-26,97.5097427368164
2023-10-27,95.52094268798828
2023-10-30,99.24506378173828
2023-10-31,100.19071197509766
2023-11-01,98.34815216064453
2023-11-02,102.44274139404297
2023-11-03,104.37303924560547
2023-11-06,104.55828857421875
2023-11-07,106.61532592773438
2023-11-08,106.64457702636719
2023-11-09,104.31455993652344
2023-11-10,103.44689178466797
2023-11-13,101.58482360839844
2023-11-14,103.0959243774414
2023-11-15,105.11397552490234
2023-11-16,104.90925598144531
2023-11-17,103.3006591796875
2023-11-20,103.65161895751953
2023-11-21,103.87586212158203
2023-11-22,105.21145629882812
2023-11-24,104.93848419189453
2023-11-27,105.2504653930664
2023-11-28,106.02063751220703
2023-11-29,107.5999755859375
2023-11-30,107.50248718261719
2023-12-01,111.00438690185547
2023-12-04,112.63794708251953
2023-12-05,112.89228820800781
2023-12-06,113.57701110839844
2023-12-07,112.30536651611328
2023-12-08,113.38138580322266
2023-12-11,116.02246856689453
2023-12-12,117.02999877929688
2023-12-13,118.52662658691406
2023-12-14,118.37989807128906
2023-12-15,118.89834594726562
2023-12-18,118.49726867675781
2023-12-19,119.96456146240234
2023-12-20,118.78095245361328
2023-12-21,119.8569564819336
2023-12-22,105.68306732177734
2023-12-26,105.66349029541016
2023-12-27,104.79290008544922
2023-12-28,106.44605255126953
2023-12-29,106.20149993896484
2024-01-02,104.22557067871094
2024-01-03,101.77033233642578
2024-01-04,100.06829071044922
2024-01-05,99.85308074951172
2024-01-08,101.35948944091797
2024-01-09,100.49868774414062
2024-01-10,101.50621032714844
2024-01-11,103.5897445678711
2024-01-12,102.76805877685547
2024-01-16,99.50094604492188
2024-01-17,98.62057495117188
2024-01-18,98.73795318603516
2024-01-19,99.55963134765625
2024-01-22,98.3662338256836
2024-01-23,99.67700958251953
2024-01-24,98.56187438964844
2024-01-25,98.57164764404297
2024-01-26,100.50846862792969
2024-01-29,101.61380767822266
2024-01-30,101.90726470947266
2024-01-31,99.31507873535156
2024-02-01,99.54006958007812
2024-02-02,98.51296997070312
2024-02-05,97.50543212890625
2024-02-06,100.37151336669922
2024-02-07,101.5257797241211
2024-02-08,101.50621032714844
2024-02-09,102.22029876708984
2024-02-12,104.84182739257812
2024-02-13,102.7093734741211
2024-02-14,104.01036834716797
2024-02-15,103.7364730834961
2024-02-16,101.25188446044922
2024-02-20,101.04646301269531
2024-02-21,102.9734878540039
2024-02-22,102.78763580322266
2024-02-23,103.32563781738281
2024-02-26,102.2594223022461
2024-02-27,102.8561019897461
2024-02-28,102.07355499267578
2024-02-29,101.6627197265625
2024-03-01,100.01349639892578
2024-03-04,97.71637725830078
2024-03-05,96.50889587402344
2024-03-06,95.84135437011719
2024-03-07,96.39110565185547
2024-03-08,97.34333801269531
2024-03-11,99.22815704345703
2024-03-12,98.34464263916016
2024-03-13,99.50302124023438
2024-03-14,98.42317199707031
2024-03-15,97.81453704833984
2024-03-18,96.93102264404297
2024-03-19,98.12867736816406
2024-03-20,98.43299102783203
2024-03-21,98.9729232788086
2024-03-22,92.14043426513672
2024-03-25,92.0324478149414
2024-03-26,90.8838882446289
2024-03-27,92.40547943115234
2024-03-28,92.25823211669922
2024-04-01,90.86425018310547
2024-04-02,89.28374481201172
2024-04-03,88.67510223388672
2024-04-04,87.43818664550781
2024-04-05,87.21240234375
2024-04-08,88.35114288330078
2024-04-09,89.33282470703125
2024-04-10,87.36947631835938
2024-04-11,90.31449890136719
2024-04-12,90.31449890136719
2024-04-15,91.39435577392578
2024-04-16,91.67904663085938
2024-04-17,93.10247039794922
2024-04-18,93.9859848022461
2024-04-19,92.79815673828125
2024-04-22,92.46438598632812
2024-04-23,92.29749298095703
2024-04-24,92.90614318847656
2024-04-25,92.21896362304688
2024-04-26,92.39566802978516
2024-04-29,92.3367691040039
2024-04-30,90.56974792480469
2024-05-01,88.68492126464844
2024-05-02,90.71700286865234
2024-05-03,90.46175384521484
2024-05-06,91.64958953857422
2024-05-07,92.0618896484375
2024-05-08,91.87537384033203
2024-05-09,91.67904663085938
2024-05-10,89.27393341064453
2024-05-13,91.02132415771484
2024-05-14,91.09003448486328
2024-05-15,89.99054718017578
2024-05-16,90.08871459960938
2024-05-17,90.49120330810547
2024-05-20,90.08871459960938
2024-05-21,91.1194839477539
2024-05-22,90.80535125732422
2024-05-23,89.72549438476562
2024-05-24,90.06908416748047
2024-05-28,90.31449890136719
2024-05-29,89.99054718017578
2024-05-30,91.7379379272461
2024-05-31,93.30863189697266
2024-06-03,93.03268432617188
2024-06-04,93.36775207519531
2024-06-05,92.95384216308594
2024-06-06,94.33356475830078
2024-06-07,95.15154266357422
2024-06-10,94.60950469970703
2024-06-11,94.48139190673828
2024-06-12,92.32311248779297
2024-06-13,92.81586456298828
2024-06-14,92.03731536865234
2024-06-17,93.62399291992188
2024-06-18,93.40717315673828
2024-06-20,94.18573760986328
2024-06-21,95.77241516113281
2024-06-24,95.76256561279297
2024-06-25,93.37760925292969
2024-06-26,92.69760131835938
2024-06-27,92.82572174072266
2024-06-28,74.2783203125
2024-07-01,75.71717834472656
2024-07-02,74.9386215209961
2024-07-03,74.15019226074219
2024-07-05,74.33745574951172
2024-07-08,71.99192810058594
2024-07-09,71.41046142578125
2024-07-10,71.48931121826172
2024-07-11,72.32699584960938
2024-07-12,72.35655975341797
2024-07-15,70.2771224975586
2024-07-16,71.7553939819336
2024-07-17,72.01162719726562
2024-07-18,71.33162689208984
2024-07-19,71.6469955444336
2024-07-22,73.77570343017578
2024-07-23,72.33685302734375
2024-07-24,70.06031036376953
2024-07-25,70.37567138671875
2024-07-26,71.50901794433594
2024-07-29,72.48468017578125
2024-07-30,73.2435302734375
2024-07-31,73.77570343017578
2024-08-01,72.78033447265625
2024-08-02,72.93801879882812
2024-08-05,70.38553619384766
2024-08-06,71.44989013671875
2024-08-07,71.56815338134766
2024-08-08,73.11540222167969
2024-08-09,73.26323699951172
2024-08-12,73.55889129638672
2024-08-13,77.36298370361328
2024-08-14,77.3826904296875
2024-08-15,81.30504608154297
2024-08-16,82.02447509765625
2024-08-19,82.07373809814453
2024-08-20,82.34969329833984
2024-08-21,82.78331756591797
2024-08-22,82.20187377929688
2024-08-23,82.83259582519531
2024-08-26,83.05925750732422
2024-08-27,84.05463409423828
2024-08-28,81.5908432006836
2024-08-29,82.05403900146484
2024-08-30,82.11316680908203
2024-09-03,80.4996109008789
2024-09-04,80.20263671875
2024-09-05,80.01455688476562
2024-09-06,79.81656646728516
2024-09-09,78.68807220458984
2024-09-10,77.30220031738281
2024-09-11,77.60906982421875
2024-09-12,77.60906982421875
2024-09-13,78.2129135131836
2024-09-16,78.99494934082031
2024-09-17,79.82647705078125
2024-09-18,80.08385467529297
2024-09-19,80.16304779052734
2024-09-20,85.64714813232422
2024-09-23,85.33038330078125
2024-09-24,86.57766723632812
2024-09-25,87.11222076416016
2024-09-26,88.48819732666016
2024-09-27,88.5376968383789
2024-09-30,87.50818634033203
2024-10-01,88.23081970214844
2024-10-02,82.26165771484375
2024-10-03,81.27174377441406
2024-10-04,81.42023468017578
2024-10-07,80.01455688476562
2024-10-08,79.95516204833984
2024-10-09,81.61820983886719
2024-10-10,81.27174377441406
2024-10-11,81.32124328613281
2024-10-14,80.77678680419922
2024-10-15,81.29154968261719
2024-10-16,83.09317779541016
2024-10-17,82.55863189697266
2024-10-18,82.0834732055664
2024-10-21,80.65800476074219
2024-10-22,80.59860229492188
2024-10-23,79.242431640625
2024-10-24,78.24261474609375
2024-10-25,78.05452728271484
2024-10-28,78.11392211914062
2024-10-29,77.60906982421875
2024-10-30,75.67874145507812
2024-10-31,76.35187530517578
2024-11-01,77.27249908447266
2024-11-04,76.41128540039062
2024-11-05,77.19330596923828
2024-11-06,74.56014251708984
2024-11-07,75.15409088134766
2024-11-08,75.11448669433594
2024-11-11,75.82722473144531
2024-11-12,75.88663482666016
2024-11-13,75.74803161621094
2024-11-14,74.91651153564453
2024-11-15,75.88663482666016
2024-11-18,74.13448333740234
2024-11-19,73.16437530517578
2024-11-20,72.61991882324219
2024-11-21,74.34236145019531
2024-11-22,76.61915588378906
2024-11-25,78.46039581298828
2024-11-26,76.82704162597656
2024-11-27,77.54967498779297
2024-11-29,77.97533416748047
2024-12-02,78.69171142578125
2024-12-03,78.4628677368164
2024-12-04,77.975341796875
2024-12-05,78.18428039550781
2024-12-06,78.49272155761719
2024-12-09,77.24901580810547
2024-12-10,76.35354614257812
2024-12-11,78.45291900634766
2024-12-12,77.5674057006836
2024-12-13,76.86097717285156
2024-12-16,76.81122589111328
2024-12-17,77.6072006225586
2024-12-18,76.51274108886719
2024-12-19,76.71173095703125
2024-12-20,76.55254364013672
2024-12-23,76.37345123291016
2024-12-24,76.4032974243164
2024-12-26,76.55254364013672
2024-12-27,76.03515625
2024-12-30,74.2740707397461
2024-12-31,75.28893280029297
2025-01-02,73.29900360107422
2025-01-03,72.9408187866211
2025-01-06,71.63742065429688
2025-01-07,71.72695922851562
2025-01-08,70.93099212646484
2025-01-10,70.84144592285156
2025-01-13,71.7170181274414
2025-01-14,70.81159210205078
2025-01-15,70.71209716796875
2025-01-16,70.75189971923828
2025-01-17,70.4832534790039
2025-01-21,72.80152130126953
2025-01-22,73.66714477539062
2025-01-23,73.91588592529297
2025-01-24,73.19950866699219
2025-01-27,75.19938659667969
2025-01-28,74.015380859375
2025-01-29,76.19435119628906
2025-01-30,77.93553924560547
2025-01-31,76.51274108886719
2025-02-03,76.20429992675781
2025-02-04,76.33364868164062
2025-02-05,74.19447326660156
2025-02-06,71.37872314453125
2025-02-07,68.33413696289062
2025-02-10,70.58275604248047
2025-02-11,70.9807357788086
2025-02-12,71.89611053466797
2025-02-13,72.84132385253906
2025-02-14,72.67218017578125
2025-02-18,77.19926452636719
2025-02-19,76.39334106445312
2025-02-20,76.84107971191406
2025-02-21,76.11475372314453
2025-02-24,79.87571716308594
2025-02-25,81.3084716796875
2025-02-26,80.76123809814453
2025-02-27,79.61702728271484
2025-02-28,79.02999877929688
2025-03-03,78.41000366210938
2025-03-04,77.31999969482422
2025-03-05,77.80999755859375
2025-03-06,77.70999908447266
2025-03-07,78.58999633789062
2025-03-10,76.4000015258789
2025-03-11,74.16999816894531
2025-03-12,73.58000183105469
2025-03-13,72.63999938964844
2025-03-14,71.66000366210938
2025-03-17,73.69999694824219
2025-03-18,73.30999755859375
2025-03-19,72.98999786376953
2025-03-20,71.86000061035156
2025-03-21,67.94000244140625
2025-03-24,67.38999938964844
2025-03-25,66.54000091552734
2025-03-26,65.73999786376953
