Date,Close
1999-01-22,0.0376117117702961
1999-01-25,0.04155206307768822
1999-01-26,0.03832787275314331
1999-01-27,0.03820866718888283
1999-01-28,0.03808855265378952
1999-01-29,0.03629765287041664
1999-02-01,0.037014733999967575
1999-02-02,0.03414911404252052
1999-02-03,0.03486528992652893
1999-02-04,0.036775410175323486
1999-02-05,0.037850119173526764
1999-02-08,0.03653698414564133
1999-02-09,0.03510370850563049
1999-02-10,0.03474605828523636
1999-02-11,0.03773090988397598
1999-02-12,0.03988036885857582
1999-02-16,0.04011879488825798
1999-02-17,0.03796933963894844
1999-02-18,0.03856630250811577
1999-02-19,0.03988036885857582
1999-02-22,0.04011879488825798
1999-02-23,0.04202888906002045
1999-02-24,0.045372288674116135
1999-02-25,0.04393993318080902
1999-02-26,0.041909702122211456
1999-03-01,0.042149029672145844
1999-03-02,0.04179047793149948
1999-03-03,0.03892485052347183
1999-03-04,0.03808855265378952
1999-03-05,0.04023800045251846
1999-03-08,0.04083495959639549
1999-03-09,0.042149029672145844
1999-03-10,0.041431937366724014
1999-03-11,0.03964103013277054
1999-03-12,0.03892485052347183
1999-03-15,0.04059654474258423
1999-03-16,0.0392833948135376
1999-03-17,0.03952180966734886
1999-03-18,0.0399995893239975
1999-03-19,0.04011879488825798
1999-03-22,0.03892485052347183
1999-03-23,0.03653698414564133
1999-03-24,0.03629765287041664
1999-03-25,0.036775410175323486
1999-03-26,0.0399995893239975
1999-03-29,0.04119350388646126
1999-03-30,0.03773090988397598
1999-03-31,0.04035721346735954
1999-04-01,0.03916327282786369
1999-04-05,0.03796933963894844
1999-04-06,0.037014733999967575
1999-04-07,0.04011879488825798
1999-04-08,0.04083495959639549
1999-04-09,0.04011879488825798
1999-04-12,0.03844708576798439
1999-04-13,0.03689461946487427
1999-04-14,0.035820793360471725
1999-04-15,0.036775410175323486
1999-04-16,0.03796933963894844
1999-04-19,0.03629765287041664
1999-04-20,0.03558145835995674
1999-04-21,0.03617843985557556
1999-04-22,0.03462595492601395
1999-04-23,0.03295518830418587
1999-04-26,0.03128349408507347
1999-04-27,0.03462595492601395
1999-04-28,0.034387532621622086
1999-04-29,0.034387532621622086
1999-04-30,0.03486528992652893
1999-05-03,0.03510370850563049
1999-05-04,0.03319360315799713
1999-05-05,0.03390977531671524
1999-05-06,0.03325318917632103
1999-05-07,0.033432018011808395
1999-05-10,0.033432018011808395
1999-05-11,0.03522292524576187
1999-05-12,0.03629765287041664
1999-05-13,0.03629765287041664
1999-05-14,0.034387532621622086
1999-05-17,0.03605922684073448
1999-05-18,0.03773090988397598
1999-05-19,0.03605922684073448
1999-05-20,0.03319360315799713
1999-05-21,0.032477427273988724
1999-05-24,0.032357294112443924
1999-05-25,0.03259662911295891
1999-05-26,0.032477427273988724
1999-05-27,0.03223808482289314
1999-05-28,0.03259662911295891
1999-06-01,0.032715849578380585
1999-06-02,0.03152189403772354
1999-06-03,0.032357294112443924
1999-06-04,0.03259662911295891
1999-06-07,0.03295518830418587
1999-06-08,0.03379056230187416
1999-06-09,0.034387532621622086
1999-06-10,0.034506723284721375
1999-06-11,0.03379056230187416
1999-06-14,0.032477427273988724
1999-06-15,0.032477427273988724
1999-06-16,0.033432018011808395
1999-06-17,0.032477427273988724
1999-06-18,0.03128349408507347
1999-06-21,0.03295518830418587
1999-06-22,0.032357294112443924
1999-06-23,0.03295518830418587
1999-06-24,0.03223808482289314
1999-06-25,0.032715849578380585
1999-06-28,0.03319360315799713
1999-06-29,0.0335521399974823
1999-06-30,0.03653698414564133
1999-07-01,0.03462595492601395
1999-07-02,0.037133943289518356
1999-07-06,0.03725315257906914
1999-07-07,0.03653698414564133
1999-07-08,0.037372373044490814
1999-07-09,0.040536943823099136
1999-07-12,0.042387451976537704
1999-07-13,0.04250666871666908
1999-07-14,0.04083495959639549
1999-07-15,0.04107430577278137
1999-07-16,0.041909702122211456
1999-07-19,0.04083495959639549
1999-07-20,0.04011879488825798
1999-07-21,0.03892485052347183
1999-07-22,0.037133943289518356
1999-07-23,0.037133943289518356
1999-07-26,0.03725315257906914
1999-07-27,0.037372373044490814
1999-07-28,0.03796933963894844
1999-07-29,0.03832787275314331
1999-07-30,0.03844708576798439
1999-08-02,0.03880564868450165
1999-08-03,0.037850119173526764
1999-08-04,0.037850119173526764
1999-08-05,0.03844708576798439
1999-08-06,0.03844708576798439
1999-08-09,0.03844708576798439
1999-08-10,0.03916327282786369
1999-08-11,0.04179047793149948
1999-08-12,0.043819818645715714
1999-08-13,0.043342966586351395
1999-08-16,0.041671257466077805
1999-08-17,0.04179047793149948
1999-08-18,0.04274599626660347
1999-08-19,0.051819708198308945
1999-08-20,0.05134286358952522
1999-08-23,0.04823790490627289
1999-08-24,0.04799949377775192
1999-08-25,0.047760166227817535
1999-08-26,0.04704398661851883
1999-08-27,0.04967119172215462
1999-08-30,0.04949145019054413
1999-08-31,0.053730737417936325
1999-09-01,0.051222749054431915
1999-09-02,0.05062578245997429
1999-09-03,0.05098433792591095
1999-09-07,0.05074590817093849
1999-09-08,0.05062578245997429
1999-09-09,0.04990960285067558
1999-09-10,0.05062578245997429
1999-09-13,0.048954110592603683
1999-09-14,0.04752173647284508
1999-09-15,0.04788028821349144
1999-09-16,0.04668542742729187
1999-09-17,0.04656624048948288
1999-09-20,0.04489453136920929
1999-09-21,0.04059654474258423
1999-09-22,0.04155206307768822
1999-09-23,0.03808855265378952
1999-09-24,0.03462595492601395
1999-09-27,0.036775410175323486
1999-09-28,0.04011879488825798
1999-09-29,0.03689461946487427
1999-09-30,0.036775410175323486
1999-10-01,0.03653698414564133
1999-10-04,0.03725315257906914
1999-10-05,0.04083495959639549
1999-10-06,0.0457308255136013
1999-10-07,0.04274599626660347
1999-10-08,0.04489453136920929
1999-10-11,0.04370059072971344
1999-10-12,0.04310363158583641
1999-10-13,0.041909702122211456
1999-10-14,0.04107430577278137
1999-10-15,0.04083495959639549
1999-10-18,0.03868645057082176
1999-10-19,0.037133943289518356
1999-10-20,0.03844708576798439
1999-10-21,0.04023800045251846
1999-10-22,0.04119350388646126
1999-10-25,0.03916327282786369
1999-10-26,0.042984411120414734
1999-10-27,0.04107430577278137
1999-10-28,0.03916327282786369
1999-10-29,0.04226822778582573
1999-11-01,0.04489453136920929
1999-11-02,0.047760166227817535
1999-11-03,0.05241669341921806
1999-11-04,0.05576006695628166
1999-11-05,0.05396917089819908
1999-11-08,0.0555216446518898
1999-11-09,0.05468534305691719
1999-11-10,0.05420850217342377
1999-11-11,0.05802873894572258
1999-11-12,0.06113368645310402
1999-11-15,0.059939753264188766
1999-11-16,0.06567103415727615
1999-11-17,0.06817813217639923
1999-11-18,0.068416528403759
1999-11-19,0.08190926909446716
1999-11-22,0.08179006725549698
1999-11-23,0.07593958079814911
1999-11-24,0.07355082035064697
1999-11-26,0.07307396829128265
1999-11-29,0.07044675201177597
1999-11-30,0.06614785641431808
1999-12-01,0.06949122250080109
1999-12-02,0.07462552189826965
1999-12-03,0.07283462584018707
1999-12-06,0.07486487925052643
1999-12-07,0.07235687971115112
1999-12-08,0.07558105885982513
1999-12-09,0.07331237196922302
1999-12-10,0.07247607409954071
1999-12-13,0.07223767042160034
1999-12-14,0.0710437148809433
1999-12-15,0.06877506524324417
1999-12-16,0.06829728931188583
1999-12-17,0.07187908887863159
1999-12-20,0.07784970104694366
1999-12-21,0.08119308948516846
1999-12-22,0.08310320973396301
1999-12-23,0.08859602361917496
1999-12-27,0.08525266498327255
1999-12-28,0.08501333743333817
1999-12-29,0.08787895739078522
1999-12-30,0.08859602361917496
1999-12-31,0.08966982364654541
2000-01-03,0.08943141996860504
2000-01-04,0.08704352378845215
2000-01-05,0.08417793363332748
2000-01-06,0.07868510484695435
2000-01-07,0.079999178647995
2000-01-10,0.08262548595666885
2000-01-11,0.07928206026554108
2000-01-12,0.07725274562835693
2000-01-13,0.08047600090503693
2000-01-14,0.0839385911822319
2000-01-18,0.08752130717039108
2000-01-19,0.08668500930070877
2000-01-20,0.08644656836986542
2000-01-21,0.08549108356237411
2000-01-24,0.0816708505153656
2000-01-25,0.08095373958349228
2000-01-26,0.07761037349700928
2000-01-27,0.07355082035064697
2000-01-28,0.07140229642391205
2000-01-31,0.07080531120300293
2000-02-01,0.07247607409954071
2000-02-02,0.07450630515813828
2000-02-03,0.07570023834705353
2000-02-04,0.0774911418557167
2000-02-07,0.07271543145179749
2000-02-08,0.07617803663015366
2000-02-09,0.07808811217546463
2000-02-10,0.09408797323703766
2000-02-11,0.0955212414264679
2000-02-14,0.11080396175384521
2000-02-15,0.10650598257780075
2000-02-16,0.11140090972185135
2000-02-17,0.11534131318330765
2000-02-18,0.12871485948562622
2000-02-22,0.12513212859630585
2000-02-23,0.12584921717643738
2000-02-24,0.12465525418519974
2000-02-25,0.11689376085996628
2000-02-28,0.116058349609375
2000-02-29,0.12226642668247223
2000-03-01,0.11868467926979065
2000-03-02,0.11068473756313324
2000-03-03,0.11247564107179642
2000-03-06,0.11175946891307831
2000-03-07,0.15916195511817932
2000-03-08,0.16047517955303192
2000-03-09,0.191609188914299
2000-03-10,0.22542911767959595
2000-03-13,0.2851303815841675
2000-03-14,0.2103847712278366
2000-03-15,0.20178787410259247
2000-03-16,0.17990730702877045
2000-03-17,0.19080309569835663
2000-03-20,0.19068394601345062
2000-03-21,0.18125075101852417
2000-03-22,0.18256478011608124
2000-03-23,0.185788094997406
2000-03-24,0.1780274510383606
2000-03-27,0.1663256138563156
2000-03-28,0.1539086103439331
2000-03-29,0.1437591165304184
2000-03-30,0.14292281866073608
2000-03-31,0.16140036284923553
2000-04-03,0.14877423644065857
2000-04-04,0.14328140020370483
2000-04-05,0.17516180872917175
2000-04-06,0.18328097462654114
2000-04-07,0.1959374099969864
2000-04-10,0.1786244511604309
2000-04-11,0.167997345328331
2000-04-12,0.15056508779525757
2000-04-13,0.14411678910255432
2000-04-14,0.1314309537410736
2000-04-17,0.13814708590507507
2000-04-18,0.16262459754943848
2000-04-19,0.15486308932304382
2000-04-20,0.15402774512767792
2000-04-24,0.14638546109199524
2000-04-25,0.16238531470298767
2000-04-26,0.1607135683298111
2000-04-27,0.1738477349281311
2000-04-28,0.17026595771312714
2000-05-01,0.17575883865356445
2000-05-02,0.16895286738872528
2000-05-03,0.16620641946792603
2000-05-04,0.16823671758174896
2000-05-05,0.17599719762802124
2000-05-08,0.16954980790615082
2000-05-09,0.16716191172599792
2000-05-10,0.15068434178829193
2000-05-11,0.15713179111480713
2000-05-12,0.1523560732603073
2000-05-15,0.16286297142505646
2000-05-16,0.17957903444766998
2000-05-17,0.21110093593597412
2000-05-18,0.1967727541923523
2000-05-19,0.19510114192962646
2000-05-22,0.20775842666625977
2000-05-23,0.20608678460121155
2000-05-24,0.20345954596996307
2000-05-25,0.200593963265419
2000-05-26,0.2016090601682663
2000-05-30,0.20990699529647827
2000-05-31,0.21802611649036407
2000-06-01,0.22411596775054932
2000-06-02,0.251339852809906
2000-06-05,0.25674182176589966
2000-06-06,0.24393677711486816
2000-06-07,0.23307131230831146
2000-06-08,0.23486219346523285
2000-06-09,0.24154819548130035
2000-06-12,0.23510070145130157
2000-06-13,0.24250362813472748
2000-06-14,0.24226520955562592
2000-06-15,0.24859344959259033
2000-06-16,0.28608494997024536
2000-06-19,0.3039951026439667
2000-06-20,0.2999354898929596
2000-06-21,0.3303825855255127
2000-06-22,0.3123534023761749
2000-06-23,0.28286170959472656
2000-06-26,0.31700995564460754
2000-06-27,0.27223464846611023
2000-06-28,0.26172760128974915
2000-06-29,0.22399669885635376
2000-06-30,0.24286219477653503
2000-07-03,0.233549103140831
2000-07-05,0.2084745615720749
2000-07-06,0.2211310863494873
2000-07-07,0.22232502698898315
2000-07-10,0.23378752171993256
2000-07-11,0.25265294313430786
2000-07-12,0.25981664657592773
2000-07-13,0.2841748595237732
2000-07-14,0.2820255160331726
2000-07-17,0.2789213955402374
2000-07-18,0.27342864871025085
2000-07-19,0.2559964060783386
2000-07-20,0.2629215717315674
2000-07-21,0.26626503467559814
2000-07-24,0.24357841908931732
2000-07-25,0.23450371623039246
2000-07-26,0.2170715183019638
2000-07-27,0.2015494406223297
2000-07-28,0.2063252031803131
2000-07-31,0.22925026714801788
2000-08-01,0.22471289336681366
2000-08-02,0.22925026714801788
2000-08-03,0.2392803430557251
2000-08-04,0.24357841908931732
2000-08-07,0.262682169675827
2000-08-08,0.25695088505744934
2000-08-09,0.24930961430072784
2000-08-10,0.25217515230178833
2000-08-11,0.24620553851127625
2000-08-14,0.24859344959259033
2000-08-15,0.2720557749271393
2000-08-16,0.2789213955402374
2000-08-17,0.2841748595237732
2000-08-18,0.2942041754722595
2000-08-21,0.2987414300441742
2000-08-22,0.270563006401062
2000-08-23,0.28632432222366333
2000-08-24,0.2939656376838684
2000-08-25,0.28656280040740967
2000-08-28,0.2980252206325531
2000-08-29,0.29730910062789917
2000-08-30,0.2999354898929596
2000-08-31,0.30327874422073364
2000-09-01,0.3037565350532532
2000-09-05,0.30423426628112793
2000-09-06,0.28321942687034607
2000-09-07,0.2985030710697174
2000-09-08,0.28083157539367676
2000-09-11,0.2693690359592438
2000-09-12,0.26769736409187317
2000-09-13,0.267578125
2000-09-14,0.26507094502449036
2000-09-15,0.2708619236946106
2000-09-18,0.25504082441329956
2000-09-19,0.2629215717315674
2000-09-20,0.25432470440864563
2000-09-21,0.2652497887611389
2000-09-22,0.2698468267917633
2000-09-25,0.2891899645328522
2000-09-26,0.2961151897907257
2000-09-27,0.3123534023761749
2000-09-28,0.32190582156181335
2000-09-29,0.3128310739994049
2000-10-02,0.30542823672294617
2000-10-03,0.28895068168640137
2000-10-04,0.2856072783470154
2000-10-05,0.2789213955402374
2000-10-06,0.2614881694316864
2000-10-09,0.26721957325935364
2000-10-10,0.24692177772521973
2000-10-11,0.2490711212158203
2000-10-12,0.2392803430557251
2000-10-13,0.2488318681716919
2000-10-16,0.24310064315795898
2000-10-17,0.22542911767959595
2000-10-18,0.22184725105762482
2000-10-19,0.24334006011486053
2000-10-20,0.26602551341056824
2000-10-23,0.26005589962005615
2000-10-24,0.2516975700855255
2000-10-25,0.22972801327705383
2000-10-26,0.2395188808441162
2000-10-27,0.23402588069438934
2000-10-30,0.21754933893680573
2000-10-31,0.2374289482831955
2000-11-01,0.2373693585395813
2000-11-02,0.2555185854434967
2000-11-03,0.27223464846611023
2000-11-06,0.2932494878768921
2000-11-07,0.27342864871025085
2000-11-08,0.2653094232082367
2000-11-09,0.23760876059532166
2000-11-10,0.22471289336681366
2000-11-13,0.22566843032836914
2000-11-14,0.26698118448257446
2000-11-15,0.2634590268135071
2000-11-16,0.24692177772521973
2000-11-17,0.24214591085910797
2000-11-20,0.22351893782615662
2000-11-21,0.21922093629837036
2000-11-22,0.20775842666625977
2000-11-24,0.2196977734565735
2000-11-27,0.21229490637779236
2000-11-28,0.19647477567195892
2000-11-29,0.1843557059764862
2000-11-30,0.15474389493465424
2000-12-01,0.17002755403518677
2000-12-04,0.17265385389328003
2000-12-05,0.18387791514396667
2000-12-06,0.15760956704616547
2000-12-07,0.15474389493465424
2000-12-08,0.1900869458913803
2000-12-11,0.1900869458913803
2000-12-12,0.18483346700668335
2000-12-13,0.1705053299665451
2000-12-14,0.15880349278450012
2000-12-15,0.14304295182228088
2000-12-18,0.14775912463665009
2000-12-19,0.13659457862377167
2000-12-20,0.12178965657949448
2000-12-21,0.10650598257780075
2000-12-22,0.1339682936668396
2000-12-26,0.12847544252872467
2000-12-27,0.1370723694562912
2000-12-28,0.1377885639667511
2000-12-29,0.12519164383411407
2001-01-02,0.11438670754432678
2001-01-03,0.1494903862476349
2001-01-04,0.1666841059923172
2001-01-05,0.14172892272472382
2001-01-08,0.15522171556949615
2001-01-09,0.15832564234733582
2001-01-10,0.16931045055389404
2001-01-11,0.18340015411376953
2001-01-12,0.17957903444766998
2001-01-16,0.1654902547597885
2001-01-17,0.1714598685503006
2001-01-18,0.20435547828674316
2001-01-19,0.198922261595726
2001-01-22,0.19104152917861938
2001-01-23,0.21008671820163727
2001-01-24,0.20919084548950195
2001-01-25,0.18817594647407532
2001-01-26,0.1941465139389038
2001-01-29,0.19510114192962646
2001-01-30,0.19939997792243958
2001-01-31,0.19725051522254944
2001-02-01,0.1982656717300415
2001-02-02,0.17910216748714447
2001-02-05,0.17886283993721008
2001-02-06,0.17981840670108795
2001-02-07,0.1714598685503006
2001-02-08,0.1705053299665451
2001-02-09,0.16931045055389404
2001-02-12,0.16477401554584503
2001-02-13,0.16978824138641357
2001-02-14,0.18220624327659607
2001-02-15,0.21563827991485596
2001-02-16,0.22734010219573975
2001-02-20,0.20465348660945892
2001-02-21,0.21396656334400177
2001-02-22,0.22304117679595947
2001-02-23,0.20763835310935974
2001-02-26,0.2029818296432495
2001-02-27,0.19080309569835663
2001-02-28,0.1707436889410019
2001-03-01,0.1842355877161026
2001-03-02,0.1665053516626358
2001-03-05,0.1681165099143982
2001-03-06,0.1843557059764862
2001-03-07,0.1991616040468216
2001-03-08,0.20584747195243835
2001-03-09,0.19128087162971497
2001-03-12,0.1843557059764862
2001-03-13,0.2063252031803131
2001-03-14,0.21802611649036407
2001-03-15,0.22877244651317596
2001-03-16,0.2278178632259369
2001-03-19,0.24095116555690765
2001-03-20,0.21850387752056122
2001-03-21,0.23474310338497162
2001-03-22,0.2583842873573303
2001-03-23,0.2559964060783386
2001-03-26,0.2698468267917633
2001-03-27,0.26005589962005615
2001-03-28,0.2602347731590271
2001-03-29,0.26411545276641846
2001-03-30,0.24805594980716705
2001-04-02,0.23760876059532166
2001-04-03,0.2454884946346283
2001-04-04,0.2201756238937378
2001-04-05,0.24047428369522095
2001-04-06,0.2395188808441162
2001-04-09,0.2278747260570526
2001-04-10,0.24938566982746124
2001-04-11,0.26444002985954285
2001-04-12,0.2684134840965271
2001-04-16,0.26187989115715027
2001-04-17,0.27471786737442017
2001-04-18,0.2951982021331787
2001-04-19,0.3205679655075073
2001-04-20,0.3322597146034241
2001-04-23,0.314721941947937
2001-04-24,0.29244717955589294
2001-04-25,0.3058958351612091
2001-04-26,0.2817870080471039
2001-04-27,0.30184638500213623
2001-04-30,0.31827542185783386
2001-05-01,0.3480018377304077
2001-05-02,0.340016633272171
2001-05-03,0.3385264277458191
2001-05-04,0.3431875705718994
2001-05-07,0.35858583450317383
2001-05-08,0.3326421082019806
2001-05-09,0.317052960395813
2001-05-10,0.3063929080963135
2001-05-11,0.29855993390083313
2001-05-14,0.30112019181251526
2001-05-15,0.3119335174560547
2001-05-16,0.32664307951927185
2001-05-17,0.33241283893585205
2001-05-18,0.32973790168762207
2001-05-21,0.3446391820907593
2001-05-22,0.3549554646015167
2001-05-23,0.35193756222724915
2001-05-24,0.35713329911231995
2001-05-25,0.3503703773021698
2001-05-29,0.33600467443466187
2001-05-30,0.32973790168762207
2001-05-31,0.32710155844688416
2001-06-01,0.3452122211456299
2001-06-04,0.33986347913742065
2001-06-05,0.3577065169811249
2001-06-06,0.359235018491745
2001-06-07,0.3795236647129059
2001-06-08,0.3696659207344055
2001-06-11,0.358852744102478
2001-06-12,0.37081214785575867
2001-06-13,0.35835662484169006
2001-06-14,0.3575919270515442
2001-06-15,0.3631708025932312
2001-06-18,0.34880420565605164
2001-06-19,0.32973790168762207
2001-06-20,0.3439137935638428
2001-06-21,0.35040897130966187
2001-06-22,0.34884268045425415
2001-06-25,0.3481549918651581
2001-06-26,0.3582034409046173
2001-06-27,0.347123384475708
2001-06-28,0.351211279630661
2001-06-29,0.3543822169303894
2001-07-02,0.3386787474155426
2001-07-03,0.3429967761039734
2001-07-05,0.3181232213973999
2001-07-06,0.3083415925502777
2001-07-09,0.2982545495033264
2001-07-10,0.3007001578807831
2001-07-11,0.3001270592212677
2001-07-12,0.3158683180809021
2001-07-13,0.3093346059322357
2001-07-16,0.2844609320163727
2001-07-17,0.30035629868507385
2001-07-18,0.2899630665779114
2001-07-19,0.29462510347366333
2001-07-20,0.28614282608032227
2001-07-23,0.25905266404151917
2001-07-24,0.27659037709236145
2001-07-25,0.273915559053421
2001-07-26,0.30184638500213623
2001-07-27,0.30948778986930847
2001-07-30,0.30211323499679565
2001-07-31,0.30910542607307434
2001-08-01,0.3279809355735779
2001-08-02,0.33577555418014526
2001-08-03,0.33313897252082825
2001-08-06,0.34322601556777954
2001-08-07,0.3381440341472626
2001-08-08,0.32954707741737366
2001-08-09,0.323777437210083
2001-08-10,0.3233959972858429
2001-08-13,0.3369593322277069
2001-08-14,0.3280186355113983
2001-08-15,0.32840093970298767
2001-08-16,0.3422320485115051
2001-08-17,0.3200717866420746
2001-08-20,0.3178553283214569
2001-08-21,0.3111685812473297
2001-08-22,0.32396912574768066
2001-08-23,0.3167852759361267
2001-08-24,0.3258405923843384
2001-08-27,0.33711251616477966
2001-08-28,0.33271825313568115
2001-08-29,0.32202044129371643
2001-08-30,0.3209887742996216
2001-08-31,0.32366278767585754
2001-09-04,0.3011587858200073
2001-09-05,0.30757761001586914
2001-09-06,0.29500651359558105
2001-09-07,0.29810142517089844
2001-09-10,0.28946688771247864
2001-09-17,0.25974056124687195
2001-09-18,0.2440754622220993
2001-09-19,0.24109508097171783
2001-09-20,0.22069187462329865
2001-09-21,0.20609594881534576
2001-09-24,0.22925026714801788
2001-09-25,0.22030943632125854
2001-09-26,0.21236184239387512
2001-09-27,0.200593963265419
2001-09-28,0.2099170982837677
2001-10-01,0.19211165606975555
2001-10-02,0.18248315155506134
2001-10-03,0.21839933097362518
2001-10-04,0.24674935638904572
2001-10-05,0.2514113187789917
2001-10-08,0.25706547498703003
2001-10-09,0.24590937793254852
2001-10-10,0.26172760128974915
2001-10-11,0.2900775969028473
2001-10-12,0.30895325541496277
2001-10-15,0.30757761001586914
2001-10-16,0.3385264277458191
2001-10-17,0.318657785654068
2001-10-18,0.3321074843406677
2001-10-19,0.33898496627807617
2001-10-22,0.34700873494148254
2001-10-23,0.34089502692222595
2001-10-24,0.3559494614601135
2001-10-25,0.37681111693382263
2001-10-26,0.3499119281768799
2001-10-29,0.32148483395576477
2001-10-30,0.32095035910606384
2001-10-31,0.3275223970413208
2001-11-01,0.3554909825325012
2001-11-02,0.36045756936073303
2001-11-05,0.36175671219825745
2001-11-06,0.3865920603275299
2001-11-07,0.3868982493877411
2001-11-08,0.3801730275154114
2001-11-09,0.4065367579460144
2001-11-12,0.4174647033214569
2001-11-13,0.4140259623527527
2001-11-14,0.4024871587753296
2001-11-15,0.404626727104187
2001-11-16,0.40111181139945984
2001-11-19,0.39232322573661804
2001-11-20,0.38131919503211975
2001-11-21,0.3764289319515228
2001-11-23,0.3817015588283539
2001-11-26,0.40898245573043823
2001-11-27,0.4133380949497223
2001-11-28,0.392476350069046
2001-11-29,0.40967023372650146
2001-11-30,0.41754063963890076
2001-12-03,0.4111987352371216
2001-12-04,0.444286972284317
2001-12-05,0.48012596368789673
2001-12-06,0.47256070375442505
2001-12-07,0.4581180810928345
2001-12-10,0.462703138589859
2001-12-11,0.4792860448360443
2001-12-12,0.4941870868206024
2001-12-13,0.47997382283210754
2001-12-14,0.5015994310379028
2001-12-17,0.5196341276168823
2001-12-18,0.5062604546546936
2001-12-19,0.4924291968345642
2001-12-20,0.47301945090293884
2001-12-21,0.49349960684776306
2001-12-24,0.5058022737503052
2001-12-26,0.5181816816329956
2001-12-27,0.5301794409751892
2001-12-28,0.517417848110199
2001-12-31,0.5112279653549194
2002-01-02,0.5142843127250671
2002-01-03,0.54798424243927
2002-01-04,0.5320137739181519
2002-01-07,0.5177231431007385
2002-01-08,0.5238367915153503
2002-01-09,0.5166540145874023
2002-01-10,0.504274308681488
2002-01-11,0.4819597899913788
2002-01-14,0.456666499376297
2002-01-15,0.4993068277835846
2002-01-16,0.47982072830200195
2002-01-17,0.49663203954696655
2002-01-18,0.48753899335861206
2002-01-22,0.4753117561340332
2002-01-23,0.48425254225730896
2002-01-24,0.5015994310379028
2002-01-25,0.5003001689910889
2002-01-28,0.5195569396018982
2002-01-29,0.49411046504974365
2002-01-30,0.5000706911087036
2002-01-31,0.502363383769989
2002-02-01,0.4900609850883484
2002-02-04,0.4669826626777649
2002-02-05,0.4623976945877075
2002-02-06,0.4739363193511963
2002-02-07,0.45857667922973633
2002-02-08,0.4410773813724518
2002-02-11,0.46545401215553284
2002-02-12,0.4753117561340332
2002-02-13,0.46919918060302734
2002-02-14,0.4750063717365265
2002-02-15,0.43825018405914307
2002-02-19,0.4092116057872772
2002-02-20,0.43060803413391113
2002-02-21,0.401187926530838
2002-02-22,0.38147228956222534
2002-02-25,0.4113510847091675
2002-02-26,0.4202917218208313
2002-02-27,0.40615522861480713
2002-02-28,0.3898014724254608
2002-03-01,0.42747557163238525
2002-03-04,0.4513176381587982
2002-03-05,0.45017123222351074
2002-03-06,0.4360339641571045
2002-03-07,0.4325190484523773
2002-03-08,0.4454331696033478
2002-03-11,0.4402364194393158
2002-03-12,0.4171593189239502
2002-03-13,0.40959402918815613
2002-03-14,0.3868982493877411
2002-03-15,0.40325114130973816
2002-03-18,0.40325114130973816
2002-03-19,0.3946927487850189
2002-03-20,0.3554909825325012
2002-03-21,0.3743656277656555
2002-03-22,0.37115615606307983
2002-03-25,0.3519752621650696
2002-03-26,0.35915902256965637
2002-03-27,0.3476964235305786
2002-03-28,0.33898496627807617
2002-04-01,0.3334059715270996
2002-04-02,0.32469436526298523
2002-04-03,0.3308080732822418
2002-04-04,0.32920336723327637
2002-04-05,0.32171425223350525
2002-04-08,0.3324889838695526
2002-04-09,0.31147491931915283
2002-04-10,0.29428109526634216
2002-04-11,0.28136610984802246
2002-04-12,0.2802967429161072
2002-04-15,0.2916063070297241
2002-04-16,0.3042910695075989
2002-04-17,0.30788299441337585
2002-04-18,0.3027634620666504
2002-04-19,0.2821308672428131
2002-04-22,0.2835063636302948
2002-04-23,0.2720438838005066
2002-04-24,0.24820192158222198
2002-04-25,0.2578303813934326
2002-04-26,0.23207728564739227
2002-04-29,0.27074453234672546
2002-04-30,0.26600638031959534
2002-05-01,0.27082058787345886
2002-05-02,0.25989359617233276
2002-05-03,0.2502652108669281
2002-05-06,0.24071279168128967
2002-05-07,0.24674935638904572
2002-05-08,0.2751002609729767
2002-05-09,0.2633323669433594
2002-05-10,0.24361680448055267
2002-05-13,0.2583649754524231
2002-05-14,0.28404101729393005
2002-05-15,0.2896190881729126
2002-05-16,0.2901546061038971
2002-05-17,0.2993246614933014
2002-05-20,0.30253416299819946
2002-05-21,0.2794560194015503
2002-05-22,0.2907654047012329
2002-05-23,0.27303701639175415
2002-05-24,0.26768815517425537
2002-05-28,0.25706547498703003
2002-05-29,0.26677119731903076
2002-05-30,0.26287394762039185
2002-05-31,0.2556900978088379
2002-06-03,0.24063658714294434
2002-06-04,0.2527869641780853
2002-06-05,0.24911892414093018
2002-06-06,0.2491949498653412
2002-06-07,0.2468263804912567
2002-06-10,0.2447631061077118
2002-06-11,0.23375912010669708
2002-06-12,0.21358506381511688
2002-06-13,0.21136869490146637
2002-06-14,0.21534205973148346
2002-06-17,0.2172531634569168
2002-06-18,0.2161068618297577
2002-06-19,0.1822539120912552
2002-06-20,0.18057306110858917
2002-06-21,0.17316004633903503
2002-06-24,0.17636951804161072
2002-06-25,0.16177454590797424
2002-06-26,0.15336841344833374
2002-06-27,0.13051949441432953
2002-06-28,0.13128426671028137
2002-07-01,0.13097797334194183
2002-07-02,0.1227249875664711
2002-07-03,0.1333475112915039
2002-07-05,0.14511534571647644
2002-07-08,0.14947114884853363
2002-07-09,0.1421351581811905
2002-07-10,0.13823790848255157
2002-07-11,0.152298241853714
2002-07-12,0.15214602649211884
2002-07-15,0.16727659106254578
2002-07-16,0.16276764869689941
2002-07-17,0.14893649518489838
2002-07-18,0.14511534571647644
2002-07-19,0.13854321837425232
2002-07-22,0.1321241855621338
2002-07-23,0.12226642668247223
2002-07-24,0.13006098568439484
2002-07-25,0.11508359014987946
2002-07-26,0.11240872740745544
2002-07-29,0.11554211378097534
2002-07-30,0.12394826859235764
2002-07-31,0.08459331840276718
2002-08-01,0.07649346441030502
2002-08-02,0.07144998013973236
2002-08-05,0.06571872532367706
2002-08-06,0.0691574439406395
2002-08-07,0.06755269318819046
2002-08-08,0.07198457419872284
2002-08-09,0.07030369341373444
2002-08-12,0.07030369341373444
2002-08-13,0.06885115802288055
2002-08-14,0.07351323217153549
2002-08-15,0.07863283157348633
2002-08-16,0.08168917894363403
2002-08-19,0.09666746854782104
2002-08-20,0.09238783270120621
2002-08-21,0.09727820754051208
2002-08-22,0.09399259835481644
2002-08-23,0.08780281990766525
2002-08-26,0.08849059790372849
2002-08-27,0.08344706147909164
2002-08-28,0.0782504603266716
2002-08-29,0.07924448698759079
2002-08-30,0.07718123495578766
2002-09-03,0.07244304567575455
2002-09-04,0.07198457419872284
2002-09-05,0.06923359632492065
2002-09-06,0.07076219469308853
2002-09-09,0.07068517059087753
2002-09-10,0.08077221363782883
2002-09-11,0.08474647253751755
2002-09-12,0.08207157254219055
2002-09-13,0.08077221363782883
2002-09-16,0.07565256208181381
2002-09-17,0.07450630515813828
2002-09-18,0.07244304567575455
2002-09-19,0.06999742984771729
2002-09-20,0.0703798159956932
2002-09-23,0.0673234611749649
2002-09-24,0.06785806268453598
2002-09-25,0.07160217314958572
2002-09-26,0.0677819475531578
2002-09-27,0.06541243195533752
2002-09-30,0.06541243195533752
2002-10-01,0.06892818957567215
2002-10-02,0.06885115802288055
2002-10-03,0.06548942625522614
2002-10-04,0.062202922999858856
2002-10-07,0.05914655700325966
2002-10-08,0.05738866329193115
2002-10-09,0.05631944537162781
2002-10-10,0.05922264605760574
2002-10-11,0.0673234611749649
2002-10-14,0.06533629447221756
2002-10-15,0.07213770598173141
2002-10-16,0.06610013544559479
2002-10-17,0.07114371657371521
2002-10-18,0.07183142751455307
2002-10-21,0.078327476978302
2002-10-22,0.08092531561851501
2002-10-23,0.08421094715595245
2002-10-24,0.07993220537900925
2002-10-25,0.08482257276773453
2002-10-28,0.08528110384941101
2002-10-29,0.08153697103261948
2002-10-30,0.0858927071094513
2002-10-31,0.09093623608350754
2002-11-01,0.10774758458137512
2002-11-04,0.11951544880867004
2002-11-05,0.11477825790643692
2002-11-06,0.1236419603228569
2002-11-07,0.11118634790182114
2002-11-08,0.08680970221757889
2002-11-11,0.0800844356417656
2002-11-12,0.08719117939472198
2002-11-13,0.08994219452142715
2002-11-14,0.0959026888012886
2002-11-15,0.10293334722518921
2002-11-18,0.10675448924303055
2002-11-19,0.10828221589326859
2002-11-20,0.11370810121297836
2002-11-21,0.12333657592535019
2002-11-22,0.12012706696987152
2002-11-25,0.12448287755250931
2002-11-26,0.12112019211053848
2002-11-27,0.13051949441432953
2002-11-29,0.13090188801288605
2002-12-02,0.12990877032279968
2002-12-03,0.12134945392608643
2002-12-04,0.10683061182498932
2002-12-05,0.10782371461391449
2002-12-06,0.10797686874866486
2002-12-09,0.09934144467115402
2002-12-10,0.10767148435115814
2002-12-11,0.10705985873937607
2002-12-12,0.10530192404985428
2002-12-13,0.10117544233798981
2002-12-16,0.10713595896959305
2002-12-17,0.1069837436079979
2002-12-18,0.09880683571100235
2002-12-19,0.09666746854782104
2002-12-20,0.09796594083309174
2002-12-23,0.09865368902683258
2002-12-24,0.09666746854782104
2002-12-26,0.09490957111120224
2002-12-27,0.09131769835948944
2002-12-30,0.08810816705226898
2002-12-31,0.08795599639415741
2003-01-02,0.09406871348619461
2003-01-03,0.09406871348619461
2003-01-06,0.10171099007129669
2003-01-07,0.10140468925237656
2003-01-08,0.09131769835948944
2003-01-09,0.09292243421077728
2003-01-10,0.09452719986438751
2003-01-13,0.09376335889101028
2003-01-14,0.09445109218358994
2003-01-15,0.0915469154715538
2003-01-16,0.0853571742773056
2003-01-17,0.08214768022298813
2003-01-21,0.0800844356417656
2003-01-22,0.08016145974397659
2003-01-23,0.08237693458795547
2003-01-24,0.07771581411361694
2003-01-27,0.0765695571899414
2003-01-28,0.07932057976722717
2003-01-29,0.08092531561851501
2003-01-30,0.07763972133398056
2003-01-31,0.07886205613613129
2003-02-03,0.08039070665836334
2003-02-04,0.07679881900548935
2003-02-05,0.07748658955097198
2003-02-06,0.07809821516275406
2003-02-07,0.07458243519067764
2003-02-10,0.07549944519996643
2003-02-11,0.07412394881248474
2003-02-12,0.07450630515813828
2003-02-13,0.07542329281568527
2003-02-14,0.09200546145439148
2003-02-18,0.09727820754051208
2003-02-19,0.09819521754980087
2003-02-20,0.09819521754980087
2003-02-21,0.09827223420143127
2003-02-24,0.09949459135532379
2003-02-25,0.09888297319412231
2003-02-26,0.09406871348619461
2003-02-27,0.09605582803487778
2003-02-28,0.09643822908401489
2003-03-03,0.09483347088098526
2003-03-04,0.09406871348619461
2003-03-05,0.09559735655784607
2003-03-06,0.09399259835481644
2003-03-07,0.0954442098736763
2003-03-10,0.0927702784538269
2003-03-11,0.09345796704292297
2003-03-12,0.09605582803487778
2003-03-13,0.1056082472205162
2003-03-14,0.10255095362663269
2003-03-17,0.10851144045591354
2003-03-18,0.10767148435115814
2003-03-19,0.10820609331130981
2003-03-20,0.10919921845197678
2003-03-21,0.10820609331130981
2003-03-24,0.10415568947792053
2003-03-25,0.10713595896959305
2003-03-26,0.11011622846126556
2003-03-27,0.1069837436079979
2003-03-28,0.1026279553771019
2003-03-31,0.09842445701360703
2003-04-01,0.10132858902215958
2003-04-02,0.10507269948720932
2003-04-03,0.1064482033252716
2003-04-04,0.10232173651456833
2003-04-07,0.1033918485045433
2003-04-08,0.10239873826503754
2003-04-09,0.10186322033405304
2003-04-10,0.10239873826503754
2003-04-11,0.1012524962425232
2003-04-14,0.10300946980714798
2003-04-15,0.10247486084699631
2003-04-16,0.10247486084699631
2003-04-17,0.1043088510632515
2003-04-21,0.1069837436079979
2003-04-22,0.10835922509431839
2003-04-23,0.11080396175384521
2003-04-24,0.10751834511756897
2003-04-25,0.10354499518871307
2003-04-28,0.10667746514081955
2003-04-29,0.10996399819850922
2003-04-30,0.10950548201799393
2003-05-01,0.11019323766231537
2003-05-02,0.12150263786315918
2003-05-05,0.12448287755250931
2003-05-06,0.12463598698377609
2003-05-07,0.12264890223741531
2003-05-08,0.1227249875664711
2003-05-09,0.1633022576570511
2003-05-12,0.15871724486351013
2003-05-13,0.1557370126247406
2003-05-14,0.15558476746082306
2003-05-15,0.16093365848064423
2003-05-16,0.16246232390403748
2003-05-19,0.15329228341579437
2003-05-20,0.1543615162372589
2003-05-21,0.1597874015569687
2003-05-22,0.16032201051712036
2003-05-23,0.15948204696178436
2003-05-27,0.17361851036548615
2003-05-28,0.17316004633903503
2003-05-29,0.18500490486621857
2003-05-30,0.19998228549957275
2003-06-02,0.18890218436717987
2003-06-03,0.19279952347278595
2003-06-04,0.19738443195819855
2003-06-05,0.20303955674171448
2003-06-06,0.1968497782945633
2003-06-09,0.19448025524616241
2003-06-10,0.19730830192565918
2003-06-11,0.19746053218841553
2003-06-12,0.19448025524616241
2003-06-13,0.17934973537921906
2003-06-16,0.18317094445228577
2003-06-17,0.18752671778202057
2003-06-18,0.19470952451229095
2003-06-19,0.18286560475826263
2003-06-20,0.18095451593399048
2003-06-23,0.17453551292419434
2003-06-24,0.17415401339530945
2003-06-25,0.17530028522014618
2003-06-26,0.17552955448627472
2003-06-27,0.17239615321159363
2003-06-30,0.17507103085517883
2003-07-01,0.1822539120912552
2003-07-02,0.1817193478345871
2003-07-03,0.17965607345104218
2003-07-07,0.1914239227771759
2003-07-08,0.1892845332622528
2003-07-09,0.1936403214931488
2003-07-10,0.185692697763443
2003-07-11,0.18668580055236816
2003-07-14,0.1852341592311859
2003-07-15,0.1791975498199463
2003-07-16,0.17698119580745697
2003-07-17,0.1681165099143982
2003-07-18,0.16246232390403748
2003-07-21,0.16001668572425842
2003-07-22,0.16269150376319885
2003-07-23,0.16483089327812195
2003-07-24,0.1584118753671646
2003-07-25,0.16093365848064423
2003-07-28,0.15596626698970795
2003-07-29,0.14572696387767792
2003-07-30,0.14412230253219604
2003-07-31,0.14587928354740143
2003-08-01,0.15069349110126495
2003-08-04,0.15634863078594208
2003-08-05,0.15589012205600739
2003-08-06,0.14954723417758942
2003-08-07,0.14748398959636688
2003-08-08,0.1184462234377861
2003-08-11,0.12486521154642105
2003-08-12,0.12738703191280365
2003-08-13,0.12822702527046204
2003-08-14,0.12379512190818787
2003-08-15,0.12341269850730896
2003-08-18,0.1270807385444641
2003-08-19,0.13678625226020813
2003-08-20,0.13487523794174194
2003-08-21,0.13854321837425232
2003-08-22,0.13953730463981628
2003-08-25,0.13877247273921967
2003-08-26,0.1365569829940796
2003-08-27,0.14068347215652466
2003-08-28,0.13701553642749786
2003-08-29,0.13884952664375305
2003-09-02,0.13762624561786652
2003-09-03,0.13495224714279175
2003-09-04,0.13625067472457886
2003-09-05,0.14274679124355316
2003-09-08,0.14931797981262207
2003-09-09,0.15848800539970398
2003-09-10,0.14763712882995605
2003-09-11,0.14572696387767792
2003-09-12,0.1478663682937622
2003-09-15,0.14542073011398315
2003-09-16,0.14992964267730713
2003-09-17,0.15168754756450653
2003-09-18,0.15283378958702087
2003-09-19,0.15161052346229553
2003-09-22,0.1456499695777893
2003-09-23,0.14702552556991577
2003-09-24,0.13586927950382233
2003-09-25,0.13395825028419495
2003-09-26,0.12883861362934113
2003-09-29,0.12188500165939331
2003-09-30,0.12203725427389145
2003-10-01,0.12303119897842407
2003-10-02,0.1249413713812828
2003-10-03,0.12822702527046204
2003-10-06,0.1272338628768921
2003-10-07,0.12838013470172882
2003-10-08,0.12387125194072723
2003-10-09,0.12562911212444305
2003-10-10,0.12784549593925476
2003-10-13,0.12914401292800903
2003-10-14,0.13151347637176514
2003-10-15,0.1298317164182663
2003-10-16,0.1314365118741989
2003-10-17,0.12730997800827026
2003-10-20,0.13013797998428345
2003-10-21,0.13411135971546173
2003-10-22,0.13181890547275543
2003-10-23,0.13120722770690918
2003-10-24,0.1307487189769745
2003-10-27,0.1314365118741989
2003-10-28,0.13968949019908905
2003-10-29,0.13968949019908905
2003-10-30,0.13709157705307007
2003-10-31,0.1351044476032257
2003-11-03,0.13762624561786652
2003-11-04,0.13808473944664001
2003-11-05,0.13862024247646332
2003-11-06,0.13884952664375305
2003-11-07,0.16620641946792603
2003-11-10,0.16574792563915253
2003-11-11,0.16162139177322388
2003-11-12,0.1637607216835022
2003-11-13,0.16383777558803558
2003-11-14,0.15413229167461395
2003-11-17,0.15252746641635895
2003-11-18,0.15031206607818604
2003-11-19,0.1545145958662033
2003-11-20,0.15038812160491943
2003-11-21,0.1509997546672821
2003-11-24,0.16009271144866943
2003-11-25,0.1628437638282776
2003-11-26,0.16299691796302795
2003-11-28,0.16223300993442535
2003-12-01,0.16452550888061523
2003-12-02,0.16383777558803558
2003-12-03,0.16215601563453674
2003-12-04,0.16131603717803955
2003-12-05,0.15611937642097473
2003-12-08,0.15726566314697266
2003-12-09,0.1490887850522995
2003-12-10,0.15237528085708618
2003-12-11,0.16009271144866943
2003-12-12,0.15925277769565582
2003-12-15,0.15604326128959656
2003-12-16,0.15818268060684204
2003-12-17,0.15512627363204956
2003-12-18,0.15864115953445435
2003-12-19,0.1610097438097
2003-12-22,0.16123898327350616
2003-12-23,0.16781117022037506
2003-12-24,0.16658876836299896
2003-12-26,0.17377164959907532
2003-12-29,0.18110762536525726
2003-12-30,0.18149006366729736
2003-12-31,0.17728649079799652
2004-01-02,0.17636951804161072
2004-01-05,0.18210074305534363
2004-01-06,0.18951384723186493
2004-01-07,0.19119471311569214
2004-01-08,0.1918824166059494
2004-01-09,0.19463342428207397
2004-01-12,0.1968497782945633
2004-01-13,0.18668580055236816
2004-01-14,0.18531033396720886
2004-01-15,0.18561656773090363
2004-01-16,0.18844367563724518
2004-01-20,0.19371645152568817
2004-01-21,0.18477566540241241
2004-01-22,0.18049606680870056
2004-01-23,0.17644654214382172
2004-01-26,0.18340015411376953
2004-01-27,0.17293080687522888
2004-01-28,0.17247219383716583
2004-01-29,0.16742876172065735
2004-01-30,0.17002755403518677
2004-02-02,0.17277857661247253
2004-02-03,0.1721668839454651
2004-02-04,0.16750583052635193
2004-02-05,0.17002755403518677
2004-02-06,0.1739247739315033
2004-02-09,0.17270149290561676
2004-02-10,0.1790444254875183
2004-02-11,0.18531033396720886
2004-02-12,0.17973217368125916
2004-02-13,0.17805129289627075
2004-02-17,0.18003752827644348
2004-02-18,0.18003752827644348
2004-02-19,0.1799614280462265
2004-02-20,0.18447035551071167
2004-02-23,0.17805129289627075
2004-02-24,0.17094455659389496
2004-02-25,0.17193764448165894
2004-02-26,0.17308388650417328
2004-02-27,0.17002755403518677
2004-03-01,0.17254933714866638
2004-03-02,0.1693398505449295
2004-03-03,0.16712336242198944
2004-03-04,0.1707914024591446
2004-03-05,0.16956904530525208
2004-03-08,0.16368468105793
2004-03-09,0.16253843903541565
2004-03-10,0.16016976535320282
2004-03-11,0.15894649922847748
2004-03-12,0.16230915486812592
2004-03-15,0.15864115953445435
2004-03-16,0.16544248163700104
2004-03-17,0.16949205100536346
2004-03-18,0.17140306532382965
2004-03-19,0.1694159060716629
2004-03-22,0.1681165099143982
2004-03-23,0.16880428791046143
2004-03-24,0.17636951804161072
2004-03-25,0.1866096556186676
2004-03-26,0.18607506155967712
2004-03-29,0.19409886002540588
2004-03-30,0.19990617036819458
2004-03-31,0.20174017548561096
2004-04-01,0.19814829528331757
2004-04-02,0.20097632706165314
2004-04-05,0.20815925300121307
2004-04-06,0.1997530460357666
2004-04-07,0.19868379831314087
2004-04-08,0.20433799922466278
2004-04-12,0.20051789283752441
2004-04-13,0.1958557665348053
2004-04-14,0.1968497782945633
2004-04-15,0.186533585190773
2004-04-16,0.18041998147964478
2004-04-19,0.18019060790538788
2004-04-20,0.17254933714866638
2004-04-21,0.17277857661247253
2004-04-22,0.17377164959907532
2004-04-23,0.17759284377098083
2004-04-26,0.17063824832439423
2004-04-27,0.16918663680553436
2004-04-28,0.16849897801876068
2004-04-29,0.16383777558803558
2004-04-30,0.15680713951587677
2004-05-03,0.15481999516487122
2004-05-04,0.16467779874801636
2004-05-05,0.16605326533317566
2004-05-06,0.16742876172065735
2004-05-07,0.16872821748256683
2004-05-10,0.16215601563453674
2004-05-11,0.16613028943538666
2004-05-12,0.16383777558803558
2004-05-13,0.16437236964702606
2004-05-14,0.16437236964702606
2004-05-17,0.16177454590797424
2004-05-18,0.16437236964702606
2004-05-19,0.16399002075195312
2004-05-20,0.16162139177322388
2004-05-21,0.16200385987758636
2004-05-24,0.1614682674407959
2004-05-25,0.16849897801876068
2004-05-26,0.17193764448165894
2004-05-27,0.17247219383716583
2004-05-28,0.1791975498199463
2004-06-01,0.1790444254875183
2004-06-02,0.177668958902359
2004-06-03,0.16911056637763977
2004-06-04,0.16742876172065735
2004-06-07,0.17147916555404663
2004-06-08,0.16842275857925415
2004-06-09,0.16055122017860413
2004-06-10,0.15894649922847748
2004-06-14,0.15398003160953522
2004-06-15,0.1562725156545639
2004-06-16,0.15382689237594604
2004-06-17,0.15077051520347595
2004-06-18,0.1509997546672821
2004-06-21,0.1483248472213745
2004-06-22,0.15252746641635895
2004-06-23,0.15512627363204956
2004-06-24,0.1537507325410843
2004-06-25,0.15474389493465424
2004-06-28,0.15344451367855072
2004-06-29,0.15871724486351013
2004-06-30,0.15642479062080383
2004-07-01,0.14924192428588867
2004-07-02,0.14717859029769897
2004-07-06,0.13854321837425232
2004-07-07,0.13923102617263794
2004-07-08,0.13495224714279175
2004-07-09,0.12914401292800903
2004-07-12,0.12616373598575592
2004-07-13,0.12593454122543335
2004-07-14,0.12035639584064484
2004-07-15,0.11951544880867004
2004-07-16,0.11600060760974884
2004-07-19,0.11730002611875534
2004-07-20,0.1196686252951622
2004-07-21,0.11240872740745544
2004-07-22,0.11477825790643692
2004-07-23,0.11172094196081161
2004-07-26,0.10858848690986633
2004-07-27,0.1121794655919075
2004-07-28,0.10935234278440475
2004-07-29,0.11653522402048111
2004-07-30,0.11783459037542343
2004-08-02,0.1193632110953331
2004-08-03,0.11317352205514908
2004-08-04,0.1143958568572998
2004-08-05,0.11126246303319931
2004-08-06,0.07206070423126221
2004-08-09,0.07527019828557968
2004-08-10,0.08123070001602173
2004-08-11,0.07886205613613129
2004-08-12,0.0770280733704567
2004-08-13,0.08023758977651596
2004-08-16,0.07947372645139694
2004-08-17,0.08382947742938995
2004-08-18,0.08940757066011429
2004-08-19,0.08910221606492996
2004-08-20,0.09437496960163116
2004-08-23,0.09643822908401489
2004-08-24,0.0928463488817215
2004-08-25,0.09681972116231918
2004-08-26,0.09704899042844772
2004-08-27,0.09888297319412231
2004-08-30,0.09559735655784607
2004-08-31,0.09521496295928955
2004-09-01,0.09704899042844772
2004-09-02,0.10102324187755585
2004-09-03,0.09796594083309174
2004-09-07,0.09613197296857834
2004-09-08,0.09414569288492203
2004-09-09,0.10354499518871307
2004-09-10,0.10751834511756897
2004-09-13,0.1095816120505333
2004-09-14,0.1100400984287262
2004-09-15,0.10392647236585617
2004-09-16,0.10782371461391449
2004-09-17,0.11225651204586029
2004-09-20,0.11210335046052933
2004-09-21,0.11508359014987946
2004-09-22,0.10973472893238068
2004-09-23,0.11072786152362823
2004-09-24,0.1073652133345604
2004-09-27,0.10545510798692703
2004-09-28,0.1069837436079979
2004-09-29,0.1095816120505333
2004-09-30,0.1109570860862732
2004-10-01,0.11554211378097534
2004-10-04,0.1188277155160904
2004-10-05,0.11615374684333801
2004-10-06,0.11661222577095032
2004-10-07,0.11730002611875534
2004-10-08,0.1108810231089592
2004-10-11,0.11103319376707077
2004-10-12,0.10942845791578293
2004-10-13,0.10874070227146149
2004-10-14,0.10545510798692703
2004-10-15,0.10255095362663269
2004-10-18,0.10438495129346848
2004-10-19,0.10369721055030823
2004-10-20,0.10492047667503357
2004-10-21,0.10728910565376282
2004-10-22,0.10148172825574875
2004-10-25,0.10194023698568344
2004-10-26,0.11072786152362823
2004-10-27,0.11378420889377594
2004-10-28,0.11256182938814163
2004-10-29,0.11057470738887787
2004-11-01,0.11294425278902054
2004-11-02,0.11454901844263077
2004-11-03,0.11561820656061172
2004-11-04,0.11775849759578705
2004-11-05,0.1347990483045578
2004-11-08,0.13625067472457886
2004-11-09,0.13541078567504883
2004-11-10,0.13541078567504883
2004-11-11,0.13808473944664001
2004-11-12,0.13831399381160736
2004-11-15,0.14037726819515228
2004-11-16,0.1399187296628952
2004-11-17,0.14228831231594086
2004-11-18,0.14412230253219604
2004-11-19,0.1448860913515091
2004-11-22,0.14901261031627655
2004-11-23,0.149624302983284
2004-11-24,0.15023498237133026
2004-11-26,0.15176361799240112
2004-11-29,0.1487833857536316
2004-11-30,0.14618556201457977
2004-12-01,0.14985352754592896
2004-12-02,0.15183976292610168
2004-12-03,0.1584118753671646
2004-12-06,0.1659771353006363
2004-12-07,0.1743062436580658
2004-12-08,0.17636951804161072
2004-12-09,0.17476478219032288
2004-12-10,0.17812742292881012
2004-12-13,0.17323702573776245
2004-12-14,0.17675191164016724
2004-12-15,0.17835666239261627
2004-12-16,0.18072527647018433
2004-12-17,0.17621728777885437
2004-12-20,0.1743062436580658
2004-12-21,0.1756056398153305
2004-12-22,0.17583492398262024
2004-12-23,0.17629338800907135
2004-12-27,0.17476478219032288
2004-12-28,0.1738477349281311
2004-12-29,0.17537640035152435
2004-12-30,0.1746886819601059
2004-12-31,0.18003752827644348
2005-01-03,0.18019060790538788
2005-01-04,0.17170846462249756
2005-01-05,0.17331314086914062
2005-01-06,0.17163227498531342
2005-01-07,0.16834577918052673
2005-01-10,0.16872821748256683
2005-01-11,0.16353152692317963
2005-01-12,0.16215601563453674
2005-01-13,0.16383777558803558
2005-01-14,0.16437236964702606
2005-01-18,0.16697026789188385
2005-01-19,0.16314999759197235
2005-01-20,0.16353152692317963
2005-01-21,0.16383777558803558
2005-01-24,0.15726566314697266
2005-01-25,0.16001668572425842
2005-01-26,0.16207991540431976
2005-01-27,0.17507103085517883
2005-01-28,0.17484182119369507
2005-01-31,0.1751471608877182
2005-02-01,0.17843279242515564
2005-02-02,0.1883675903081894
2005-02-03,0.18638043105602264
2005-02-04,0.19707900285720825
2005-02-07,0.19470952451229095
2005-02-08,0.19662059843540192
2005-02-09,0.18974311649799347
2005-02-10,0.19417497515678406
2005-02-11,0.1998300403356552
2005-02-14,0.19562646746635437
2005-02-15,0.19738443195819855
2005-02-16,0.1966966837644577
2005-02-17,0.19493882358074188
2005-02-18,0.2160298377275467
2005-02-22,0.21878083050251007
2005-02-23,0.21167407929897308
2005-02-24,0.2172531634569168
2005-02-25,0.2203856110572815
2005-02-28,0.22153183817863464
2005-03-01,0.22099719941616058
2005-03-02,0.21450211107730865
2005-03-03,0.21159793436527252
2005-03-04,0.21068096160888672
2005-03-07,0.21282030642032623
2005-03-08,0.2020455300807953
2005-03-09,0.1967727541923523
2005-03-10,0.1966966837644577
2005-03-11,0.1922648549079895
2005-03-14,0.19768975675106049
2005-03-15,0.19371645152568817
2005-03-16,0.19043084979057312
2005-03-17,0.18851980566978455
2005-03-18,0.18469955027103424
2005-03-21,0.19104152917861938
2005-03-22,0.18760278820991516
2005-03-23,0.19165317714214325
2005-03-24,0.19203557074069977
2005-03-28,0.18989528715610504
2005-03-29,0.185692697763443
2005-03-30,0.185692697763443
2005-03-31,0.18156616389751434
2005-04-01,0.17980825901031494
2005-04-04,0.17873907089233398
2005-04-05,0.1756056398153305
2005-04-06,0.17828059196472168
2005-04-07,0.18156616389751434
2005-04-08,0.1791975498199463
2005-04-11,0.1756817251443863
2005-04-12,0.1778220534324646
2005-04-13,0.17040903866291046
2005-04-14,0.1690334528684616
2005-04-15,0.16314999759197235
2005-04-18,0.16200385987758636
2005-04-19,0.16765810549259186
2005-04-20,0.16253843903541565
2005-04-21,0.171555295586586
2005-04-22,0.16995058953762054
2005-04-25,0.17262545228004456
2005-04-26,0.17186158895492554
2005-04-27,0.16528943181037903
2005-04-28,0.16582398116588593
2005-04-29,0.16758187115192413
2005-05-02,0.16697026789188385
2005-05-03,0.16605326533317566
2005-05-04,0.17132602632045746
2005-05-05,0.1746886819601059
2005-05-06,0.17705731093883514
2005-05-09,0.18034380674362183
2005-05-10,0.17331314086914062
2005-05-11,0.17040903866291046
2005-05-12,0.17415401339530945
2005-05-13,0.19356323778629303
2005-05-16,0.19425103068351746
2005-05-17,0.19639141857624054
2005-05-18,0.19784289598464966
2005-05-19,0.19746053218841553
2005-05-20,0.20097632706165314
2005-05-23,0.2056373953819275
2005-05-24,0.20854155719280243
2005-05-25,0.20586669445037842
2005-05-26,0.21167407929897308
2005-05-27,0.21029864251613617
2005-05-31,0.20708903670310974
2005-06-01,0.20900008082389832
2005-06-02,0.21679456532001495
2005-06-03,0.21625907719135284
2005-06-06,0.21419578790664673
2005-06-07,0.20900008082389832
2005-06-08,0.20754757523536682
2005-06-09,0.21625907719135284
2005-06-10,0.2138143628835678
2005-06-13,0.21855154633522034
2005-06-14,0.2056373953819275
2005-06-15,0.2050258219242096
2005-06-16,0.20609594881534576
2005-06-17,0.2056373953819275
2005-06-20,0.20877081155776978
2005-06-21,0.2107570767402649
2005-06-22,0.21052783727645874
2005-06-23,0.2138143628835678
2005-06-24,0.20701298117637634
2005-06-27,0.20533213019371033
2005-06-28,0.20663051307201385
2005-06-29,0.2047204226255417
2005-06-30,0.20418581366539001
2005-07-01,0.205102801322937
2005-07-05,0.20831231772899628
2005-07-06,0.2138904333114624
2005-07-07,0.21236184239387512
2005-07-08,0.21503669023513794
2005-07-11,0.21824617683887482
2005-07-12,0.2170238047838211
2005-07-13,0.21732917428016663
2005-07-14,0.2077006846666336
2005-07-15,0.2054842710494995
2005-07-18,0.20036470890045166
2005-07-19,0.20311567187309265
2005-07-20,0.20617206394672394
2005-07-21,0.20265717804431915
2005-07-22,0.19738443195819855
2005-07-25,0.19853070378303528
2005-07-26,0.20265717804431915
2005-07-27,0.2067836970090866
2005-07-28,0.20838841795921326
2005-07-29,0.2067836970090866
2005-08-01,0.2099170982837677
2005-08-02,0.21274413168430328
2005-08-03,0.21274413168430328
2005-08-04,0.21052783727645874
2005-08-05,0.21587762236595154
2005-08-08,0.21664144098758698
2005-08-09,0.2161068618297577
2005-08-10,0.21289736032485962
2005-08-11,0.21587762236595154
2005-08-12,0.228867769241333
2005-08-15,0.2346760779619217
2005-08-16,0.23070183396339417
2005-08-17,0.23070183396339417
2005-08-18,0.22474126517772675
2005-08-19,0.2231365591287613
2005-08-22,0.2213025540113449
2005-08-23,0.2227550894021988
2005-08-24,0.22290726006031036
2005-08-25,0.2244359254837036
2005-08-26,0.22099719941616058
2005-08-29,0.22137954831123352
2005-08-30,0.2293263077735901
2005-08-31,0.2344469428062439
2005-09-01,0.2345229834318161
2005-09-02,0.23070183396339417
2005-09-06,0.23261286318302155
2005-09-07,0.24002505838871002
2005-09-08,0.2428521066904068
2005-09-09,0.2459854632616043
2005-09-12,0.24514447152614594
2005-09-13,0.2525574564933777
2005-09-14,0.2495003193616867
2005-09-15,0.2539331018924713
2005-09-16,0.2540854215621948
2005-09-19,0.25049424171447754
2005-09-20,0.2553846836090088
2005-09-21,0.2531683146953583
2005-09-22,0.24636778235435486
2005-09-23,0.24995894730091095
2005-09-26,0.2520221471786499
2005-09-27,0.2528630495071411
2005-09-28,0.2543916404247284
2005-09-29,0.25966429710388184
2005-09-30,0.26195695996284485
2005-10-03,0.26913976669311523
2005-10-04,0.265625
2005-10-05,0.25683632493019104
2005-10-06,0.25591936707496643
2005-10-07,0.2526337802410126
2005-10-10,0.2462145984172821
2005-10-11,0.24315835535526276
2005-10-12,0.2460615336894989
2005-10-13,0.2447631061077118
2005-10-14,0.2447631061077118
2005-10-17,0.24713174998760223
2005-10-18,0.24308136105537415
2005-10-19,0.24101802706718445
2005-10-20,0.24269987642765045
2005-10-21,0.2440754622220993
2005-10-24,0.25072363018989563
2005-10-25,0.25232836604118347
2005-10-26,0.24545086920261383
2005-10-27,0.24033035337924957
2005-10-28,0.2477433830499649
2005-10-31,0.2563778758049011
2005-11-01,0.25324538350105286
2005-11-02,0.26791736483573914
2005-11-03,0.26478397846221924
2005-11-04,0.26027506589889526
2005-11-07,0.2591288089752197
2005-11-08,0.2543146312236786
2005-11-09,0.2657771110534668
2005-11-10,0.25591936707496643
2005-11-11,0.2601228952407837
2005-11-14,0.265625
2005-11-15,0.2662355601787567
2005-11-16,0.2653186023235321
2005-11-17,0.27708739042282104
2005-11-18,0.27655190229415894
2005-11-21,0.28144317865371704
2005-11-22,0.288931280374527
2005-11-23,0.2880913317203522
2005-11-25,0.2909184992313385
2005-11-28,0.28946688771247864
2005-11-29,0.2711268961429596
2005-11-30,0.276246577501297
2005-12-01,0.2795320749282837
2005-12-02,0.2796090841293335
2005-12-05,0.27441251277923584
2005-12-06,0.2755587697029114
2005-12-07,0.2760172486305237
2005-12-08,0.27380090951919556
2005-12-09,0.2776980996131897
2005-12-12,0.2817484736442566
2005-12-13,0.28541645407676697
2005-12-14,0.28274157643318176
2005-12-15,0.2791506350040436
2005-12-16,0.28159528970718384
2005-12-19,0.2769343852996826
2005-12-20,0.2767811715602875
2005-12-21,0.276246577501297
2005-12-22,0.28465259075164795
2005-12-23,0.2868680953979492
2005-12-27,0.2886259853839874
2005-12-28,0.29130086302757263
2005-12-29,0.2848047614097595
2005-12-30,0.27937987446784973
2006-01-03,0.2920648157596588
2006-01-04,0.30024173855781555
2006-01-05,0.3070421814918518
2006-01-06,0.3120856285095215
2006-01-09,0.3207972049713135
2006-01-10,0.3208741843700409
2006-01-11,0.3324889838695526
2006-01-12,0.3277517557144165
2006-01-13,0.3248475193977356
2006-01-17,0.32461830973625183
2006-01-18,0.32629910111427307
2006-01-19,0.3444100320339203
2006-01-20,0.3347814083099365
2006-01-23,0.3366924822330475
2006-01-24,0.3383732736110687
2006-01-25,0.3353930413722992
2006-01-26,0.3468555808067322
2006-01-27,0.3534276783466339
2006-01-30,0.3494534492492676
2006-01-31,0.3435698449611664
2006-02-01,0.3437992334365845
2006-02-02,0.3333297669887543
2006-02-03,0.33638614416122437
2006-02-06,0.34586259722709656
2006-02-07,0.3335590958595276
2006-02-08,0.3431875705718994
2006-02-09,0.33738020062446594
2006-02-10,0.33546915650367737
2006-02-13,0.3366154432296753
2006-02-14,0.3372269868850708
2006-02-15,0.3437221944332123
2006-02-16,0.36068668961524963
2006-02-17,0.3627498745918274
2006-02-21,0.3550325036048889
2006-02-22,0.35442087054252625
2006-02-23,0.34899479150772095
2006-02-24,0.3489188849925995
2006-02-27,0.3630562722682953
2006-02-28,0.3601520359516144
2006-03-01,0.3738309144973755
2006-03-02,0.3743656277656555
2006-03-03,0.37566494941711426
2006-03-06,0.37490013241767883
2006-03-07,0.36848121881484985
2006-03-08,0.36664724349975586
2006-03-09,0.36855828762054443
2006-03-10,0.3621392846107483
2006-03-13,0.3664950728416443
2006-03-14,0.3766581416130066
2006-03-15,0.382694810628891
2006-03-16,0.3697045147418976
2006-03-17,0.37268468737602234
2006-03-20,0.3698567748069763
2006-03-21,0.3881206214427948
2006-03-22,0.376963347196579
2006-03-23,0.38399407267570496
2006-03-24,0.39698538184165955
2006-03-27,0.4076830744743347
2006-03-28,0.4139498770236969
2006-03-29,0.4361870288848877
2006-03-30,0.439167320728302
2006-03-31,0.4375625550746918
2006-04-03,0.44245290756225586
2006-04-04,0.46316149830818176
2006-04-05,0.46690672636032104
2006-04-06,0.46782350540161133
2006-04-07,0.46660029888153076
2006-04-10,0.45850053429603577
2006-04-11,0.4473433494567871
2006-04-12,0.4653778672218323
2006-04-13,0.4523867666721344
2006-04-17,0.4536101520061493
2006-04-18,0.44291144609451294
2006-04-19,0.4456624388694763
2006-04-20,0.44505083560943604
2006-04-21,0.4290032684803009
2006-04-24,0.4421475827693939
2006-04-25,0.44184133410453796
2006-04-26,0.43878498673439026
2006-04-27,0.4458155035972595
2006-04-28,0.44657933712005615
2006-05-01,0.4722553491592407
2006-05-02,0.4716438353061676
2006-05-03,0.4747009575366974
2006-05-04,0.4716438353061676
2006-05-05,0.4780626893043518
2006-05-08,0.47592341899871826
2006-05-09,0.4614045321941376
2006-05-10,0.4511643648147583
2006-05-11,0.4351169466972351
2006-05-12,0.40241026878356934
2006-05-15,0.4082185924053192
2006-05-16,0.3975197374820709
2006-05-17,0.38147228956222534
2006-05-18,0.3642024099826813
2006-05-19,0.3718438744544983
2006-05-22,0.36680030822753906
2006-05-23,0.36282703280448914
2006-05-24,0.36756420135498047
2006-05-25,0.3655779957771301
2006-05-26,0.36634188890457153
2006-05-30,0.3510582149028778
2006-05-31,0.351211279630661
2006-06-01,0.36955133080482483
2006-06-02,0.3642024099826813
2006-06-05,0.3489188849925995
2006-06-06,0.33959561586380005
2006-06-07,0.333482950925827
2006-06-08,0.32736936211586
2006-06-09,0.32629910111427307
2006-06-12,0.30826541781425476
2006-06-13,0.30352723598480225
2006-06-14,0.312391996383667
2006-06-15,0.339748740196228
2006-06-16,0.3310372233390808
2006-06-19,0.32110342383384705
2006-06-20,0.316059947013855
2006-06-21,0.3195748031139374
2006-06-22,0.3102516531944275
2006-06-23,0.31040477752685547
2006-06-26,0.3075006306171417
2006-06-27,0.29771989583969116
2006-06-28,0.31422582268714905
2006-06-29,0.3284394443035126
2006-06-30,0.32538214325904846
2006-07-03,0.33012038469314575
2006-07-05,0.31529513001441956
2006-07-06,0.305514395236969
2006-07-07,0.2960381507873535
2006-07-10,0.28320014476776123
2006-07-11,0.29267653822898865
2006-07-12,0.27861520648002625
2006-07-13,0.2714322507381439
2006-07-14,0.2700567841529846
2006-07-17,0.2721961736679077
2006-07-18,0.2870211899280548
2006-07-19,0.29955393075942993
2006-07-20,0.2935934364795685
2006-07-21,0.2715853750705719
2006-07-24,0.29894229769706726
2006-07-25,0.30948778986930847
2006-07-26,0.30948778986930847
2006-07-27,0.3139196038246155
2006-07-28,0.34647324681282043
2006-07-31,0.3383732736110687
2006-08-01,0.324771523475647
2006-08-02,0.3496827483177185
2006-08-03,0.3716907501220703
2006-08-04,0.36664724349975586
2006-08-07,0.36236855387687683
2006-08-08,0.37199702858924866
2006-08-09,0.3718438744544983
2006-08-10,0.3692459166049957
2006-08-11,0.35763028264045715
2006-08-14,0.35579636693000793
2006-08-15,0.3900308310985565
2006-08-16,0.4179992377758026
2006-08-17,0.41142797470092773
2006-08-18,0.4181525707244873
2006-08-21,0.4027165472507477
2006-08-22,0.402104914188385
2006-08-23,0.40179958939552307
2006-08-24,0.405925989151001
2006-08-25,0.40470263361930847
2006-08-28,0.41861090064048767
2006-08-29,0.4375625550746918
2006-08-30,0.44657933712005615
2006-08-31,0.44489848613739014
2006-09-01,0.4262522757053375
2006-09-05,0.4355754554271698
2006-09-06,0.41372039914131165
2006-09-07,0.4219735562801361
2006-09-08,0.42334914207458496
2006-09-11,0.4299201965332031
2006-09-12,0.44123053550720215
2006-09-13,0.44474539160728455
2006-09-14,0.4430646002292633
2006-09-15,0.4517761170864105
2006-09-18,0.468892902135849
2006-09-19,0.456666499376297
2006-09-20,0.47332561016082764
2006-09-21,0.4695044159889221
2006-09-22,0.45559629797935486
2006-09-25,0.47195008397102356
2006-09-26,0.46201521158218384
2006-09-27,0.46063974499702454
2006-09-28,0.4519282281398773
2006-09-29,0.45223456621170044
2006-10-02,0.44077208638191223
2006-10-03,0.4325190484523773
2006-10-04,0.4750063717365265
2006-10-05,0.4615568220615387
2006-10-06,0.47271397709846497
2006-10-09,0.5031281113624573
2006-10-10,0.4916656017303467
2006-10-11,0.49441665410995483
2006-10-12,0.49640294909477234
2006-10-13,0.5161182880401611
2006-10-16,0.5152015089988708
2006-10-17,0.4954858720302582
2006-10-18,0.48234236240386963
2006-10-19,0.4915126860141754
2006-10-20,0.4858573377132416
2006-10-23,0.48264798521995544
2006-10-24,0.4967088997364044
2006-10-25,0.5012941360473633
2006-10-26,0.517188310623169
2006-10-27,0.4948752224445343
2006-10-30,0.5008357763290405
2006-10-31,0.5329306721687317
2006-11-01,0.49181780219078064
2006-11-02,0.48845604062080383
2006-11-03,0.49823683500289917
2006-11-06,0.5133673548698425
2006-11-07,0.5211617350578308
2006-11-08,0.5288038849830627
2006-11-09,0.5393497943878174
2006-11-10,0.5263583064079285
2006-11-13,0.5502005219459534
2006-11-14,0.5557025671005249
2006-11-15,0.5465325117111206
2006-11-16,0.5535632371902466
2006-11-17,0.5550906658172607
2006-11-20,0.5602874159812927
2006-11-21,0.5515759587287903
2006-11-22,0.5610512495040894
2006-11-24,0.5651780366897583
2006-11-27,0.5396550893783569
2006-11-28,0.5497419238090515
2006-11-29,0.5578417778015137
2006-11-30,0.5653308629989624
2006-12-01,0.5431698560714722
2006-12-04,0.5651780366897583
2006-12-05,0.5593704581260681
2006-12-06,0.5586065649986267
2006-12-07,0.5451568365097046
2006-12-08,0.5433228611946106
2006-12-11,0.5526460409164429
2006-12-12,0.5469907522201538
2006-12-13,0.5534098744392395
2006-12-14,0.5631915330886841
2006-12-15,0.5731256008148193
2006-12-18,0.583059549331665
2006-12-19,0.5914654731750488
2006-12-20,0.5847412347793579
2006-12-21,0.5796974897384644
2006-12-22,0.5659427046775818
2006-12-26,0.5657896995544434
2006-12-27,0.5732787847518921
2006-12-28,0.5691522359848022
2006-12-29,0.5656363368034363
2007-01-03,0.5514227151870728
2007-01-04,0.5488250255584717
2007-01-05,0.5144372582435608
2007-01-08,0.5182585716247559
2007-01-09,0.5081716775894165
2007-01-10,0.5332359671592712
2007-01-11,0.5312491059303284
2007-01-12,0.5384325981140137
2007-01-16,0.5393497943878174
2007-01-17,0.5280395746231079
2007-01-18,0.4843296706676483
2007-01-19,0.4872327446937561
2007-01-22,0.4872327446937561
2007-01-23,0.4873858392238617
2007-01-24,0.5025164484977722
2007-01-25,0.4849402606487274
2007-01-26,0.48096710443496704
2007-01-29,0.461251437664032
2007-01-30,0.47011610865592957
2007-01-31,0.4684344232082367
2007-02-01,0.474394828081131
2007-02-02,0.48677411675453186
2007-02-05,0.4947218596935272
2007-02-06,0.5122981071472168
2007-02-07,0.5323188900947571
2007-02-08,0.5254413485527039
2007-02-09,0.4990015923976898
2007-02-12,0.5100057125091553
2007-02-13,0.5196341276168823
2007-02-14,0.5127567648887634
2007-02-15,0.5158130526542664
2007-02-16,0.5000706911087036
2007-02-20,0.5045035481452942
2007-02-21,0.49701422452926636
2007-02-22,0.5002240538597107
2007-02-23,0.4990015923976898
2007-02-26,0.4913593828678131
2007-02-27,0.4765351712703705
2007-02-28,0.47378402948379517
2007-03-01,0.46797576546669006
2007-03-02,0.45498552918434143
2007-03-05,0.4395487904548645
2007-03-06,0.46553102135658264
2007-03-07,0.4523867666721344
2007-03-08,0.4710330367088318
2007-03-09,0.46629488468170166
2007-03-12,0.46354395151138306
2007-03-13,0.4439815580844879
2007-03-14,0.44184133410453796
2007-03-15,0.437409371137619
2007-03-16,0.43328288197517395
2007-03-19,0.4354221522808075
2007-03-20,0.43328288197517395
2007-03-21,0.45804181694984436
2007-03-22,0.4681290090084076
2007-03-23,0.46293219923973083
2007-03-26,0.4638492166996002
2007-03-27,0.4551377296447754
2007-03-28,0.4464263319969177
2007-03-29,0.4386317729949951
2007-03-30,0.43985506892204285
2007-04-02,0.43939653038978577
2007-04-03,0.4377147853374481
2007-04-04,0.43679776787757874
2007-04-05,0.4722553491592407
2007-04-09,0.4636971354484558
2007-04-10,0.4589588940143585
2007-04-11,0.4507059156894684
2007-04-12,0.46354395151138306
2007-04-13,0.46736499667167664
2007-04-16,0.46491947770118713
2007-04-17,0.46935129165649414
2007-04-18,0.47515955567359924
2007-04-19,0.48173078894615173
2007-04-20,0.4873858392238617
2007-04-23,0.47943833470344543
2007-04-24,0.49747294187545776
2007-04-25,0.5060313940048218
2007-04-26,0.5122981071472168
2007-04-27,0.5054206848144531
2007-04-30,0.5026693940162659
2007-05-01,0.508018434047699
2007-05-02,0.5020580291748047
2007-05-03,0.511533260345459
2007-05-04,0.5152015089988708
2007-05-07,0.504962146282196
2007-05-08,0.5087823867797852
2007-05-09,0.5110746622085571
2007-05-10,0.5015994310379028
2007-05-11,0.5370572209358215
2007-05-14,0.5317072868347168
2007-05-15,0.5269699692726135
2007-05-16,0.5336945652961731
2007-05-17,0.5248298048973083
2007-05-18,0.5352230668067932
2007-05-21,0.536903977394104
2007-05-22,0.5398080348968506
2007-05-23,0.5254413485527039
2007-05-24,0.5064898133277893
2007-05-25,0.5144372582435608
2007-05-29,0.5199395418167114
2007-05-30,0.5211617350578308
2007-05-31,0.5294149518013
2007-06-01,0.533082902431488
2007-06-04,0.5359869599342346
2007-06-05,0.5518814325332642
2007-06-06,0.5560078024864197
2007-06-07,0.5500471591949463
2007-06-08,0.5586065649986267
2007-06-11,0.5605925917625427
2007-06-12,0.554785430431366
2007-06-13,0.5680820345878601
2007-06-14,0.5781691074371338
2007-06-15,0.6044566035270691
2007-06-18,0.604762077331543
2007-06-19,0.6085831522941589
2007-06-20,0.6091938614845276
2007-06-21,0.6568779349327087
2007-06-22,0.6666595339775085
2007-06-25,0.6490836143493652
2007-06-26,0.6189755797386169
2007-06-27,0.6356348395347595
2007-06-28,0.6417473554611206
2007-06-29,0.6313549280166626
2007-07-02,0.657642662525177
2007-07-03,0.6587119102478027
2007-07-05,0.6657426953315735
2007-07-06,0.6689520478248596
2007-07-09,0.6883621215820312
2007-07-10,0.6950865983963013
2007-07-11,0.6920303702354431
2007-07-12,0.7053267955780029
2007-07-13,0.7010472416877747
2007-07-16,0.713732123374939
2007-07-17,0.710675835609436
2007-07-18,0.6976844668388367
2007-07-19,0.6969206929206848
2007-07-20,0.6892792582511902
2007-07-23,0.6961567997932434
2007-07-24,0.6778168082237244
2007-07-25,0.6746073961257935
2007-07-26,0.6779690384864807
2007-07-27,0.6762880682945251
2007-07-30,0.695239782333374
2007-07-31,0.6993664503097534
2007-08-01,0.6941697597503662
2007-08-02,0.6911133527755737
2007-08-03,0.6501537561416626
2007-08-06,0.655655562877655
2007-08-07,0.6660479307174683
2007-08-08,0.6967676877975464
2007-08-09,0.7050204277038574
2007-08-10,0.6723147630691528
2007-08-13,0.6649786233901978
2007-08-14,0.6908068656921387
2007-08-15,0.6616161465644836
2007-08-16,0.6506123542785645
2007-08-17,0.688973069190979
2007-08-20,0.6862221360206604
2007-08-21,0.7233605980873108
2007-08-22,0.7398666143417358
2007-08-23,0.7336006164550781
2007-08-24,0.7374218106269836
2007-08-27,0.754080057144165
2007-08-28,0.7080780267715454
2007-08-29,0.7482725381851196
2007-08-30,0.7439931631088257
2007-08-31,0.7818963527679443
2007-09-04,0.8060435056686401
2007-09-05,0.7999301552772522
2007-09-06,0.8034456968307495
2007-09-07,0.7741019129753113
2007-09-10,0.7762412428855896
2007-09-11,0.7927471995353699
2007-09-12,0.761569082736969
2007-09-13,0.761798620223999
2007-09-14,0.739331841468811
2007-09-17,0.7377273440361023
2007-09-18,0.802375853061676
2007-09-19,0.7877037525177002
2007-09-20,0.7831187844276428
2007-09-21,0.7906839847564697
2007-09-24,0.8108580112457275
2007-09-25,0.8211742639541626
2007-09-26,0.8406604528427124
2007-09-27,0.8431822657585144
2007-09-28,0.8308027386665344
2007-10-01,0.8658782243728638
2007-10-02,0.8576251268386841
2007-10-03,0.8211742639541626
2007-10-04,0.8248421549797058
2007-10-05,0.8466210961341858
2007-10-08,0.8603761196136475
2007-10-09,0.8452457189559937
2007-10-10,0.8461621999740601
2007-10-11,0.8085654973983765
2007-10-12,0.8282809853553772
2007-10-15,0.8342415690422058
2007-10-16,0.8418068289756775
2007-10-17,0.9064553380012512
2007-10-18,0.9057676792144775
2007-10-19,0.857166588306427
2007-10-22,0.8977437019348145
2007-10-23,0.9020996689796448
2007-10-24,0.8716092705726624
2007-10-25,0.7954984307289124
2007-10-26,0.7886207103729248
2007-10-29,0.7700516581535339
2007-10-30,0.7982493042945862
2007-10-31,0.8110871911048889
2007-11-01,0.8110871911048889
2007-11-02,0.842265248298645
2007-11-05,0.842265248298645
2007-11-06,0.8688583970069885
2007-11-07,0.8275933265686035
2007-11-08,0.7757828831672668
2007-11-09,0.7647788524627686
2007-11-12,0.6884385943412781
2007-11-13,0.7491898536682129
2007-11-14,0.7374979853630066
2007-11-15,0.7276400923728943
2007-11-16,0.743916928768158
2007-11-19,0.6937111616134644
2007-11-20,0.6884385943412781
2007-11-21,0.6811021566390991
2007-11-23,0.6927940845489502
2007-11-26,0.6767465472221375
2007-11-27,0.7058613300323486
2007-11-28,0.753087043762207
2007-11-29,0.7592765688896179
2007-11-30,0.7230551242828369
2007-12-03,0.7336006164550781
2007-12-04,0.732913076877594
2007-12-05,0.7709683775901794
2007-12-06,0.7865575551986694
2007-12-07,0.7766999006271362
2007-12-10,0.7851819396018982
2007-12-11,0.7860990762710571
2007-12-12,0.8131502866744995
2007-12-13,0.7909132838249207
2007-12-14,0.8039803504943848
2007-12-17,0.7629445791244507
2007-12-18,0.78243088722229
2007-12-19,0.7897669076919556
2007-12-20,0.8062730431556702
2007-12-21,0.8060435056686401
2007-12-24,0.8202571868896484
2007-12-26,0.8312613368034363
2007-12-27,0.8055853247642517
2007-12-28,0.797561526298523
2007-12-31,0.7799091339111328
2008-01-02,0.756754994392395
2008-01-03,0.7507944703102112
2008-01-04,0.6877505779266357
2008-01-07,0.6166831851005554
2008-01-08,0.6297502517700195
2008-01-09,0.6623038649559021
2008-01-10,0.6485486030578613
2008-01-11,0.6201217770576477
2008-01-14,0.6613869071006775
2008-01-15,0.612785816192627
2008-01-16,0.5435523390769958
2008-01-17,0.5341530442237854
2008-01-18,0.5694573521614075
2008-01-22,0.5410305261611938
2008-01-23,0.5508882999420166
2008-01-24,0.5930702090263367
2008-01-25,0.5719792246818542
2008-01-28,0.5651014447212219
2008-01-29,0.5825245976448059
2008-01-30,0.577481210231781
2008-01-31,0.5637264847755432
2008-02-01,0.6157659888267517
2008-02-04,0.5965090990066528
2008-02-05,0.5591413378715515
2008-02-06,0.5573074817657471
2008-02-07,0.5628093481063843
2008-02-08,0.5728961825370789
2008-02-11,0.5747301578521729
2008-02-12,0.5960504412651062
2008-02-13,0.6194340586662292
2008-02-14,0.5183348655700684
2008-02-15,0.5105401277542114
2008-02-19,0.5029748678207397
2008-02-20,0.4993068277835846
2008-02-21,0.4880736470222473
2008-02-22,0.5116865634918213
2008-02-25,0.5114571452140808
2008-02-26,0.5158130526542664
2008-02-27,0.5238367915153503
2008-02-28,0.5041212439537048
2008-02-29,0.49036625027656555
2008-03-03,0.48463505506515503
2008-03-04,0.47982072830200195
2008-03-05,0.4853227436542511
2008-03-06,0.45483240485191345
2008-03-07,0.44818419218063354
2008-03-10,0.4225080907344818
2008-03-11,0.43649235367774963
2008-03-12,0.42457133531570435
2008-03-13,0.4516229033470154
2008-03-14,0.41998645663261414
2008-03-17,0.4094408452510834
2008-03-18,0.434887558221817
2008-03-19,0.404855877161026
2008-03-20,0.42457133531570435
2008-03-24,0.45918819308280945
2008-03-25,0.4658364951610565
2008-03-26,0.4509352147579193
2008-03-27,0.4445161521434784
2008-03-28,0.4511643648147583
2008-03-31,0.4536861777305603
2008-04-01,0.48142558336257935
2008-04-02,0.46675345301628113
2008-04-03,0.45804181694984436
2008-04-04,0.4305318295955658
2008-04-07,0.44084814190864563
2008-04-08,0.4383264482021332
2008-04-09,0.44703787565231323
2008-04-10,0.4557494521141052
2008-04-11,0.42480066418647766
2008-04-14,0.4105871319770813
2008-04-15,0.4154013693332672
2008-04-16,0.4319074749946594
2008-04-17,0.4259469211101532
2008-04-18,0.4360339641571045
2008-04-21,0.4555201530456543
2008-04-22,0.44703787565231323
2008-04-23,0.46858730912208557
2008-04-24,0.4573541581630707
2008-04-25,0.4619392156600952
2008-04-28,0.4536861777305603
2008-04-29,0.46308544278144836
2008-04-30,0.4711092412471771
2008-05-01,0.4928878843784332
2008-05-02,0.5162715911865234
2008-05-05,0.503433346748352
2008-05-06,0.5165006518363953
2008-05-07,0.5045796036720276
2008-05-08,0.503204345703125
2008-05-09,0.5165006518363953
2008-05-12,0.5018287897109985
2008-05-13,0.4915126860141754
2008-05-14,0.5059552192687988
2008-05-15,0.5451568365097046
2008-05-16,0.5595998764038086
2008-05-19,0.5479080080986023
2008-05-20,0.5336945652961731
2008-05-21,0.5293388366699219
2008-05-22,0.5421767830848694
2008-05-23,0.5297972559928894
2008-05-27,0.5355284214019775
2008-05-28,0.540571928024292
2008-05-29,0.5391961932182312
2008-05-30,0.5662479996681213
2008-06-02,0.568540632724762
2008-06-03,0.5492835640907288
2008-06-04,0.5557025671005249
2008-06-05,0.5696866512298584
2008-06-06,0.5515759587287903
2008-06-09,0.5430936813354492
2008-06-10,0.5109986066818237
2008-06-11,0.48715683817863464
2008-06-12,0.4901369512081146
2008-06-13,0.488532155752182
2008-06-16,0.4818839132785797
2008-06-17,0.47019222378730774
2008-06-18,0.4564371705055237
2008-06-19,0.4552910029888153
2008-06-20,0.4529983401298523
2008-06-23,0.4435991048812866
2008-06-24,0.45827123522758484
2008-06-25,0.4607928395271301
2008-06-26,0.43718013167381287
2008-06-27,0.44199439883232117
2008-06-30,0.42915642261505127
2008-07-01,0.42984408140182495
2008-07-02,0.4133380949497223
2008-07-03,0.28633353114128113
2008-07-07,0.277392715215683
2008-07-08,0.27578797936439514
2008-07-09,0.27097371220588684
2008-07-10,0.270285964012146
2008-07-11,0.267535001039505
2008-07-14,0.2553846836090088
2008-07-15,0.2581357955932617
2008-07-16,0.2595113515853882
2008-07-17,0.26042822003364563
2008-07-18,0.2650132477283478
2008-07-21,0.2666179835796356
2008-07-22,0.2608868181705475
2008-07-23,0.26868128776550293
2008-07-24,0.2528630495071411
2008-07-25,0.2650132477283478
2008-07-28,0.2643255293369293
2008-07-29,0.2670765221118927
2008-07-30,0.26317915320396423
2008-07-31,0.262262225151062
2008-08-01,0.24850711226463318
2008-08-04,0.24254678189754486
2008-08-05,0.25653091073036194
2008-08-06,0.26340845227241516
2008-08-07,0.25928208231925964
2008-08-08,0.25217515230178833
2008-08-11,0.2574480473995209
2008-08-12,0.25377997756004333
2008-08-13,0.28106075525283813
2008-08-14,0.2980252206325531
2008-08-15,0.2971082329750061
2008-08-18,0.3030688762664795
2008-08-19,0.3076537847518921
2008-08-20,0.3227842450141907
2008-08-21,0.31223875284194946
2008-08-22,0.3120094835758209
2008-08-25,0.3074245750904083
2008-08-26,0.3000885248184204
2008-08-27,0.3023810386657715
2008-08-28,0.30123475193977356
2008-08-29,0.2897721827030182
2008-09-02,0.282436341047287
2008-09-03,0.26730573177337646
2008-09-04,0.26363781094551086
2008-09-05,0.267535001039505
2008-09-08,0.25653091073036194
2008-09-09,0.24781952798366547
2008-09-10,0.24804867804050446
2008-09-11,0.23612767457962036
2008-09-12,0.23360610008239746
2008-09-15,0.21320270001888275
2008-09-16,0.21985098719596863
2008-09-17,0.22925026714801788
2008-09-18,0.2496534138917923
2008-09-19,0.26157450675964355
2008-09-22,0.2560725808143616
2008-09-23,0.24873647093772888
2008-09-24,0.2579065263271332
2008-09-25,0.2629498839378357
2008-09-26,0.2679934799671173
2008-09-29,0.23154272139072418
2008-09-30,0.24552705883979797
2008-10-01,0.23864951729774475
2008-10-02,0.2138904333114624
2008-10-03,0.20701298117637634
2008-10-06,0.1799614280462265
2008-10-07,0.1659771353006363
2008-10-08,0.1694159060716629
2008-10-09,0.15864115953445435
2008-10-10,0.15611937642097473
2008-10-13,0.18454645574092865
2008-10-14,0.18041998147964478
2008-10-15,0.16093365848064423
2008-10-16,0.1765226274728775
2008-10-17,0.17537640035152435
2008-10-20,0.17881514132022858
2008-10-21,0.16506019234657288
2008-10-22,0.1588703989982605
2008-10-23,0.14992964267730713
2008-10-24,0.15153443813323975
2008-10-27,0.1597874015569687
2008-10-28,0.18385867774486542
2008-10-29,0.18981914222240448
2008-10-30,0.19784289598464966
2008-10-31,0.20082315802574158
2008-11-03,0.19348718225955963
2008-11-04,0.20586669445037842
2008-11-05,0.19509191811084747
2008-11-06,0.1746886819601059
2008-11-07,0.19990617036819458
2008-11-10,0.1870681345462799
2008-11-11,0.17881514132022858
2008-11-12,0.16826967895030975
2008-11-13,0.18202468752861023
2008-11-14,0.16437236964702606
2008-11-17,0.16093365848064423
2008-11-18,0.15566085278987885
2008-11-19,0.14282293617725372
2008-11-20,0.13525763154029846
2008-11-21,0.1462615728378296
2008-11-24,0.15589012205600739
2008-11-25,0.160245880484581
2008-11-26,0.17445944249629974
2008-11-28,0.17124983668327332
2008-12-01,0.15657790005207062
2008-12-02,0.16528943181037903
2008-12-03,0.17377164959907532
2008-12-04,0.16230915486812592
2008-12-05,0.16872821748256683
2008-12-08,0.16322621703147888
2008-12-09,0.1790444254875183
2008-12-10,0.19600887596607208
2008-12-11,0.18775589764118195
2008-12-12,0.1971551775932312
2008-12-15,0.19073614478111267
2008-12-16,0.20357415080070496
2008-12-17,0.21366122364997864
2008-12-18,0.1939457207918167
2008-12-19,0.195321187376976
2008-12-22,0.18385867774486542
2008-12-23,0.18133696913719177
2008-12-24,0.17698119580745697
2008-12-26,0.1721668839454651
2008-12-29,0.177668958902359
2008-12-30,0.18385867774486542
2008-12-31,0.18500490486621857
2009-01-02,0.19967693090438843
2009-01-05,0.20334492623806
2009-01-06,0.21022245287895203
2009-01-07,0.1976136714220047
2009-01-08,0.19257017970085144
2009-01-09,0.1817953735589981
2009-01-12,0.17445944249629974
2009-01-13,0.17537640035152435
2009-01-14,0.16758187115192413
2009-01-15,0.17354243993759155
2009-01-16,0.18317094445228577
2009-01-20,0.16528943181037903
2009-01-21,0.17331314086914062
2009-01-22,0.17010360956192017
2009-01-23,0.17675191164016724
2009-01-26,0.1827123612165451
2009-01-27,0.19348718225955963
2009-01-28,0.20151087641716003
2009-01-29,0.18981914222240448
2009-01-30,0.1822539120912552
2009-02-02,0.19211165606975555
2009-02-03,0.19440415501594543
2009-02-04,0.19990617036819458
2009-02-05,0.21457821130752563
2009-02-06,0.2262699455022812
2009-02-09,0.22328966856002808
2009-02-10,0.21366122364997864
2009-02-11,0.18683889508247375
2009-02-12,0.19073614478111267
2009-02-13,0.1905069649219513
2009-02-17,0.1795029193162918
2009-02-18,0.1843172013759613
2009-02-19,0.17010360956192017
2009-02-20,0.17445944249629974
2009-02-23,0.16643567383289337
2009-02-24,0.18133696913719177
2009-02-25,0.18340015411376953
2009-02-26,0.18936067819595337
2009-02-27,0.18981914222240448
2009-03-02,0.17377164959907532
2009-03-03,0.18064914643764496
2009-03-04,0.1939457207918167
2009-03-05,0.18936067819595337
2009-03-06,0.1923409104347229
2009-03-09,0.19027765095233917
2009-03-10,0.20747146010398865
2009-03-11,0.21320270001888275
2009-03-12,0.2258114516735077
2009-03-13,0.22466523945331573
2009-03-16,0.2159537374973297
2009-03-17,0.2267284393310547
2009-03-18,0.23383522033691406
2009-03-19,0.23108422756195068
2009-03-20,0.21847550570964813
2009-03-23,0.23429365456104279
2009-03-24,0.22420670092105865
2009-03-25,0.2278747260570526
2009-03-26,0.24208825826644897
2009-03-27,0.2397957444190979
2009-03-30,0.2244359254837036
2009-03-31,0.22604072093963623
2009-04-01,0.23177197575569153
2009-04-02,0.24254678189754486
2009-04-03,0.2595113515853882
2009-04-06,0.26019904017448425
2009-04-07,0.2512582242488861
2009-04-08,0.26157450675964355
2009-04-09,0.2760172486305237
2009-04-13,0.2670765221118927
2009-04-14,0.26868128776550293
2009-04-15,0.261116087436676
2009-04-16,0.26776421070098877
2009-04-17,0.2695980966091156
2009-04-20,0.2533215582370758
2009-04-21,0.2526337802410126
2009-04-22,0.26019904017448425
2009-04-23,0.2560725808143616
2009-04-24,0.2620331346988678
2009-04-27,0.2526337802410126
2009-04-28,0.2533215582370758
2009-04-29,0.24942421913146973
2009-04-30,0.26317915320396423
2009-05-01,0.267535001039505
2009-05-04,0.2819777727127075
2009-05-05,0.2705152630805969
2009-05-06,0.2650132477283478
2009-05-07,0.2459854632616043
2009-05-08,0.21205644309520721
2009-05-11,0.21618296205997467
2009-05-12,0.20586669445037842
2009-05-13,0.19257017970085144
2009-05-14,0.195321187376976
2009-05-15,0.20036470890045166
2009-05-18,0.21251492202281952
2009-05-19,0.21664144098758698
2009-05-20,0.2230605036020279
2009-05-21,0.22168497741222382
2009-05-22,0.22512365877628326
2009-05-26,0.23727397620677948
2009-05-27,0.23773245513439178
2009-05-28,0.24094195663928986
2009-05-29,0.23910793662071228
2009-06-01,0.2507997155189514
2009-06-02,0.24873647093772888
2009-06-03,0.24094195663928986
2009-06-04,0.2496534138917923
2009-06-05,0.2482779622077942
2009-06-08,0.2469024807214737
2009-06-09,0.26042822003364563
2009-06-10,0.26868128776550293
2009-06-11,0.26524245738983154
2009-06-12,0.263867050409317
2009-06-15,0.2595113515853882
2009-06-16,0.25240448117256165
2009-06-17,0.2585941553115845
2009-06-18,0.2535507380962372
2009-06-19,0.25630176067352295
2009-06-22,0.24185897409915924
2009-06-23,0.24071279168128967
2009-06-24,0.24873647093772888
2009-06-25,0.2618037760257721
2009-06-26,0.26524245738983154
2009-06-29,0.26524245738983154
2009-06-30,0.2588234543800354
2009-07-01,0.2599697709083557
2009-07-02,0.2498827427625656
2009-07-06,0.24185897409915924
2009-07-07,0.23131343722343445
2009-07-08,0.23177197575569153
2009-07-09,0.23681548237800598
2009-07-10,0.23773245513439178
2009-07-13,0.24048355221748352
2009-07-14,0.24552705883979797
2009-07-15,0.2556139826774597
2009-07-16,0.26891055703163147
2009-07-17,0.27670493721961975
2009-07-20,0.28014370799064636
2009-07-21,0.27441251277923584
2009-07-22,0.2812900245189667
2009-07-23,0.2980252206325531
2009-07-24,0.2971082329750061
2009-07-27,0.29848384857177734
2009-07-28,0.29894229769706726
2009-07-29,0.2929818332195282
2009-07-30,0.2952742576599121
2009-07-31,0.29642054438591003
2009-08-03,0.3044443130493164
2009-08-04,0.30650749802589417
2009-08-05,0.3071952760219574
2009-08-06,0.30077624320983887
2009-08-07,0.314301997423172
2009-08-10,0.3039858639240265
2009-08-11,0.29687902331352234
2009-08-12,0.30788299441337585
2009-08-13,0.317052960395813
2009-08-14,0.3076537847518921
2009-08-17,0.2948158383369446
2009-08-18,0.30559059977531433
2009-08-19,0.30215170979499817
2009-08-20,0.31407278776168823
2009-08-21,0.319345623254776
2009-08-24,0.31040477752685547
2009-08-25,0.31315580010414124
2009-08-26,0.3168237507343292
2009-08-27,0.3211796283721924
2009-08-28,0.33768555521965027
2009-08-31,0.33287134766578674
2009-09-01,0.32163792848587036
2009-09-02,0.3262230157852173
2009-09-03,0.33401748538017273
2009-09-04,0.3463970422744751
2009-09-08,0.3560256063938141
2009-09-09,0.36588338017463684
2009-09-10,0.3775751292705536
2009-09-11,0.3741362690925598
2009-09-14,0.3679465651512146
2009-09-15,0.3755117952823639
2009-09-16,0.3654247224330902
2009-09-17,0.3493773639202118
2009-09-18,0.3489188849925995
2009-09-21,0.3473140299320221
2009-09-22,0.3480018377304077
2009-09-23,0.34249967336654663
2009-09-24,0.3379147946834564
2009-09-25,0.33241283893585205
2009-09-28,0.33997803926467896
2009-09-29,0.3337882459163666
2009-09-30,0.3445631265640259
2009-10-01,0.32003337144851685
2009-10-02,0.31751158833503723
2009-10-05,0.3159068524837494
2009-10-06,0.3211796283721924
2009-10-07,0.318657785654068
2009-10-08,0.3207210302352905
2009-10-09,0.3248475193977356
2009-10-12,0.3211796283721924
2009-10-13,0.32003337144851685
2009-10-14,0.3195748031139374
2009-10-15,0.3101755976676941
2009-10-16,0.3030688762664795
2009-10-19,0.31407278776168823
2009-10-20,0.314301997423172
2009-10-21,0.3067368268966675
2009-10-22,0.3088001310825348
2009-10-23,0.30146411061286926
2009-10-26,0.2975667715072632
2009-10-27,0.28747981786727905
2009-10-28,0.2755587697029114
2009-10-29,0.2877090871334076
2009-10-30,0.27418315410614014
2009-11-02,0.27670493721961975
2009-11-03,0.2753295600414276
2009-11-04,0.2746417820453644
2009-11-05,0.2812900245189667
2009-11-06,0.3016931712627411
2009-11-09,0.30857083201408386
2009-11-10,0.30100560188293457
2009-11-11,0.30948778986930847
2009-11-12,0.30857083201408386
2009-11-13,0.3108632564544678
2009-11-16,0.31521913409233093
2009-11-17,0.31476059556007385
2009-11-18,0.30994635820388794
2009-11-19,0.2975667715072632
2009-11-20,0.2957327365875244
2009-11-23,0.2980252206325531
2009-11-24,0.2961913049221039
2009-11-25,0.29963013529777527
2009-11-27,0.29321104288101196
2009-11-30,0.29940086603164673
2009-12-01,0.30536139011383057
2009-12-02,0.3145313262939453
2009-12-03,0.317052960395813
2009-12-04,0.32691076397895813
2009-12-07,0.36886367201805115
2009-12-08,0.35098201036453247
2009-12-09,0.3596935570240021
2009-12-10,0.3532746732234955
2009-12-11,0.3486895263195038
2009-12-14,0.359235018491745
2009-12-15,0.3587765395641327
2009-12-16,0.3876621127128601
2009-12-17,0.3858281075954437
2009-12-18,0.3855990469455719
2009-12-21,0.39935386180877686
2009-12-22,0.40989944338798523
2009-12-23,0.41563066840171814
2009-12-24,0.41471365094184875
2009-12-28,0.4080653190612793
2009-12-29,0.4131088852882385
2009-12-30,0.42801010608673096
2009-12-31,0.4282394349575043
2010-01-04,0.4238835573196411
2010-01-05,0.4300733804702759
2010-01-06,0.43282437324523926
2010-01-07,0.42434218525886536
2010-01-08,0.42525914311408997
2010-01-11,0.41929852962493896
2010-01-12,0.40508508682250977
2010-01-13,0.4105871319770813
2010-01-14,0.40416812896728516
2010-01-15,0.3922470808029175
2010-01-19,0.3995831608772278
2010-01-20,0.39797836542129517
2010-01-21,0.3908715844154358
2010-01-22,0.37734586000442505
2010-01-25,0.3837648332118988
2010-01-26,0.37161463499069214
2010-01-27,0.3817015588283539
2010-01-28,0.36886367201805115
2010-01-29,0.35281604528427124
2010-02-01,0.3798675239086151
2010-02-02,0.3837648332118988
2010-02-03,0.38697436451911926
2010-02-04,0.3645078241825104
2010-02-05,0.3718438744544983
2010-02-08,0.37115615606307983
2010-02-09,0.3681759238243103
2010-02-10,0.3752826452255249
2010-02-11,0.392476350069046
2010-02-12,0.3977492153644562
2010-02-16,0.40508508682250977
2010-02-17,0.40898245573043823
2010-02-18,0.38216009736061096
2010-02-19,0.3800969123840332
2010-02-22,0.3807845413684845
2010-02-23,0.37161463499069214
2010-02-24,0.3794090449810028
2010-02-25,0.37597039341926575
2010-02-26,0.371385395526886
2010-03-01,0.38628658652305603
2010-03-02,0.3860572576522827
2010-03-03,0.3812430202960968
2010-03-04,0.3819308280944824
2010-03-05,0.39362263679504395
2010-03-08,0.3878914415836334
2010-03-09,0.40233415365219116
2010-03-10,0.40325114130973816
2010-03-11,0.3940812349319458
2010-03-12,0.3954566419124603
2010-03-15,0.3933933675289154
2010-03-16,0.4071483016014099
2010-03-17,0.4149429202079773
2010-03-18,0.400270938873291
2010-03-19,0.3954566419124603
2010-03-22,0.4018756151199341
2010-03-23,0.4101285934448242
2010-03-24,0.39637359976768494
2010-03-25,0.3975197374820709
2010-03-26,0.3975197374820709
2010-03-29,0.40256333351135254
2010-03-30,0.40416812896728516
2010-03-31,0.39889541268348694
2010-04-01,0.3947688639163971
2010-04-05,0.4007294178009033
2010-04-06,0.3908715844154358
2010-04-07,0.3933933675289154
2010-04-08,0.38697436451911926
2010-04-09,0.3894960880279541
2010-04-12,0.39660289883613586
2010-04-13,0.404855877161026
2010-04-14,0.40989944338798523
2010-04-15,0.41287961602211
2010-04-16,0.39110085368156433
2010-04-19,0.38926684856414795
2010-04-20,0.390642374753952
2010-04-21,0.38055530190467834
2010-04-22,0.38216009736061096
2010-04-23,0.37688735127449036
2010-04-26,0.38055530190467834
2010-04-27,0.369780570268631
2010-04-28,0.3704683184623718
2010-04-29,0.3817015588283539
2010-04-30,0.3601520359516144
2010-05-03,0.35625484585762024
2010-05-04,0.3381440341472626
2010-05-05,0.33241283893585205
2010-05-06,0.32553529739379883
2010-05-07,0.32003337144851685
2010-05-10,0.3337882459163666
2010-05-11,0.33012038469314575
2010-05-12,0.3365393579006195
2010-05-13,0.3358515202999115
2010-05-14,0.2971082329750061
2010-05-17,0.2977961599826813
2010-05-18,0.28793829679489136
2010-05-19,0.2925231456756592
2010-05-20,0.28564587235450745
2010-05-21,0.2918354868888855
2010-05-24,0.2833532691001892
2010-05-25,0.2909184992313385
2010-05-26,0.2922940254211426
2010-05-27,0.30948778986930847
2010-05-28,0.30123475193977356
2010-06-01,0.28839677572250366
2010-06-02,0.2916063070297241
2010-06-03,0.29114770889282227
2010-06-04,0.277392715215683
2010-06-07,0.26363781094551086
2010-06-08,0.25630176067352295
2010-06-09,0.25011202692985535
2010-06-10,0.26019904017448425
2010-06-11,0.26615944504737854
2010-06-14,0.26042822003364563
2010-06-15,0.2732662558555603
2010-06-16,0.26982754468917847
2010-06-17,0.28014370799064636
2010-06-18,0.2819777727127075
2010-06-21,0.2753295600414276
2010-06-22,0.2650132477283478
2010-06-23,0.2679934799671173
2010-06-24,0.25469693541526794
2010-06-25,0.2540092170238495
2010-06-28,0.2544677257537842
2010-06-29,0.24025413393974304
2010-06-30,0.2340645045042038
2010-07-01,0.23796170949935913
2010-07-02,0.2349814474582672
2010-07-06,0.23245973885059357
2010-07-07,0.24369291961193085
2010-07-08,0.23635698854923248
2010-07-09,0.23727397620677948
2010-07-12,0.2416297346353531
2010-07-13,0.2503412663936615
2010-07-14,0.2528630495071411
2010-07-15,0.2457563430070877
2010-07-16,0.23039641976356506
2010-07-19,0.2397957444190979
2010-07-20,0.2457563430070877
2010-07-21,0.23773245513439178
2010-07-22,0.2416297346353531
2010-07-23,0.23750318586826324
2010-07-26,0.24185897409915924
2010-07-27,0.2397957444190979
2010-07-28,0.23223040997982025
2010-07-29,0.20930545032024384
2010-07-30,0.21068096160888672
2010-08-02,0.21045170724391937
2010-08-03,0.20494972169399261
2010-08-04,0.21366122364997864
2010-08-05,0.21641218662261963
2010-08-06,0.21893395483493805
2010-08-09,0.22099719941616058
2010-08-10,0.21182718873023987
2010-08-11,0.20357415080070496
2010-08-12,0.2054082155227661
2010-08-13,0.2152659147977829
2010-08-16,0.20976391434669495
2010-08-17,0.21251492202281952
2010-08-18,0.21366122364997864
2010-08-19,0.22649917006492615
2010-08-20,0.22856244444847107
2010-08-23,0.22512365877628326
2010-08-24,0.22283121943473816
2010-08-25,0.22741620242595673
2010-08-26,0.22466523945331573
2010-08-27,0.23200121521949768
2010-08-30,0.22099719941616058
2010-08-31,0.2138904333114624
2010-09-01,0.21549516916275024
2010-09-02,0.21939249336719513
2010-09-03,0.22695772349834442
2010-09-07,0.22902090847492218
2010-09-08,0.23658622801303864
2010-09-09,0.23337672650814056
2010-09-10,0.23085497319698334
2010-09-13,0.24392220377922058
2010-09-14,0.2416297346353531
2010-09-15,0.24208825826644897
2010-09-16,0.24231752753257751
2010-09-17,0.24185897409915924
2010-09-20,0.24552705883979797
2010-09-21,0.2588234543800354
2010-09-22,0.261116087436676
2010-09-23,0.26638877391815186
2010-09-24,0.28106075525283813
2010-09-27,0.2751002609729767
2010-09-28,0.27441251277923584
2010-09-29,0.27234938740730286
2010-09-30,0.26776421070098877
2010-10-01,0.26019904017448425
2010-10-04,0.25767722725868225
2010-10-05,0.2595113515853882
2010-10-06,0.24713174998760223
2010-10-07,0.24529780447483063
2010-10-08,0.24896575510501862
2010-10-11,0.24781952798366547
2010-10-12,0.2526337802410126
2010-10-13,0.2599697709083557
2010-10-14,0.25584328174591064
2010-10-15,0.2588234543800354
2010-10-18,0.26042822003364563
2010-10-19,0.2588234543800354
2010-10-20,0.2588234543800354
2010-10-21,0.25423845648765564
2010-10-22,0.2705152630805969
2010-10-25,0.27303701639175415
2010-10-26,0.27211999893188477
2010-10-27,0.2760172486305237
2010-10-28,0.276246577501297
2010-10-29,0.2755587697029114
2010-11-01,0.2760172486305237
2010-11-02,0.2817484736442566
2010-11-03,0.28381168842315674
2010-11-04,0.284270316362381
2010-11-05,0.2890845537185669
2010-11-08,0.2902306914329529
2010-11-09,0.2886259853839874
2010-11-10,0.2920648157596588
2010-11-11,0.2890845537185669
2010-11-12,0.3039858639240265
2010-11-15,0.3003177344799042
2010-11-16,0.29137709736824036
2010-11-17,0.2961913049221039
2010-11-18,0.30536139011383057
2010-11-19,0.31521913409233093
2010-11-22,0.31544822454452515
2010-11-23,0.3081122934818268
2010-11-24,0.3156774640083313
2010-11-26,0.31178024411201477
2010-11-29,0.31521913409233093
2010-11-30,0.3120094835758209
2010-12-01,0.3257644772529602
2010-12-02,0.3296617865562439
2010-12-03,0.33906111121177673
2010-12-06,0.3326421082019806
2010-12-07,0.3434169292449951
2010-12-08,0.3463970422744751
2010-12-09,0.3406658470630646
2010-12-10,0.3427290618419647
2010-12-13,0.33401748538017273
2010-12-14,0.3344760239124298
2010-12-15,0.32714009284973145
2010-12-16,0.32759854197502136
2010-12-17,0.3294326961040497
2010-12-20,0.32805708050727844
2010-12-21,0.34089502692222595
2010-12-22,0.3445631265640259
2010-12-23,0.34204134345054626
2010-12-27,0.34387528896331787
2010-12-28,0.34249967336654663
2010-12-29,0.34249967336654663
2010-12-30,0.34364601969718933
2010-12-31,0.353045254945755
2011-01-03,0.36267393827438354
2011-01-04,0.36152756214141846
2011-01-05,0.38926684856414795
2011-01-06,0.44314059615135193
2011-01-07,0.4555201530456543
2011-01-10,0.4729432463645935
2011-01-11,0.46560707688331604
2011-01-12,0.5352991819381714
2011-01-13,0.5362163782119751
2011-01-14,0.5408012866973877
2011-01-18,0.528192400932312
2011-01-19,0.5137494206428528
2011-01-20,0.5142082571983337
2011-01-21,0.5093938708305359
2011-01-24,0.566935658454895
2011-01-25,0.5495128631591797
2011-01-26,0.5625800490379333
2011-01-27,0.5609751343727112
2011-01-28,0.5446987748146057
2011-01-31,0.5483663082122803
2011-02-01,0.5609751343727112
2011-02-02,0.5864220857620239
2011-02-03,0.5754181742668152
2011-02-04,0.5884853005409241
2011-02-07,0.563955545425415
2011-02-08,0.5472202897071838
2011-02-09,0.5339239835739136
2011-02-10,0.5231490135192871
2011-02-11,0.5380502343177795
2011-02-14,0.5297972559928894
2011-02-15,0.5169592499732971
2011-02-16,0.5359869599342346
2011-02-17,0.5887143611907959
2011-02-18,0.587568461894989
2011-02-22,0.5320897102355957
2011-02-23,0.5068720579147339
2011-02-24,0.5192518830299377
2011-02-25,0.5300264954566956
2011-02-28,0.5194811224937439
2011-03-01,0.49632689356803894
2011-03-02,0.4756941795349121
2011-03-03,0.47844523191452026
2011-03-04,0.47592341899871826
2011-03-07,0.4692752957344055
2011-03-08,0.44818419218063354
2011-03-09,0.43878498673439026
2011-03-10,0.4108164310455322
2011-03-11,0.41379666328430176
2011-03-14,0.417235404253006
2011-03-15,0.404855877161026
2011-03-16,0.4018756151199341
2011-03-17,0.4094408452510834
2011-03-18,0.40393874049186707
2011-03-21,0.4071483016014099
2011-03-22,0.4000416100025177
2011-03-23,0.40829455852508545
2011-03-24,0.44084814190864563
2011-03-25,0.42709311842918396
2011-03-28,0.44291144609451294
2011-03-29,0.43947261571884155
2011-03-30,0.42296674847602844
2011-03-31,0.42319586873054504
2011-04-01,0.417235404253006
2011-04-04,0.40233415365219116
2011-04-05,0.40302175283432007
2011-04-06,0.400270938873291
2011-04-07,0.4149429202079773
2011-04-08,0.40233415365219116
2011-04-11,0.39706140756607056
2011-04-12,0.3982076644897461
2011-04-13,0.4071483016014099
2011-04-14,0.42434218525886536
2011-04-15,0.42892712354660034
2011-04-18,0.41471365094184875
2011-04-19,0.4131088852882385
2011-04-20,0.42571768164634705
2011-04-21,0.42457133531570435
2011-04-25,0.4312196671962738
2011-04-26,0.44245290756225586
2011-04-27,0.44245290756225586
2011-04-28,0.44726720452308655
2011-04-29,0.45850053429603577
2011-05-02,0.452310711145401
2011-05-03,0.43076109886169434
2011-05-04,0.42755159735679626
2011-05-05,0.4277808666229248
2011-05-06,0.44291144609451294
2011-05-09,0.4527692496776581
2011-05-10,0.4534568786621094
2011-05-11,0.4555201530456543
2011-05-12,0.4699628949165344
2011-05-13,0.41861090064048767
2011-05-16,0.4057728946208954
2011-05-17,0.40416812896728516
2011-05-18,0.4135673940181732
2011-05-19,0.40760692954063416
2011-05-20,0.41471365094184875
2011-05-23,0.4142551124095917
2011-05-24,0.4158598482608795
2011-05-25,0.42090341448783875
2011-05-26,0.43144896626472473
2011-05-27,0.44703787565231323
2011-05-31,0.45941734313964844
2011-06-01,0.43878498673439026
2011-06-02,0.4367218017578125
2011-06-03,0.42319586873054504
2011-06-06,0.4142551124095917
2011-06-07,0.4140259623527527
2011-06-08,0.40279266238212585
2011-06-09,0.3982076644897461
2011-06-10,0.392476350069046
2011-06-13,0.3897254168987274
2011-06-14,0.3929349184036255
2011-06-15,0.38445258140563965
2011-06-16,0.37115615606307983
2011-06-17,0.36244457960128784
2011-06-20,0.3580888509750366
2011-06-21,0.36588338017463684
2011-06-22,0.36083996295928955
2011-06-23,0.37161463499069214
2011-06-24,0.36083996295928955
2011-06-27,0.3532746732234955
2011-06-28,0.355337917804718
2011-06-29,0.36083996295928955
2011-06-30,0.3654247224330902
2011-07-01,0.3702391982078552
2011-07-05,0.36404937505722046
2011-07-06,0.359235018491745
2011-07-07,0.360610693693161
2011-07-08,0.35373300313949585
2011-07-11,0.3413536250591278
2011-07-12,0.3367684781551361
2011-07-13,0.33608075976371765
2011-07-14,0.3227842450141907
2011-07-15,0.32324278354644775
2011-07-18,0.3163653612136841
2011-07-19,0.3259938359260559
2011-07-20,0.32186731696128845
2011-07-21,0.33699795603752136
2011-07-22,0.34387528896331787
2011-07-25,0.3383732736110687
2011-07-26,0.33012038469314575
2011-07-27,0.317740797996521
2011-07-28,0.317052960395813
2011-07-29,0.317052960395813
2011-08-01,0.33401748538017273
2011-08-02,0.33057886362075806
2011-08-03,0.3395196199417114
2011-08-04,0.3071952760219574
2011-08-05,0.29687902331352234
2011-08-08,0.2734953761100769
2011-08-09,0.29642054438591003
2011-08-10,0.2828948497772217
2011-08-11,0.3074245750904083
2011-08-12,0.2952742576599121
2011-08-15,0.30650749802589417
2011-08-16,0.2977961599826813
2011-08-17,0.29366952180862427
2011-08-18,0.2737247943878174
2011-08-19,0.26891055703163147
2011-08-22,0.2737247943878174
2011-08-23,0.30329811573028564
2011-08-24,0.29894229769706726
2011-08-25,0.28610432147979736
2011-08-26,0.2982545495033264
2011-08-29,0.3062782287597656
2011-08-30,0.31361427903175354
2011-08-31,0.30513203144073486
2011-09-01,0.3044443130493164
2011-09-02,0.2961913049221039
2011-09-06,0.30215170979499817
2011-09-07,0.32668155431747437
2011-09-08,0.3250768780708313
2011-09-09,0.3181992769241333
2011-09-12,0.3257644772529602
2011-09-13,0.3331005871295929
2011-09-14,0.3502943217754364
2011-09-15,0.355337917804718
2011-09-16,0.35442087054252625
2011-09-19,0.3470848798751831
2011-09-20,0.3381440341472626
2011-09-21,0.3317250907421112
2011-09-22,0.3097170293331146
2011-09-23,0.316135972738266
2011-09-26,0.3168237507343292
2011-09-27,0.3172823190689087
2011-09-28,0.3076537847518921
2011-09-29,0.3000885248184204
2011-09-30,0.28679201006889343
2011-10-03,0.27074453234672546
2011-10-04,0.2957327365875244
2011-10-05,0.3062782287597656
2011-10-06,0.3184284567832947
2011-10-07,0.32438910007476807
2011-10-10,0.3388318121433258
2011-10-11,0.33516374230384827
2011-10-12,0.3349345922470093
2011-10-13,0.35442087054252625
2011-10-14,0.36038121581077576
2011-10-17,0.34249967336654663
2011-10-18,0.3548794090747833
2011-10-19,0.3477725386619568
2011-10-20,0.3303496241569519
2011-10-21,0.3319542706012726
2011-10-24,0.3443337678909302
2011-10-25,0.3312665522098541
2011-10-26,0.33516374230384827
2011-10-27,0.3496066629886627
2011-10-28,0.35763028264045715
2011-10-31,0.3392902910709381
2011-11-01,0.322325736284256
2011-11-02,0.3168237507343292
2011-11-03,0.3358515202999115
2011-11-04,0.339748740196228
2011-11-07,0.3379147946834564
2011-11-08,0.34570929408073425
2011-11-09,0.3282862901687622
2011-11-10,0.3317250907421112
2011-11-11,0.3434169292449951
2011-11-14,0.3367684781551361
2011-11-15,0.34112441539764404
2011-11-16,0.3342467248439789
2011-11-17,0.322325736284256
2011-11-18,0.319345623254776
2011-11-21,0.3353930413722992
2011-11-22,0.34570929408073425
2011-11-23,0.3310372233390808
2011-11-25,0.32186731696128845
2011-11-28,0.33997803926467896
2011-11-29,0.34181204438209534
2011-11-30,0.3583180010318756
2011-12-01,0.36267393827438354
2011-12-02,0.36038121581077576
2011-12-05,0.3548794090747833
2011-12-06,0.34983590245246887
2011-12-07,0.3477725386619568
2011-12-08,0.3367684781551361
2011-12-09,0.3415828049182892
2011-12-12,0.3331005871295929
2011-12-13,0.3239305019378662
2011-12-14,0.3113217055797577
2011-12-15,0.30857083201408386
2011-12-16,0.3097170293331146
2011-12-19,0.3016931712627411
2011-12-20,0.318657785654068
2011-12-21,0.3145313262939453
2011-12-22,0.32805708050727844
2011-12-23,0.3248475193977356
2011-12-27,0.322325736284256
2011-12-28,0.314301997423172
2011-12-29,0.32026246190071106
2011-12-30,0.317740797996521
2012-01-03,0.32186731696128845
2012-01-04,0.32553529739379883
2012-01-05,0.3372269868850708
2012-01-06,0.3333297669887543
2012-01-09,0.3333297669887543
2012-01-10,0.3319542706012726
2012-01-11,0.3253061771392822
2012-01-12,0.32324278354644775
2012-01-13,0.31476059556007385
2012-01-17,0.30994635820388794
2012-01-18,0.320491760969162
2012-01-19,0.3289739787578583
2012-01-20,0.3259938359260559
2012-01-23,0.3349345922470093
2012-01-24,0.34249967336654663
2012-01-25,0.34043657779693604
2012-01-26,0.3372269868850708
2012-01-27,0.34181204438209534
2012-01-30,0.3392902910709381
2012-01-31,0.33860260248184204
2012-02-01,0.3422706127166748
2012-02-02,0.3551085889339447
2012-02-03,0.36267393827438354
2012-02-06,0.359922856092453
2012-02-07,0.36083996295928955
2012-02-08,0.3739071786403656
2012-02-09,0.3736777901649475
2012-02-10,0.3645078241825104
2012-02-13,0.3702391982078552
2012-02-14,0.3723023235797882
2012-02-15,0.3706974983215332
2012-02-16,0.3771165907382965
2012-02-17,0.3633615970611572
2012-02-21,0.3651955723762512
2012-02-22,0.36267393827438354
2012-02-23,0.3647370934486389
2012-02-24,0.36198604106903076
2012-02-27,0.35465008020401
2012-02-28,0.35144057869911194
2012-02-29,0.3473140299320221
2012-03-01,0.3496066629886627
2012-03-02,0.3525867760181427
2012-03-05,0.3406658470630646
2012-03-06,0.33745643496513367
2012-03-07,0.3395196199417114
2012-03-08,0.3406658470630646
2012-03-09,0.339748740196228
2012-03-12,0.3344760239124298
2012-03-13,0.33906111121177673
2012-03-14,0.3294326961040497
2012-03-15,0.3342467248439789
2012-03-16,0.3347053527832031
2012-03-19,0.3356223404407501
2012-03-20,0.33012038469314575
2012-03-21,0.33149585127830505
2012-03-22,0.3310372233390808
2012-03-23,0.3335590958595276
2012-03-26,0.33745643496513367
2012-03-27,0.339748740196228
2012-03-28,0.34754329919815063
2012-03-29,0.34914809465408325
2012-03-30,0.353045254945755
2012-04-02,0.35144057869911194
2012-04-03,0.34570929408073425
2012-04-04,0.3358515202999115
2012-04-05,0.3353930413722992
2012-04-09,0.3310372233390808
2012-04-10,0.32461830973625183
2012-04-11,0.3287447392940521
2012-04-12,0.3365393579006195
2012-04-13,0.32461830973625183
2012-04-16,0.3207210302352905
2012-04-17,0.321408748626709
2012-04-18,0.31797003746032715
2012-04-19,0.31315580010414124
2012-04-20,0.306966096162796
2012-04-23,0.30329811573028564
2012-04-24,0.2938987910747528
2012-04-25,0.29985928535461426
2012-04-26,0.3000885248184204
2012-04-27,0.2975667715072632
2012-04-30,0.2980252206325531
2012-05-01,0.30329811573028564
2012-05-02,0.2945864796638489
2012-05-03,0.2895429730415344
2012-05-04,0.28106075525283813
2012-05-07,0.28587502241134644
2012-05-08,0.28564587235450745
2012-05-09,0.28679201006889343
2012-05-10,0.28472867608070374
2012-05-11,0.30283957719802856
2012-05-14,0.30100560188293457
2012-05-15,0.2980252206325531
2012-05-16,0.2920648157596588
2012-05-17,0.2900015413761139
2012-05-18,0.2769343852996826
2012-05-21,0.2817484736442566
2012-05-22,0.27830973267555237
2012-05-23,0.2851872742176056
2012-05-24,0.2776220738887787
2012-05-25,0.284270316362381
2012-05-29,0.2916063070297241
2012-05-30,0.28816744685173035
2012-05-31,0.2849579155445099
2012-06-01,0.2746417820453644
2012-06-04,0.26891055703163147
2012-06-05,0.27670493721961975
2012-06-06,0.28404101729393005
2012-06-07,0.2725784182548523
2012-06-08,0.27785128355026245
2012-06-11,0.28106075525283813
2012-06-12,0.28679201006889343
2012-06-13,0.2792268693447113
2012-06-14,0.27578797936439514
2012-06-15,0.2817484736442566
2012-06-18,0.284270316362381
2012-06-19,0.30352723598480225
2012-06-20,0.3083415925502777
2012-06-21,0.29435718059539795
2012-06-22,0.2980252206325531
2012-06-25,0.2886259853839874
2012-06-26,0.2918354868888855
2012-06-27,0.30123475193977356
2012-06-28,0.30352723598480225
2012-06-29,0.3168237507343292
2012-07-02,0.3083415925502777
2012-07-03,0.3163653612136841
2012-07-05,0.31315580010414124
2012-07-06,0.3071952760219574
2012-07-09,0.3030688762664795
2012-07-10,0.2938987910747528
2012-07-11,0.2890845537185669
2012-07-12,0.284270316362381
2012-07-13,0.28793829679489136
2012-07-16,0.28885531425476074
2012-07-17,0.28358256816864014
2012-07-18,0.29940086603164673
2012-07-19,0.3023810386657715
2012-07-20,0.29366952180862427
2012-07-23,0.2975667715072632
2012-07-24,0.29435718059539795
2012-07-25,0.3000885248184204
2012-07-26,0.30146411061286926
2012-07-27,0.3090291917324066
2012-07-30,0.30559059977531433
2012-07-31,0.31040477752685547
2012-08-01,0.306966096162796
2012-08-02,0.3081122934818268
2012-08-03,0.3145313262939453
2012-08-06,0.3211796283721924
2012-08-07,0.32438910007476807
2012-08-08,0.3262230157852173
2012-08-09,0.3372269868850708
2012-08-10,0.33516374230384827
2012-08-13,0.3395196199417114
2012-08-14,0.3344760239124298
2012-08-15,0.3319542706012726
2012-08-16,0.3388318121433258
2012-08-17,0.3358515202999115
2012-08-20,0.3358515202999115
2012-08-21,0.3349345922470093
2012-08-22,0.3356223404407501
2012-08-23,0.32805708050727844
2012-08-24,0.3347053527832031
2012-08-27,0.3289739787578583
2012-08-28,0.32759854197502136
2012-08-29,0.3282862901687622
2012-08-30,0.3220965564250946
2012-08-31,0.32163792848587036
2012-09-04,0.3044443130493164
2012-09-05,0.30536139011383057
2012-09-06,0.31476059556007385
2012-09-07,0.3071952760219574
2012-09-10,0.3044443130493164
2012-09-11,0.3081122934818268
2012-09-12,0.3115510940551758
2012-09-13,0.31361427903175354
2012-09-14,0.3172823190689087
2012-09-17,0.30857083201408386
2012-09-18,0.3106341063976288
2012-09-19,0.314301997423172
2012-09-20,0.3120094835758209
2012-09-21,0.313385009765625
2012-09-24,0.31315580010414124
2012-09-25,0.3074245750904083
2012-09-26,0.30215170979499817
2012-09-27,0.3044443130493164
2012-09-28,0.3058198392391205
2012-10-01,0.30077624320983887
2012-10-02,0.3019225597381592
2012-10-03,0.29894229769706726
2012-10-04,0.31223875284194946
2012-10-05,0.3049028217792511
2012-10-08,0.3019225597381592
2012-10-09,0.2955034673213959
2012-10-10,0.2904600203037262
2012-10-11,0.2920648157596588
2012-10-12,0.2895429730415344
2012-10-15,0.29321104288101196
2012-10-16,0.3016931712627411
2012-10-17,0.29940086603164673
2012-10-18,0.2948158383369446
2012-10-19,0.2776220738887787
2012-10-22,0.27441251277923584
2012-10-23,0.2826654314994812
2012-10-24,0.2789974510669708
2012-10-25,0.2792268693447113
2012-10-26,0.276246577501297
2012-10-31,0.2746417820453644
2012-11-01,0.2877090871334076
2012-11-02,0.28633353114128113
2012-11-05,0.29848384857177734
2012-11-06,0.2982545495033264
2012-11-07,0.2890845537185669
2012-11-08,0.29068928956985474
2012-11-09,0.2794560194015503
2012-11-12,0.2732662558555603
2012-11-13,0.27120310068130493
2012-11-14,0.26455479860305786
2012-11-15,0.2657010555267334
2012-11-16,0.2608868181705475
2012-11-19,0.26822271943092346
2012-11-20,0.2651078999042511
2012-11-21,0.27272194623947144
2012-11-23,0.27456775307655334
2012-11-26,0.2794131934642792
2012-11-27,0.2805667519569397
2012-11-28,0.28287407755851746
2012-11-29,0.27779799699783325
2012-11-30,0.2761828601360321
2012-12-03,0.2711068391799927
2012-12-04,0.2791822850704193
2012-12-05,0.27595213055610657
2012-12-06,0.27641361951828003
2012-12-07,0.27595213055610657
2012-12-10,0.28518131375312805
2012-12-11,0.29187247157096863
2012-12-12,0.2888728976249695
2012-12-13,0.2891036868095398
2012-12-14,0.29048800468444824
2012-12-17,0.2893344759941101
2012-12-18,0.2897959053516388
2012-12-19,0.29187247157096863
2012-12-20,0.2916416525840759
2012-12-21,0.2849506139755249
2012-12-24,0.2826433777809143
2012-12-26,0.282412588596344
2012-12-27,0.2805667519569397
2012-12-28,0.2791822850704193
2012-12-31,0.28287407755851746
2013-01-02,0.2934876084327698
2013-01-03,0.2937183976173401
2013-01-04,0.30340903997421265
2013-01-07,0.2946411371231079
2013-01-08,0.2881808578968048
2013-01-09,0.28172042965888977
2013-01-10,0.2821819484233856
2013-01-11,0.28172042965888977
2013-01-14,0.28148967027664185
2013-01-15,0.27641361951828003
2013-01-16,0.2789517045021057
2013-01-17,0.2826433777809143
2013-01-18,0.2807976007461548
2013-01-22,0.2794131934642792
2013-01-23,0.27987462282180786
2013-01-24,0.2812589108943939
2013-01-25,0.2863351106643677
2013-01-28,0.29094961285591125
2013-01-29,0.284719854593277
2013-01-30,0.2842584550380707
2013-01-31,0.28287407755851746
2013-02-01,0.28541213274002075
2013-02-04,0.2805667519569397
2013-02-05,0.28702715039253235
2013-02-06,0.284719854593277
2013-02-07,0.28356626629829407
2013-02-08,0.28541213274002075
2013-02-11,0.28864234685897827
2013-02-12,0.2867964506149292
2013-02-13,0.28541213274002075
2013-02-14,0.2937183976173401
2013-02-15,0.2937183976173401
2013-02-19,0.2897959053516388
2013-02-20,0.2856427729129791
2013-02-21,0.28356626629829407
2013-02-22,0.2888728976249695
2013-02-25,0.2837969958782196
2013-02-26,0.2871630787849426
2013-02-27,0.29250240325927734
2013-02-28,0.2938953638076782
2013-03-01,0.29505595564842224
2013-03-04,0.2938953638076782
2013-03-05,0.2971452474594116
2013-03-06,0.29691314697265625
2013-03-07,0.29621654748916626
2013-03-08,0.2976095676422119
2013-03-11,0.2948237955570221
2013-03-12,0.29575246572494507
2013-03-13,0.29575246572494507
2013-03-14,0.2959845960140228
2013-03-15,0.293430894613266
2013-03-18,0.29134178161621094
2013-03-19,0.2894844710826874
2013-03-20,0.29296669363975525
2013-03-21,0.2883237302303314
2013-03-22,0.2897166907787323
2013-03-25,0.288091778755188
2013-03-26,0.2901810109615326
2013-03-27,0.2936631143093109
2013-03-28,0.29784172773361206
2013-04-01,0.288091778755188
2013-04-02,0.2850738763809204
2013-04-03,0.28159162402153015
2013-04-04,0.28437742590904236
2013-04-05,0.289252370595932
2013-04-08,0.28855589032173157
2013-04-09,0.293198823928833
2013-04-10,0.29784172773361206
2013-04-11,0.2964487671852112
2013-04-12,0.3038775622844696
2013-04-15,0.2976095676422119
2013-04-16,0.3008595407009125
2013-04-17,0.29691314697265625
2013-04-18,0.29110950231552124
2013-04-19,0.2918059527873993
2013-04-22,0.29227015376091003
2013-04-23,0.299931138753891
2013-04-24,0.31014540791511536
2013-04-25,0.3126990497112274
2013-04-26,0.3113061189651489
2013-04-29,0.31502050161361694
2013-04-30,0.31966325640678406
2013-05-01,0.3168775737285614
2013-05-02,0.3205918073654175
2013-05-03,0.32198476791381836
2013-05-06,0.3210561275482178
2013-05-07,0.3168775737285614
2013-05-08,0.3226812183856964
2013-05-09,0.32291340827941895
2013-05-10,0.33753836154937744
2013-05-13,0.33057424426078796
2013-05-14,0.3354491889476776
2013-05-15,0.341252863407135
2013-05-16,0.33962783217430115
2013-05-17,0.34519925713539124
2013-05-20,0.3445027768611908
2013-05-21,0.3481193482875824
2013-05-22,0.33598658442497253
2013-05-23,0.34135299921035767
2013-05-24,0.3392530083656311
2013-05-28,0.3390198051929474
2013-05-29,0.33691978454589844
2013-05-30,0.34135299921035767
2013-05-31,0.3376198410987854
2013-06-03,0.3371531367301941
2013-06-04,0.3376198410987854
2013-06-05,0.3303867280483246
2013-06-06,0.3324865698814392
2013-06-07,0.3371531367301941
2013-06-10,0.33691978454589844
2013-06-11,0.3306201100349426
2013-06-12,0.32782021164894104
2013-06-13,0.33528652787208557
2013-06-14,0.3348199129104614
2013-06-17,0.33808639645576477
2013-06-18,0.33598658442497253
2013-06-19,0.3462526798248291
2013-06-20,0.33691978454589844
2013-06-21,0.3364531695842743
2013-06-24,0.32945340871810913
2013-06-25,0.3317866921424866
2013-06-26,0.3299200236797333
2013-06-27,0.32688677310943604
2013-06-28,0.3275868594646454
2013-07-01,0.3289868235588074
2013-07-02,0.3287534713745117
2013-07-03,0.3296867907047272
2013-07-05,0.33225345611572266
2013-07-08,0.3306201100349426
2013-07-09,0.33225345611572266
2013-07-10,0.33668649196624756
2013-07-11,0.34135299921035767
2013-07-12,0.3415862023830414
2013-07-15,0.34088626503944397
2013-07-16,0.34275275468826294
2013-07-17,0.34088626503944397
2013-07-18,0.33948639035224915
2013-07-19,0.33225345611572266
2013-07-22,0.33202001452445984
2013-07-23,0.33155345916748047
2013-07-24,0.33155345916748047
2013-07-25,0.3327200412750244
2013-07-26,0.3313199579715729
2013-07-29,0.3306201100349426
2013-07-30,0.3362199664115906
2013-07-31,0.33691978454589844
2013-08-01,0.3415862023830414
2013-08-02,0.3443860411643982
2013-08-05,0.3460194170475006
2013-08-06,0.34088626503944397
2013-08-07,0.3406530022621155
2013-08-08,0.3429862856864929
2013-08-09,0.33808639645576477
2013-08-12,0.33528652787208557
2013-08-13,0.3364531695842743
2013-08-14,0.3506859242916107
2013-08-15,0.3530190885066986
2013-08-16,0.35441917181015015
2013-08-19,0.34881922602653503
2013-08-20,0.3505781292915344
2013-08-21,0.34893661737442017
2013-08-22,0.3508125841617584
2013-08-23,0.3508125841617584
2013-08-26,0.3515160381793976
2013-08-27,0.34706059098243713
2013-08-28,0.34706059098243713
2013-08-29,0.3463570177555084
2013-08-30,0.3458881378173828
2013-09-03,0.34612253308296204
2013-09-04,0.3494056463241577
2013-09-05,0.35034361481666565
2013-09-06,0.34893661737442017
2013-09-09,0.3547991216182709
2013-09-10,0.3623030185699463
2013-09-11,0.36840009689331055
2013-09-12,0.36816564202308655
2013-09-13,0.37051069736480713
2013-09-16,0.37074515223503113
2013-09-17,0.37191760540008545
2013-09-18,0.37520062923431396
2013-09-19,0.37355920672416687
2013-09-20,0.3702760636806488
2013-09-23,0.3667586147785187
2013-09-24,0.36816564202308655
2013-09-25,0.3686346113681793
2013-09-26,0.3674621284008026
2013-09-27,0.3653516471385956
2013-09-30,0.36488258838653564
2013-10-01,0.36464816331863403
2013-10-02,0.3644135296344757
2013-10-03,0.3606615960597992
2013-10-04,0.3655860424041748
2013-10-07,0.3655860424041748
2013-10-08,0.36253756284713745
2013-10-09,0.35690954327583313
2013-10-10,0.36089617013931274
2013-10-11,0.3578476905822754
2013-10-14,0.36324116587638855
2013-10-15,0.36136507987976074
2013-10-16,0.3658205270767212
2013-10-17,0.3665241003036499
2013-10-18,0.37074515223503113
2013-10-21,0.37168312072753906
2013-10-22,0.3698071539402008
2013-10-23,0.36347559094429016
2013-10-24,0.36089617013931274
2013-10-25,0.35737863183021545
2013-10-28,0.35667502880096436
2013-10-29,0.3571440875530243
2013-10-30,0.35690954327583313
2013-10-31,0.35620608925819397
2013-11-01,0.3578476905822754
2013-11-04,0.3475296199321747
2013-11-05,0.34706059098243713
2013-11-06,0.3494056463241577
2013-11-07,0.34119805693626404
2013-11-08,0.36488258838653564
2013-11-11,0.3679310977458954
2013-11-12,0.3686346113681793
2013-11-13,0.3787180781364441
2013-11-14,0.38035956025123596
2013-11-15,0.3791871666908264
2013-11-18,0.3700416386127472
2013-11-19,0.36402952671051025
2013-11-20,0.3586067259311676
2013-11-21,0.36143600940704346
2013-11-22,0.3578994572162628
2013-11-25,0.36567988991737366
2013-11-26,0.3687448799610138
2013-11-27,0.3701595664024353
2013-11-29,0.367801696062088
2013-12-02,0.3713383078575134
2013-12-03,0.37110254168510437
2013-12-04,0.3762895166873932
2013-12-05,0.3701595664024353
2013-12-06,0.3647368550300598
2013-12-09,0.3586067259311676
2013-12-10,0.3668587803840637
2013-12-11,0.3633222281932831
2013-12-12,0.3562491834163666
2013-12-13,0.3541271686553955
2013-12-16,0.35459861159324646
2013-12-17,0.3562491834163666
2013-12-18,0.36120033264160156
2013-12-19,0.36261481046676636
2013-12-20,0.36992374062538147
2013-12-23,0.372045636177063
2013-12-24,0.3729887902736664
2013-12-26,0.36945226788520813
2013-12-27,0.37157416343688965
2013-12-30,0.37652531266212463
2013-12-31,0.37770411372184753
2014-01-02,0.3739318549633026
2014-01-03,0.36945226788520813
2014-01-06,0.3744033873081207
2014-01-07,0.38053348660469055
2014-01-08,0.38572049140930176
2014-01-09,0.3713383078575134
2014-01-10,0.3708668351173401
2014-01-13,0.36214327812194824
2014-01-14,0.3734602928161621
2014-01-15,0.37746840715408325
2014-01-16,0.3786473274230957
2014-01-17,0.37699684500694275
2014-01-21,0.37841153144836426
2014-01-22,0.37793993949890137
2014-01-23,0.37652531266212463
2014-01-24,0.3668587803840637
2014-01-27,0.364501029253006
2014-01-28,0.36803752183914185
2014-01-29,0.364501029253006
2014-01-30,0.37063097953796387
2014-01-31,0.3701595664024353
2014-02-03,0.3652084171772003
2014-02-04,0.3673301935195923
2014-02-05,0.36402952671051025
2014-02-06,0.3687448799610138
2014-02-07,0.3741675615310669
2014-02-10,0.37534645199775696
2014-02-11,0.3831268846988678
2014-02-12,0.3968016505241394
2014-02-13,0.40929731726646423
2014-02-14,0.42226478457450867
2014-02-18,0.422029048204422
2014-02-19,0.42768755555152893
2014-02-20,0.44277679920196533
2014-02-21,0.43947598338127136
2014-02-24,0.44584178924560547
2014-02-25,0.4438287019729614
2014-02-26,0.44311821460723877
2014-02-27,0.4381447434425354
2014-02-28,0.4353026747703552
2014-03-03,0.4331711232662201
2014-03-04,0.437671035528183
2014-03-05,0.44146037101745605
2014-03-06,0.4353026747703552
2014-03-07,0.43482887744903564
2014-03-10,0.4284343719482422
2014-03-11,0.43269744515419006
2014-03-12,0.43388161063194275
2014-03-13,0.420145183801651
2014-03-14,0.42203980684280396
2014-03-17,0.42203980684280396
2014-03-18,0.4319869577884674
2014-03-19,0.43956562876701355
2014-03-20,0.4398025870323181
2014-03-21,0.4390919506549835
2014-03-24,0.4369605779647827
2014-03-25,0.4369605779647827
2014-03-26,0.4270133674144745
2014-03-27,0.42132943868637085
2014-03-28,0.42393454909324646
2014-03-31,0.42417141795158386
2014-04-01,0.4416971802711487
2014-04-02,0.4388553202152252
2014-04-03,0.4435919523239136
2014-04-04,0.42985543608665466
2014-04-07,0.43127650022506714
2014-04-08,0.4466708302497864
2014-04-09,0.4461970329284668
2014-04-10,0.4353026747703552
2014-04-11,0.4291449785232544
2014-04-14,0.43388161063194275
2014-04-15,0.4369605779647827
2014-04-16,0.4379078447818756
2014-04-17,0.43956562876701355
2014-04-21,0.44311821460723877
2014-04-22,0.4469076097011566
2014-04-23,0.452117919921875
2014-04-24,0.4561440646648407
2014-04-25,0.4435919523239136
2014-04-28,0.4416971802711487
2014-04-29,0.44264447689056396
2014-04-30,0.43743404746055603
2014-05-01,0.4398025870323181
2014-05-02,0.4364869296550751
2014-05-05,0.4412234425544739
2014-05-06,0.4322238266468048
2014-05-07,0.43269744515419006
2014-05-08,0.4381447434425354
2014-05-09,0.4274871349334717
2014-05-12,0.4400392770767212
2014-05-13,0.4329342842102051
2014-05-14,0.428671270608902
2014-05-15,0.42630285024642944
2014-05-16,0.42535555362701416
2014-05-19,0.4390919506549835
2014-05-20,0.43397659063339233
2014-05-21,0.43397659063339233
2014-05-22,0.43587997555732727
2014-05-23,0.4399247467517853
2014-05-27,0.44777634739875793
2014-05-28,0.4515831172466278
2014-05-29,0.4508693218231201
2014-05-30,0.45205897092819214
2014-06-02,0.45063138008117676
2014-06-03,0.4487280249595642
2014-06-04,0.44920381903648376
2014-06-05,0.4511072337627411
2014-06-06,0.4527726471424103
2014-06-09,0.4532485604286194
2014-06-10,0.4556278586387634
2014-06-11,0.46157610416412354
2014-06-12,0.4644310772418976
2014-06-13,0.46490710973739624
2014-06-16,0.4634794294834137
2014-06-17,0.4665724039077759
2014-06-18,0.46609652042388916
2014-06-19,0.4553898870944977
2014-06-20,0.4503934383392334
2014-06-23,0.4451591968536377
2014-06-24,0.4382592737674713
2014-06-25,0.44277989864349365
2014-06-26,0.43683168292045593
2014-06-27,0.43730759620666504
2014-06-30,0.44111427664756775
2014-07-01,0.4461108148097992
2014-07-02,0.44444531202316284
2014-07-03,0.4484901428222656
2014-07-07,0.4449211359024048
2014-07-08,0.44135233759880066
2014-07-09,0.45467618107795715
2014-07-10,0.4522969126701355
2014-07-11,0.4532485604286194
2014-07-14,0.4589587450027466
2014-07-15,0.4608622193336487
2014-07-16,0.46038633584976196
2014-07-17,0.4591968059539795
2014-07-18,0.43873515725135803
2014-07-21,0.44135233759880066
2014-07-22,0.43944889307022095
2014-07-23,0.4301697909832001
2014-07-24,0.4308834671974182
2014-07-25,0.42326992750167847
2014-07-28,0.42160454392433167
2014-07-29,0.42303186655044556
2014-07-30,0.4301697909832001
2014-07-31,0.41637006402015686
2014-08-01,0.4208907186985016
2014-08-04,0.41993892192840576
2014-08-05,0.42017680406570435
2014-08-06,0.4197010397911072
2014-08-07,0.415418416261673
2014-08-08,0.45205897092819214
2014-08-11,0.4496796429157257
2014-08-12,0.4496796429157257
2014-08-13,0.4522969126701355
2014-08-14,0.44730040431022644
2014-08-15,0.4530107378959656
2014-08-18,0.4591968059539795
2014-08-19,0.46290090680122375
2014-08-20,0.460033118724823
2014-08-21,0.45573145151138306
2014-08-22,0.45597049593925476
2014-08-25,0.4566875994205475
2014-08-26,0.4648127853870392
2014-08-27,0.45955514907836914
2014-08-28,0.4633788764476776
2014-08-29,0.4648127853870392
2014-09-02,0.4660075902938843
2014-09-03,0.47030916810035706
2014-09-04,0.47867336869239807
2014-09-05,0.4772395193576813
2014-09-08,0.4729379713535309
2014-09-09,0.46696344017982483
2014-09-10,0.46863633394241333
2014-09-11,0.4638567864894867
2014-09-12,0.4569263756275177
2014-09-15,0.45071300864219666
2014-09-16,0.4574044346809387
2014-09-17,0.45764341950416565
2014-09-18,0.4645736813545227
2014-09-19,0.45597049593925476
2014-09-22,0.45142999291419983
2014-09-23,0.44951820373535156
2014-09-24,0.4521467387676239
2014-09-25,0.4423487186431885
2014-09-26,0.44330471754074097
2014-09-29,0.4425877332687378
2014-09-30,0.44091495871543884
2014-10-01,0.43661320209503174
2014-10-02,0.43470144271850586
2014-10-03,0.4356573522090912
2014-10-06,0.4330286681652069
2014-10-07,0.4284881055355072
2014-10-08,0.43637433648109436
2014-10-09,0.42801010608673096
2014-10-10,0.4026782810688019
2014-10-13,0.40124449133872986
2014-10-14,0.4105646312236786
2014-10-15,0.41677799820899963
2014-10-16,0.41701701283454895
2014-10-17,0.4163001775741577
2014-10-20,0.4198848307132721
2014-10-21,0.4378080666065216
2014-10-22,0.4275321662425995
2014-10-23,0.43709123134613037
2014-10-24,0.44163182377815247
2014-10-27,0.4418707489967346
2014-10-28,0.4523857831954956
2014-10-29,0.44951820373535156
2014-10-30,0.44665035605430603
2014-10-31,0.46696344017982483
2014-11-03,0.4748497009277344
2014-11-04,0.48106324672698975
2014-11-05,0.48106324672698975
2014-11-06,0.48321402072906494
2014-11-07,0.4729379713535309
2014-11-10,0.47843459248542786
2014-11-11,0.47269901633262634
2014-11-12,0.46959224343299866
2014-11-13,0.46720248460769653
2014-11-14,0.4729379713535309
2014-11-17,0.4707871377468109
2014-11-18,0.4820190966129303
2014-11-19,0.480219304561615
2014-11-20,0.4881388247013092
2014-11-21,0.49077874422073364
2014-11-24,0.4938986003398895
2014-11-25,0.4936586320400238
2014-11-26,0.5020580291748047
2014-11-28,0.5032580494880676
2014-12-01,0.4938986003398895
2014-12-02,0.49461880326271057
2014-12-03,0.5073381662368774
2014-12-04,0.502778172492981
2014-12-05,0.5056581497192383
2014-12-08,0.49917832016944885
2014-12-09,0.4974985122680664
2014-12-10,0.486458957195282
2014-12-11,0.48621895909309387
2014-12-12,0.47109970450401306
2014-12-15,0.4696596562862396
2014-12-16,0.4643799066543579
2014-12-17,0.4833390414714813
2014-12-18,0.4852589964866638
2014-12-19,0.4900588095188141
2014-12-22,0.49869853258132935
2014-12-23,0.4955783486366272
2014-12-24,0.4936586320400238
2014-12-26,0.49413853883743286
2014-12-29,0.4934186339378357
2014-12-30,0.48885905742645264
2014-12-31,0.4811791777610779
2015-01-02,0.483099102973938
2015-01-05,0.47493940591812134
2015-01-06,0.4605400860309601
2015-01-07,0.45934006571769714
2015-01-08,0.4766194224357605
2015-01-09,0.47853925824165344
2015-01-12,0.472539484500885
2015-01-13,0.4718194603919983
2015-01-14,0.47373947501182556
2015-01-15,0.47037971019744873
2015-01-16,0.4790192246437073
2015-01-20,0.4804593026638031
2015-01-21,0.48717883229255676
2015-01-22,0.4955783486366272
2015-01-23,0.4970184564590454
2015-01-26,0.4948585629463196
2015-01-27,0.47109970450401306
2015-01-28,0.4634198546409607
2015-01-29,0.474699467420578
2015-01-30,0.46077996492385864
2015-02-02,0.4708595871925354
2015-02-03,0.48261919617652893
2015-02-04,0.48381906747817993
2015-02-05,0.49173882603645325
2015-02-06,0.4895787239074707
2015-02-09,0.4890989661216736
2015-02-10,0.502778172492981
2015-02-11,0.4994184374809265
2015-02-12,0.5351769328117371
2015-02-13,0.5354167819023132
2015-02-17,0.5370966792106628
2015-02-18,0.5308569669723511
2015-02-19,0.5322969555854797
2015-02-20,0.5361368060112
2015-02-23,0.5318170785903931
2015-02-24,0.5374784469604492
2015-02-25,0.533382773399353
2015-02-26,0.5348283648490906
2015-02-27,0.5314556360244751
2015-03-02,0.5444650650024414
2015-03-03,0.5343464612960815
2015-03-04,0.5403692722320557
2015-03-05,0.5507287383079529
2015-03-06,0.5432605743408203
2015-03-09,0.544705867767334
2015-03-10,0.5541014671325684
2015-03-11,0.5512105226516724
2015-03-12,0.5461512804031372
2015-03-13,0.5468739867210388
2015-03-16,0.5533789992332458
2015-03-17,0.5601243376731873
2015-03-18,0.5509695410728455
2015-03-19,0.5594016909599304
2015-03-20,0.5654245018959045
2015-03-23,0.5471149682998657
2015-03-24,0.5396467447280884
2015-03-25,0.5068824887275696
2015-03-26,0.5051958560943604
2015-03-27,0.5150733590126038
2015-03-30,0.5172415971755981
2015-03-31,0.5042322874069214
2015-04-01,0.5061598420143127
2015-04-02,0.5073640942573547
2015-04-06,0.522060215473175
2015-04-07,0.5266373157501221
2015-04-08,0.5304919481277466
2015-04-09,0.5427784323692322
2015-04-10,0.5483195185661316
2015-04-13,0.5432605743408203
2015-04-14,0.5386829972267151
2015-04-15,0.5451875329017639
2015-04-16,0.5418146848678589
2015-04-17,0.5348283648490906
2015-04-20,0.5321784019470215
2015-04-21,0.5314556360244751
2015-04-22,0.5374784469604492
2015-04-23,0.5353103280067444
2015-04-24,0.5307328701019287
2015-04-27,0.5348283648490906
2015-04-28,0.5374784469604492
2015-04-29,0.533382773399353
2015-04-30,0.5348283648490906
2015-05-01,0.5480787754058838
2015-05-04,0.544705867767334
2015-05-05,0.5307328701019287
2015-05-06,0.5324191451072693
2015-05-07,0.5418146848678589
2015-05-08,0.5018233060836792
2015-05-11,0.49700501561164856
2015-05-12,0.5018233060836792
2015-05-13,0.5047140717506409
2015-05-14,0.5129053592681885
2015-05-15,0.5131462812423706
2015-05-18,0.5124235153198242
2015-05-19,0.5092287063598633
2015-05-20,0.5092287063598633
2015-05-21,0.5055984258651733
2015-05-22,0.5048719644546509
2015-05-26,0.5017257928848267
2015-05-27,0.5285908579826355
2015-05-28,0.5358517169952393
2015-05-29,0.535609781742096
2015-06-01,0.5416603684425354
2015-06-02,0.5310113430023193
2015-06-03,0.525202751159668
2015-06-04,0.5346417427062988
2015-06-05,0.5387561321258545
2015-06-08,0.5264126658439636
2015-06-09,0.5290749669075012
2015-06-10,0.519635796546936
2015-06-11,0.525202751159668
2015-06-12,0.5109226703643799
2015-06-15,0.5099547505378723
2015-06-16,0.5162475109100342
2015-06-17,0.5222980976104736
2015-06-18,0.5310113430023193
2015-06-19,0.5293170809745789
2015-06-22,0.5271388292312622
2015-06-23,0.5135851502418518
2015-06-24,0.5085026621818542
2015-06-25,0.5123752355575562
2015-06-26,0.50196772813797
2015-06-29,0.48696210980415344
2015-06-30,0.4867200553417206
2015-07-01,0.4937387704849243
2015-07-02,0.49422287940979004
2015-07-06,0.48817211389541626
2015-07-07,0.4789750576019287
2015-07-08,0.4755866229534149
2015-07-09,0.46977806091308594
2015-07-10,0.4780069589614868
2015-07-13,0.4811532497406006
2015-07-14,0.48139533400535583
2015-07-15,0.4780069589614868
2015-07-16,0.4886561930179596
2015-07-17,0.4857519268989563
2015-07-20,0.47679680585861206
2015-07-21,0.4789750576019287
2015-07-22,0.46977806091308594
2015-07-23,0.4755866229534149
2015-07-24,0.4700201153755188
2015-07-27,0.4673576354980469
2015-07-28,0.47752273082733154
2015-07-29,0.4833315312862396
2015-07-30,0.48454180359840393
2015-07-31,0.48284751176834106
2015-08-03,0.4910765290260315
2015-08-04,0.49301284551620483
2015-08-05,0.4980952739715576
2015-08-06,0.49494898319244385
2015-08-07,0.5561822056770325
2015-08-10,0.575544536113739
2015-08-11,0.5726401209831238
2015-08-12,0.5740925669670105
2015-08-13,0.5692515969276428
2015-08-14,0.5697359442710876
2015-08-17,0.5661055445671082
2015-08-18,0.5609529614448547
2015-08-19,0.5587653517723083
2015-08-20,0.538592517375946
2015-08-21,0.5218222141265869
2015-08-24,0.5033506155014038
2015-08-25,0.49289971590042114
2015-08-26,0.5300860404968262
2015-08-27,0.5500155687332153
2015-08-28,0.5524460077285767
2015-08-31,0.5463700890541077
2015-09-01,0.524009644985199
2015-09-02,0.5398077964782715
2015-09-03,0.5412657856941223
2015-09-04,0.5286276340484619
2015-09-08,0.5512309670448303
2015-09-09,0.54029381275177
2015-09-10,0.548800528049469
2015-09-11,0.5505017042160034
2015-09-14,0.5514740943908691
2015-09-15,0.5575501918792725
2015-09-16,0.5614387392997742
2015-09-17,0.5665429830551147
2015-09-18,0.5660566091537476
2015-09-21,0.5718898773193359
2015-09-22,0.5563349723815918
2015-09-23,0.5590084195137024
2015-09-24,0.5697024464607239
2015-09-25,0.5738343000411987
2015-09-28,0.5662998557090759
2015-09-29,0.5762648582458496
2015-09-30,0.5991111993789673
2015-10-01,0.5874450206756592
2015-10-02,0.602756917476654
2015-10-05,0.6178258657455444
2015-10-06,0.6258466243743896
2015-10-07,0.6324089169502258
2015-10-08,0.6360543370246887
2015-10-09,0.6336239576339722
2015-10-12,0.6404291987419128
2015-10-13,0.6416446566581726
2015-10-14,0.664976954460144
2015-10-15,0.6666783094406128
2015-10-16,0.677129328250885
2015-10-19,0.6759141683578491
2015-10-20,0.6749420166015625
2015-10-21,0.666192352771759
2015-10-22,0.690253734588623
2015-10-23,0.6948720812797546
2015-10-26,0.6917122602462769
2015-10-27,0.6912261247634888
2015-10-28,0.6968162059783936
2015-10-29,0.6727545857429504
2015-10-30,0.6895245909690857
2015-11-02,0.6975454688072205
2015-11-03,0.6926843523979187
2015-11-04,0.6812611222267151
2015-11-05,0.6734836101531982
2015-11-06,0.7668136954307556
2015-11-09,0.7634110450744629
2015-11-10,0.7488284111022949
2015-11-11,0.7415370345115662
2015-11-12,0.738863468170166
2015-11-13,0.724280595779419
2015-11-16,0.738863468170166
2015-11-17,0.738863468170166
2015-11-18,0.7570391297340393
2015-11-19,0.7592349648475647
2015-11-20,0.7658219933509827
2015-11-23,0.7543554306030273
2015-11-24,0.7604545950889587
2015-11-25,0.7594788670539856
2015-11-27,0.7658219933509827
2015-11-30,0.7738730907440186
2015-12-01,0.7990020513534546
2015-12-02,0.7929028272628784
2015-12-03,0.7911949157714844
2015-12-04,0.8233988881111145
2015-12-07,0.807784914970398
2015-12-08,0.8187634944915771
2015-12-09,0.7980260848999023
2015-12-10,0.8046134114265442
2015-12-11,0.7926586866378784
2015-12-14,0.7946105599403381
2015-12-15,0.8043692708015442
2015-12-16,0.8092485666275024
2015-12-17,0.7970501184463501
2015-12-18,0.7841197848320007
2015-12-21,0.8026614189147949
2015-12-22,0.8033933639526367
2015-12-23,0.8065651655197144
2015-12-24,0.8092485666275024
2015-12-28,0.808516800403595
2015-12-29,0.8216911554336548
2015-12-30,0.8146160244941711
2015-12-31,0.8041254281997681
2016-01-04,0.7897310256958008
2016-01-05,0.802417516708374
2016-01-06,0.7692376971244812
2016-01-07,0.7387413382530212
2016-01-08,0.7228833436965942
2016-01-11,0.7241031527519226
2016-01-12,0.7363017201423645
2016-01-13,0.7138563394546509
2016-01-14,0.6994622349739075
2016-01-15,0.6614029407501221
2016-01-19,0.6667702794075012
2016-01-20,0.6704295873641968
2016-01-21,0.6782368421554565
2016-01-22,0.6940949559211731
2016-01-25,0.6933630108833313
2016-01-26,0.7001940608024597
2016-01-27,0.6918990015983582
2016-01-28,0.6843359470367432
2016-01-29,0.7145881652832031
2016-02-01,0.7148323059082031
2016-02-02,0.6845800876617432
2016-02-03,0.6879955530166626
2016-02-04,0.688239574432373
2016-02-05,0.6448127627372742
2016-02-08,0.615292489528656
2016-02-09,0.6218797564506531
2016-02-10,0.6204158067703247
2016-02-11,0.6172442436218262
2016-02-12,0.6277347803115845
2016-02-16,0.6584751009941101
2016-02-17,0.6748212575912476
2016-02-18,0.7328862547874451
2016-02-19,0.7426446676254272
2016-02-22,0.7689935564994812
2016-02-23,0.7709454894065857
2016-02-24,0.7763127088546753
2016-02-25,0.7780205607414246
2016-02-26,0.7728971242904663
2016-02-29,0.7678773999214172
2016-03-01,0.8019130229949951
2016-03-02,0.80656498670578
2016-03-03,0.7994642853736877
2016-03-04,0.7970157861709595
2016-03-07,0.7918736934661865
2016-03-08,0.7774269580841064
2016-03-09,0.7769375443458557
2016-03-10,0.7757130265235901
2016-03-11,0.7889354825019836
2016-03-14,0.7908943295478821
2016-03-15,0.7869766354560852
2016-03-16,0.8104828596115112
2016-03-17,0.8036269545555115
2016-03-18,0.8278680443763733
2016-03-21,0.8303166627883911
2016-03-22,0.8288474678993225
2016-03-23,0.8430492877960205
2016-03-24,0.8442736268043518
2016-03-28,0.8528435826301575
2016-03-29,0.8665556907653809
2016-03-30,0.8756155371665955
2016-03-31,0.872432291507721
2016-04-01,0.885164737701416
2016-04-04,0.8765950202941895
2016-04-05,0.8753708004951477
2016-04-06,0.8765950202941895
2016-04-07,0.8675350546836853
2016-04-08,0.8731669187545776
2016-04-11,0.878553569316864
2016-04-12,0.8775743842124939
2016-04-13,0.8996118307113647
2016-04-14,0.9020601511001587
2016-04-15,0.9091611504554749
2016-04-18,0.9052433371543884
2016-04-19,0.8890828490257263
2016-04-20,0.8925108909606934
2016-04-21,0.891531229019165
2016-04-22,0.8881033062934875
2016-04-25,0.8925108909606934
2016-04-26,0.8932453393936157
2016-04-27,0.9135684967041016
2016-04-28,0.8863893151283264
2016-04-29,0.8699836134910583
2016-05-02,0.8814921379089355
2016-05-03,0.8709632158279419
2016-05-04,0.8511294722557068
2016-05-05,0.8562716245651245
2016-05-06,0.865086555480957
2016-05-09,0.8638622164726257
2016-05-10,0.8805127739906311
2016-05-11,0.8829612135887146
2016-05-12,0.8709632158279419
2016-05-13,1.0034315586090088
2016-05-16,1.033060073852539
2016-05-17,1.0352634191513062
2016-05-18,1.0617082118988037
2016-05-19,1.066360592842102
2016-05-20,1.0854597091674805
2016-05-23,1.087173581123352
2016-05-24,1.1135642528533936
2016-05-25,1.108899712562561
2016-05-26,1.1206841468811035
2016-05-27,1.1268209218978882
2016-05-31,1.146951675415039
2016-06-01,1.1491607427597046
2016-06-02,1.1572622060775757
2016-06-03,1.1410597562789917
2016-06-06,1.1351679563522339
2016-06-07,1.1373772621154785
2016-06-08,1.1336946487426758
2016-06-09,1.1631540060043335
2016-06-10,1.134185552597046
2016-06-13,1.1486700773239136
2016-06-14,1.1508792638778687
2016-06-15,1.162663221359253
2016-06-16,1.1673275232315063
2016-06-17,1.146951675415039
2016-06-20,1.1675729751586914
2016-06-21,1.1604539155960083
2016-06-22,1.1594717502593994
2016-06-23,1.1904040575027466
2016-06-24,1.1226472854614258
2016-06-27,1.1106184720993042
2016-06-28,1.1268209218978882
2016-06-29,1.145233154296875
2016-06-30,1.1540708541870117
2016-07-01,1.14547860622406
2016-07-05,1.1624178886413574
2016-07-06,1.1697825193405151
2016-07-07,1.2002239227294922
2016-07-08,1.2483409643173218
2016-07-11,1.2770637273788452
2016-07-12,1.2962126731872559
2016-07-13,1.2957210540771484
2016-07-14,1.3089784383773804
2016-07-15,1.2937575578689575
2016-07-18,1.300385594367981
2016-07-19,1.3138881921768188
2016-07-20,1.3310726881027222
2016-07-21,1.3065229654312134
2016-07-22,1.3421196937561035
2016-07-25,1.3669145107269287
2016-07-26,1.3902368545532227
2016-07-27,1.3762437105178833
2016-07-28,1.3791898488998413
2016-07-29,1.4017752408981323
2016-08-01,1.3926916122436523
2016-08-02,1.3757526874542236
2016-08-03,1.3794348239898682
2016-08-04,1.4049668312072754
2016-08-05,1.4287797212600708
2016-08-08,1.4420363903045654
2016-08-09,1.44571852684021
2016-08-10,1.436389684677124
2016-08-11,1.4656044244766235
2016-08-12,1.5475988388061523
2016-08-15,1.5461262464523315
2016-08-16,1.536797046661377
2016-08-17,1.5012003183364868
2016-08-18,1.524522304534912
2016-08-19,1.5284503698349
2016-08-22,1.5348330736160278
2016-08-23,1.5472534894943237
2016-08-24,1.5233967304229736
2016-08-25,1.5133131742477417
2016-08-26,1.5256105661392212
2016-08-29,1.5246262550354004
2016-08-30,1.5157721042633057
2016-08-31,1.508639931678772
2016-09-01,1.5531563758850098
2016-09-02,1.537907600402832
2016-09-06,1.5524182319641113
2016-09-07,1.5295451879501343
2016-09-08,1.5406129360198975
2016-09-09,1.463877558708191
2016-09-12,1.494128942489624
2016-09-13,1.4724854230880737
2016-09-14,1.4855209589004517
2016-09-15,1.5418426990509033
2016-09-16,1.5455318689346313
2016-09-19,1.5659456253051758
2016-09-20,1.5516809225082397
2016-09-21,1.5952131748199463
2016-09-22,1.5991480350494385
2016-09-23,1.597426414489746
2016-09-26,1.5824241638183594
2016-09-27,1.6365320682525635
2016-09-28,1.6424351930618286
2016-09-29,1.657684087753296
2016-09-30,1.6852298974990845
2016-10-03,1.683508038520813
2016-10-04,1.6798192262649536
2016-10-05,1.678097128868103
2016-10-06,1.6562080383300781
2016-10-07,1.644156813621521
2016-10-10,1.650304913520813
2016-10-11,1.626448154449463
2016-10-12,1.6338272094726562
2016-10-13,1.607264518737793
2016-10-14,1.6230049133300781
2016-10-17,1.613659381866455
2016-10-18,1.638254165649414
2016-10-19,1.634810447692871
2016-10-20,1.6657999753952026
2016-10-21,1.6611270904541016
2016-10-24,1.739092230796814
2016-10-25,1.7676219940185547
2016-10-26,1.774754524230957
2016-10-27,1.7383546829223633
2016-10-28,1.7354031801223755
2016-10-31,1.7501598596572876
2016-11-01,1.6982648372650146
2016-11-02,1.6911330223083496
2016-11-03,1.6714565753936768
2016-11-04,1.661864995956421
2016-11-07,1.7528654336929321
2016-11-08,1.7501598596572876
2016-11-09,1.7206465005874634
2016-11-10,1.6667841672897339
2016-11-11,2.163597583770752
2016-11-14,2.0571024417877197
2016-11-15,2.1198182106018066
2016-11-16,2.253612756729126
2016-11-17,2.272306203842163
2016-11-18,2.2961628437042236
2016-11-21,2.286816120147705
2016-11-22,2.3032941818237305
2016-11-23,2.314626693725586
2016-11-25,2.319305419921875
2016-11-28,2.3180739879608154
2016-11-29,2.296891450881958
2016-11-30,2.2710275650024414
2016-12-01,2.158707857131958
2016-12-02,2.1786599159240723
2016-12-05,2.2631452083587646
2016-12-06,2.300339460372925
2016-12-07,2.3417201042175293
2016-12-08,2.302556037902832
2016-12-09,2.2616677284240723
2016-12-12,2.206739902496338
2016-12-13,2.2456579208374023
2016-12-14,2.375711441040039
2016-12-15,2.431379795074463
2016-12-16,2.473252773284912
2016-12-19,2.503303289413452
2016-12-20,2.5904994010925293
2016-12-21,2.6067559719085693
2016-12-22,2.6382837295532227
2016-12-23,2.7040507793426514
2016-12-27,2.8897721767425537
2016-12-28,2.690995693206787
2016-12-29,2.744692325592041
2016-12-30,2.6291704177856445
2017-01-03,2.5126633644104004
2017-01-04,2.5712859630584717
2017-01-05,2.5060126781463623
2017-01-06,2.5395116806030273
2017-01-09,2.6424713134765625
2017-01-10,2.6225197315216064
2017-01-11,2.590252637863159
2017-01-12,2.5478861331939697
2017-01-13,2.547639846801758
2017-01-17,2.490494728088379
2017-01-18,2.5358173847198486
2017-01-19,2.590252637863159
2017-01-20,2.5619258880615234
2017-01-23,2.5885281562805176
2017-01-24,2.6437032222747803
2017-01-25,2.655034065246582
2017-01-26,2.7008488178253174
2017-01-27,2.7530672550201416
2017-01-30,2.7099623680114746
2017-01-31,2.6892707347869873
2017-02-01,2.8067641258239746
2017-02-02,2.842233180999756
2017-02-03,2.817355155944824
2017-02-06,2.8895256519317627
2017-02-07,2.9343552589416504
2017-02-08,2.9215469360351562
2017-02-09,2.8666179180145264
2017-02-10,2.7986350059509277
2017-02-13,2.6695666313171387
2017-02-14,2.6794185638427734
2017-02-15,2.6848373413085938
2017-02-16,2.641732692718506
2017-02-17,2.641239881515503
2017-02-21,2.7358250617980957
2017-02-22,2.7316322326660156
2017-02-23,2.478347063064575
2017-02-24,2.502270460128784
2017-02-27,2.575024366378784
2017-02-28,2.50276255607605
2017-03-01,2.5350701808929443
2017-03-02,2.4415998458862305
2017-03-03,2.427541971206665
2017-03-06,2.4087984561920166
2017-03-07,2.435187816619873
2017-03-08,2.430748701095581
2017-03-09,2.4302549362182617
2017-03-10,2.444559097290039
2017-03-13,2.511888027191162
2017-03-14,2.510162115097046
2017-03-15,2.5291523933410645
2017-03-16,2.5602266788482666
2017-03-17,2.61596417427063
2017-03-20,2.699323892593384
2017-03-21,2.6120190620422363
2017-03-22,2.665290117263794
2017-03-23,2.6411209106445312
2017-03-24,2.650491237640381
2017-03-27,2.669729471206665
2017-03-28,2.655917167663574
2017-03-29,2.6472859382629395
2017-03-30,2.6980910301208496
2017-03-31,2.686499834060669
2017-04-03,2.6729354858398438
2017-04-04,2.485499143600464
2017-04-05,2.4670026302337646
2017-04-06,2.485006332397461
2017-04-07,2.4744014739990234
2017-04-10,2.4112653732299805
2017-04-11,2.4198970794677734
2017-04-12,2.3999197483062744
2017-04-13,2.3550338745117188
2017-04-17,2.447272777557373
2017-04-18,2.4487521648406982
2017-04-19,2.4583709239959717
2017-04-20,2.497338056564331
2017-04-21,2.5076966285705566
2017-04-24,2.539017677307129
2017-04-25,2.583163022994995
2017-04-26,2.565406084060669
2017-04-27,2.6053590774536133
2017-04-28,2.5723118782043457
2017-05-01,2.6300220489501953
2017-05-02,2.552088737487793
2017-05-03,2.571078300476074
2017-05-04,2.561213493347168
2017-05-05,2.561460256576538
2017-05-08,2.5345778465270996
2017-05-09,2.5387706756591797
2017-05-10,2.9913294315338135
2017-05-11,3.1198222637176514
2017-05-12,3.1541030406951904
2017-05-15,3.312437057495117
2017-05-16,3.374093770980835
2017-05-17,3.1499099731445312
2017-05-18,3.281856060028076
2017-05-19,3.357649564743042
2017-05-22,3.429246425628662
2017-05-23,3.3830795288085938
2017-05-24,3.4210991859436035
2017-05-25,3.413445234298706
2017-05-26,3.501830577850342
2017-05-30,3.576637029647827
2017-05-31,3.563798189163208
2017-06-01,3.5640461444854736
2017-06-02,3.5462703704833984
2017-06-05,3.6541590690612793
2017-06-06,3.63761830329895
2017-06-07,3.6815645694732666
2017-06-08,3.9486944675445557
2017-06-09,3.6934149265289307
2017-06-12,3.7025489807128906
2017-06-13,3.737854480743408
2017-06-14,3.7457540035247803
2017-06-15,3.7618019580841064
2017-06-16,3.7432844638824463
2017-06-19,3.8840103149414062
2017-06-20,3.8783323764801025
2017-06-21,3.9370906352996826
2017-06-22,3.90993332862854
2017-06-23,3.797847270965576
2017-06-26,3.7563705444335938
2017-06-27,3.6188549995422363
2017-06-28,3.746494770050049
2017-06-29,3.621323585510254
2017-06-30,3.5689845085144043
2017-07-03,3.439862012863159
2017-07-05,3.5317044258117676
2017-07-06,3.5423200130462646
2017-07-07,3.6232986450195312
2017-07-10,3.794637441635132
2017-07-11,3.848459005355835
2017-07-12,4.012143135070801
2017-07-13,3.965728759765625
2017-07-14,4.072385311126709
2017-07-17,4.0551018714904785
2017-07-18,4.097320079803467
2017-07-19,4.076087474822998
2017-07-20,4.135339260101318
2017-07-21,4.150153636932373
2017-07-24,4.102010726928711
2017-07-25,4.0822601318359375
2017-07-26,4.129415035247803
2017-07-27,3.993133306503296
2017-07-28,4.058558464050293
2017-07-31,4.012143135070801
2017-08-01,4.061028957366943
2017-08-02,4.058558464050293
2017-08-03,4.1101579666137695
2017-08-04,4.128182411193848
2017-08-07,4.255079746246338
2017-08-08,4.204468250274658
2017-08-09,4.249156951904297
2017-08-10,4.067201137542725
2017-08-11,3.850433111190796
2017-08-14,4.157559394836426
2017-08-15,4.122500896453857
2017-08-16,4.077322483062744
2017-08-17,3.986468553543091
2017-08-18,3.9872076511383057
2017-08-21,3.9291908740997314
2017-08-22,4.016664981842041
2017-08-23,4.096973419189453
2017-08-24,4.081900596618652
2017-08-25,4.047799587249756
2017-08-28,4.076462745666504
2017-08-29,4.069790840148926
2017-08-30,4.094007968902588
2017-08-31,4.186920166015625
2017-09-01,4.212124824523926
2017-09-05,4.099691867828369
2017-09-06,4.097221374511719
2017-09-07,4.116246700286865
2017-09-08,4.044835090637207
2017-09-11,4.176046848297119
2017-09-12,4.191120147705078
2017-09-13,4.209901809692383
2017-09-14,4.185929775238037
2017-09-15,4.450578212738037
2017-09-18,4.6344218254089355
2017-09-19,4.629480361938477
2017-09-20,4.592169284820557
2017-09-21,4.466639995574951
2017-09-22,4.423150062561035
2017-09-25,4.225467681884766
2017-09-26,4.249190807342529
2017-09-27,4.342347145080566
2017-09-28,4.34111213684082
2017-09-29,4.417466640472412
2017-10-02,4.423150062561035
2017-10-03,4.432292461395264
2017-10-04,4.469358444213867
2017-10-05,4.466886520385742
2017-10-06,4.479982852935791
2017-10-09,4.581048488616943
2017-10-10,4.66852331161499
2017-10-11,4.718192100524902
2017-10-12,4.7204155921936035
2017-10-13,4.808383941650391
2017-10-16,4.8909149169921875
2017-10-17,4.886468410491943
2017-10-18,4.88226842880249
2017-10-19,4.887704849243164
2017-10-20,4.86546516418457
2017-10-23,4.858546733856201
2017-10-24,4.909448623657227
2017-10-25,4.785403251647949
2017-10-26,4.83556604385376
2017-10-27,4.988027572631836
2017-10-30,5.036954879760742
2017-10-31,5.1103434562683105
2017-11-01,5.119981288909912
2017-11-02,5.0888471603393555
2017-11-03,5.156797885894775
2017-11-06,5.180027484893799
2017-11-07,5.239331245422363
2017-11-08,5.168412208557129
2017-11-09,5.073526382446289
2017-11-10,5.340891361236572
2017-11-13,5.254158020019531
2017-11-14,5.292458534240723
2017-11-15,5.188676357269287
2017-11-16,5.2289533615112305
2017-11-17,5.222775459289551
2017-11-20,5.289989471435547
2017-11-21,5.3386688232421875
2017-11-22,5.314680576324463
2017-11-24,5.3648786544799805
2017-11-27,5.29514741897583
2017-11-28,5.210333347320557
2017-11-29,4.85697603225708
2017-11-30,4.963057518005371
2017-12-01,4.8881330490112305
2017-12-04,4.615634918212891
2017-12-05,4.6423420906066895
2017-12-06,4.679927349090576
2017-12-07,4.747434139251709
2017-12-08,4.735069751739502
2017-12-11,4.8134565353393555
2017-12-12,4.718996047973633
2017-12-13,4.6037678718566895
2017-12-14,4.61093807220459
2017-12-15,4.736800670623779
2017-12-18,4.893574237823486
2017-12-19,4.849310874938965
2017-12-20,4.866372108459473
2017-12-21,4.843871116638184
2017-12-22,4.828539848327637
2017-12-26,4.882198810577393
2017-12-27,4.875520706176758
2017-12-28,4.881208896636963
2017-12-29,4.7847723960876465
2018-01-02,4.9294281005859375
2018-01-03,5.253852367401123
2018-01-04,5.281547546386719
2018-01-05,5.326303005218506
2018-01-08,5.489506244659424
2018-01-09,5.488023281097412
2018-01-10,5.531047821044922
2018-01-11,5.540938377380371
2018-01-12,5.513738632202148
2018-01-16,5.442770481109619
2018-01-17,5.556765079498291
2018-01-18,5.549842357635498
2018-01-19,5.690045356750488
2018-01-22,5.778569221496582
2018-01-23,5.90764856338501
2018-01-24,5.830745220184326
2018-01-25,5.8443450927734375
2018-01-26,6.01694393157959
2018-01-29,6.103985786437988
2018-01-30,6.001857757568359
2018-01-31,6.0780205726623535
2018-02-01,5.946965217590332
2018-02-02,5.774367332458496
2018-02-05,5.284267902374268
2018-02-06,5.578029632568359
2018-02-07,5.657651901245117
2018-02-08,5.378727912902832
2018-02-09,5.738759517669678
2018-02-12,5.638613224029541
2018-02-13,5.752358913421631
2018-02-14,5.969714164733887
2018-02-15,6.095328330993652
2018-02-16,6.0295538902282715
2018-02-20,6.1591267585754395
2018-02-21,5.971939563751221
2018-02-22,5.9914870262146
2018-02-23,6.0850138664245605
2018-02-26,6.10109806060791
2018-02-27,6.088229179382324
2018-02-28,5.987774848937988
2018-03-01,5.745542526245117
2018-03-02,5.852677345275879
2018-03-05,5.830657958984375
2018-03-06,5.991732597351074
2018-03-07,5.983816146850586
2018-03-08,5.967485427856445
2018-03-09,6.070169448852539
2018-03-12,6.179778575897217
2018-03-13,6.129056930541992
2018-03-14,6.154541015625
2018-03-15,6.169388771057129
2018-03-16,6.197595119476318
2018-03-19,5.963031768798828
2018-03-20,6.175325870513916
2018-03-21,6.150087356567383
2018-03-22,5.984063625335693
2018-03-23,5.764346599578857
2018-03-26,6.049135684967041
2018-03-27,5.580012321472168
2018-03-28,5.476833820343018
2018-03-29,5.7302021980285645
2018-04-02,5.469412326812744
2018-04-03,5.5758056640625
2018-04-04,5.597827434539795
2018-04-05,5.477575778961182
2018-04-06,5.301159858703613
2018-04-09,5.329862117767334
2018-04-10,5.6391472816467285
2018-04-11,5.597827434539795
2018-04-12,5.804676532745361
2018-04-13,5.727975368499756
2018-04-16,5.727726459503174
2018-04-17,5.8774213790893555
2018-04-18,5.8484721183776855
2018-04-19,5.667104721069336
2018-04-20,5.658943176269531
2018-04-23,5.539434432983398
2018-04-24,5.473124027252197
2018-04-25,5.360790252685547
2018-04-26,5.572589874267578
2018-04-27,5.600052356719971
2018-04-30,5.564670085906982
2018-05-01,5.6200971603393555
2018-05-02,5.599559307098389
2018-05-03,5.764841556549072
2018-05-04,5.9150309562683105
2018-05-07,6.153058052062988
2018-05-08,6.195614337921143
2018-05-09,6.328731060028076
2018-05-10,6.43636417388916
2018-05-11,6.2978034019470215
2018-05-14,6.318338871002197
2018-05-15,6.075859546661377
2018-05-16,6.086992263793945
2018-05-17,6.129056930541992
2018-05-18,6.085262775421143
2018-05-21,6.043198585510254
2018-05-22,6.005094528198242
2018-05-23,6.128638744354248
2018-05-24,6.132350444793701
2018-05-25,6.171716690063477
2018-05-29,6.154633522033691
2018-05-30,6.263570785522461
2018-05-31,6.243762969970703
2018-06-01,6.378200054168701
2018-06-04,6.557203769683838
2018-06-05,6.562648773193359
2018-06-06,6.564629077911377
2018-06-07,6.508923053741455
2018-06-08,6.493574142456055
2018-06-11,6.452476501464844
2018-06-12,6.500999450683594
2018-06-13,6.496544361114502
2018-06-14,6.608203887939453
2018-06-15,6.567352771759033
2018-06-18,6.563145160675049
2018-06-19,6.441334247589111
2018-06-20,6.494316577911377
2018-06-21,6.365573406219482
2018-06-22,6.213062763214111
2018-06-25,5.920175075531006
2018-06-26,5.99122953414917
2018-06-27,5.835996150970459
2018-06-28,5.963253498077393
2018-06-29,5.86521053314209
2018-07-02,5.9974188804626465
2018-07-03,5.8637261390686035
2018-07-05,6.009551525115967
2018-07-06,6.123438835144043
2018-07-09,6.170974254608154
2018-07-10,6.270007133483887
2018-07-11,6.128391265869141
2018-07-12,6.21999454498291
2018-07-13,6.172707557678223
2018-07-16,6.144978046417236
2018-07-17,6.280899524688721
2018-07-18,6.231631755828857
2018-07-19,6.239802837371826
2018-07-20,6.211578369140625
2018-07-23,6.174935817718506
2018-07-24,6.157604694366455
2018-07-25,6.235841274261475
2018-07-26,6.309372425079346
2018-07-27,6.239554405212402
2018-07-30,6.044212341308594
2018-07-31,6.062287330627441
2018-08-01,6.102145195007324
2018-08-02,6.204893112182617
2018-08-03,6.241535186767578
2018-08-06,6.289317607879639
2018-08-07,6.3616108894348145
2018-08-08,6.398006916046143
2018-08-09,6.349481105804443
2018-08-10,6.308135032653809
2018-08-13,6.341062545776367
2018-08-14,6.472527027130127
2018-08-15,6.4143476486206055
2018-08-16,6.373743534088135
2018-08-17,6.061295509338379
2018-08-20,6.13606595993042
2018-08-21,6.2717413902282715
2018-08-22,6.506944179534912
2018-08-23,6.606470108032227
2018-08-24,6.739668846130371
2018-08-27,6.830780029296875
2018-08-28,6.793146133422852
2018-08-29,6.898675441741943
2018-08-30,6.881830215454102
2018-08-31,6.952925205230713
2018-09-04,7.027735233306885
2018-09-05,6.8969407081604
2018-09-06,6.75574254989624
2018-09-07,6.734438419342041
2018-09-10,6.805532455444336
2018-09-11,6.757723808288574
2018-09-12,6.643774032592773
2018-09-13,6.721556186676025
2018-09-14,6.847644805908203
2018-09-17,6.785715103149414
2018-09-18,6.713630676269531
2018-09-19,6.737410068511963
2018-09-20,6.596212863922119
2018-09-21,6.526108264923096
2018-09-24,6.581844806671143
2018-09-25,6.648975372314453
2018-09-26,6.612066268920898
2018-09-27,6.623955249786377
2018-09-28,6.961346626281738
2018-10-01,7.167944431304932
2018-10-02,7.096600532531738
2018-10-03,7.102793216705322
2018-10-04,6.918492317199707
2018-10-05,6.684894561767578
2018-10-08,6.583579063415527
2018-10-09,6.577881813049316
2018-10-10,6.0861639976501465
2018-10-11,5.824573993682861
2018-10-12,6.1072187423706055
2018-10-15,5.830766201019287
2018-10-16,6.089629650115967
2018-10-17,6.0210113525390625
2018-10-18,5.933568000793457
2018-10-19,5.676933765411377
2018-10-22,5.727715015411377
2018-10-23,5.4760355949401855
2018-10-24,4.939728736877441
2018-10-25,5.14855432510376
2018-10-26,4.911983489990234
2018-10-29,4.598125457763672
2018-10-30,5.028658390045166
2018-10-31,5.222620487213135
2018-11-01,5.402960300445557
2018-11-02,5.323937892913818
2018-11-05,5.245905876159668
2018-11-06,5.228317737579346
2018-11-07,5.295945167541504
2018-11-08,5.102724075317383
2018-11-09,5.094797611236572
2018-11-12,4.695230960845947
2018-11-13,4.937251567840576
2018-11-14,4.8847336769104
2018-11-15,5.013546466827393
2018-11-16,4.073213577270508
2018-11-19,3.5844669342041016
2018-11-20,3.6929664611816406
2018-11-21,3.5847151279449463
2018-11-23,3.5918989181518555
2018-11-26,3.7913107872009277
2018-11-27,3.8081557750701904
2018-11-28,3.965208053588867
2018-11-29,3.901977062225342
2018-11-30,4.052492141723633
2018-12-03,4.216397285461426
2018-12-04,3.895777940750122
2018-12-06,3.9250378608703613
2018-12-07,3.6602115631103516
2018-12-10,3.7655961513519287
2018-12-11,3.674593687057495
2018-12-12,3.6921989917755127
2018-12-13,3.6919515132904053
2018-12-14,3.6314477920532227
2018-12-17,3.5602810382843018
2018-12-18,3.6435983180999756
2018-12-19,3.434563159942627
2018-12-20,3.3500070571899414
2018-12-21,3.2128818035125732
2018-12-24,3.151139259338379
2018-12-26,3.3004140853881836
2018-12-27,3.2525572776794434
2018-12-28,3.314051866531372
2018-12-31,3.310332775115967
2019-01-02,3.377779245376587
2019-01-03,3.1737043857574463
2019-01-04,3.37703537940979
2019-01-07,3.555818796157837
2019-01-08,3.467294931411743
2019-01-09,3.535484790802002
2019-01-10,3.6011953353881836
2019-01-11,3.6904635429382324
2019-01-14,3.730384588241577
2019-01-15,3.716251850128174
2019-01-16,3.690711259841919
2019-01-17,3.762125253677368
2019-01-18,3.8913145065307617
2019-01-22,3.6889748573303223
2019-01-23,3.7018697261810303
2019-01-24,3.91387939453125
2019-01-25,3.9711592197418213
2019-01-28,3.4221649169921875
2019-01-29,3.263219118118286
2019-01-30,3.406791925430298
2019-01-31,3.5644967555999756
2019-02-01,3.5887975692749023
2019-02-04,3.6991419792175293
2019-02-05,3.718235492706299
2019-02-06,3.79386568069458
2019-02-07,3.655499219894409
2019-02-08,3.6740975379943848
2019-02-11,3.6314477920532227
2019-02-12,3.7484874725341797
2019-02-13,3.790888547897339
2019-02-14,3.831803321838379
2019-02-15,3.9014813899993896
2019-02-19,3.8841235637664795
2019-02-20,3.9314849376678467
2019-02-21,3.862550735473633
2019-02-22,3.947354555130005
2019-02-25,3.934957504272461
2019-02-26,3.8955299854278564
2019-02-27,3.853623867034912
2019-02-28,3.829050302505493
2019-03-01,3.883410930633545
2019-03-04,3.891601800918579
2019-03-05,3.885148763656616
2019-03-06,3.774193286895752
2019-03-07,3.7049400806427
2019-03-08,3.739194631576538
2019-03-11,3.999826192855835
2019-03-12,4.034080505371094
2019-03-13,4.1854939460754395
2019-03-14,4.109538555145264
2019-03-15,4.215033054351807
2019-03-18,4.1936869621276855
2019-03-19,4.361484050750732
2019-03-20,4.3289666175842285
2019-03-21,4.565768718719482
2019-03-22,4.405914783477783
2019-03-25,4.313577175140381
2019-03-26,4.3902764320373535
2019-03-27,4.381093978881836
2019-03-28,4.399708271026611
2019-03-29,4.457047462463379
2019-04-01,4.52456521987915
2019-04-02,4.542435646057129
2019-04-03,4.681936264038086
2019-04-04,4.673000335693359
2019-04-05,4.739771842956543
2019-04-08,4.760621547698975
2019-04-09,4.697822093963623
2019-04-10,4.768317222595215
2019-04-11,4.754415035247803
2019-04-12,4.716438293457031
2019-04-15,4.584633827209473
2019-04-16,4.671757698059082
2019-04-17,4.648922443389893
2019-04-18,4.624349594116211
2019-04-22,4.678213119506836
2019-04-23,4.732820510864258
2019-04-24,4.745233058929443
2019-04-25,4.639489650726318
2019-04-26,4.420557975769043
2019-04-29,4.451339244842529
2019-04-30,4.492791652679443
2019-05-01,4.4796366691589355
2019-05-02,4.547153472900391
2019-05-03,4.542684555053711
2019-05-06,4.464247703552246
2019-05-07,4.2969465255737305
2019-05-08,4.317051410675049
2019-05-09,4.224466323852539
2019-05-10,4.190459251403809
2019-05-13,3.9330549240112305
2019-05-14,4.022165775299072
2019-05-15,3.961103916168213
2019-05-16,3.9762446880340576
2019-05-17,3.8853960037231445
2019-05-20,3.766747236251831
2019-05-21,3.848907709121704
2019-05-22,3.77791690826416
2019-05-23,3.656785726547241
2019-05-24,3.6029212474823
2019-05-28,3.5577454566955566
2019-05-29,3.483527898788452
2019-05-30,3.456937551498413
2019-05-31,3.366234302520752
2019-06-03,3.3244850635528564
2019-06-04,3.553605794906616
2019-06-05,3.5108628273010254
2019-06-06,3.572988986968994
2019-06-07,3.6157314777374268
2019-06-10,3.6885430812835693
2019-06-11,3.7461960315704346
2019-06-12,3.633126735687256
2019-06-13,3.684319257736206
2019-06-14,3.5943603515625
2019-06-17,3.6040520668029785
2019-06-18,3.7991271018981934
2019-06-19,3.805091381072998
2019-06-20,3.8294448852539062
2019-06-21,3.7712950706481934
2019-06-24,3.7936599254608154
2019-06-25,3.764336585998535
2019-06-26,3.9576728343963623
2019-06-27,4.056329727172852
2019-06-28,4.081178188323975
2019-07-01,4.129390239715576
2019-07-02,4.031478404998779
2019-07-03,4.044400215148926
2019-07-05,3.9817776679992676
2019-07-08,3.9067296981811523
2019-07-09,3.9092142581939697
2019-07-10,3.977552890777588
2019-07-11,4.1321234703063965
2019-07-12,4.165173053741455
2019-07-15,4.156723976135254
2019-07-16,4.152002334594727
2019-07-17,4.217360019683838
2019-07-18,4.229038715362549
2019-07-19,4.1857991218566895
2019-07-22,4.257368564605713
2019-07-23,4.365217685699463
2019-07-24,4.439769744873047
2019-07-25,4.308559894561768
2019-07-26,4.350557804107666
2019-07-29,4.344344615936279
2019-07-30,4.360001087188721
2019-07-31,4.192758083343506
2019-08-01,4.098325729370117
2019-08-02,4.00563383102417
2019-08-05,3.747190475463867
2019-08-06,3.785956621170044
2019-08-07,3.824225902557373
2019-08-08,3.9328222274780273
2019-08-09,3.831433057785034
2019-08-12,3.7635915279388428
2019-08-13,3.8779032230377197
2019-08-14,3.729297161102295
2019-08-15,3.6969919204711914
2019-08-16,3.965127944946289
2019-08-19,4.243948936462402
2019-08-20,4.171633720397949
2019-08-21,4.255131721496582
2019-08-22,4.261343955993652
2019-08-23,4.0366973876953125
2019-08-26,4.11149787902832
2019-08-27,4.020793437957764
2019-08-28,4.010345458984375
2019-08-29,4.154123306274414
2019-08-30,4.16680908203125
2019-09-03,4.08372688293457
2019-09-04,4.197902679443359
2019-09-05,4.471030235290527
2019-09-06,4.4439167976379395
2019-09-09,4.489935398101807
2019-09-10,4.556600093841553
2019-09-11,4.585206031799316
2019-09-12,4.583713531494141
2019-09-13,4.525754451751709
2019-09-16,4.48272180557251
2019-09-17,4.504113674163818
2019-09-18,4.476999759674072
2019-09-19,4.4013800621032715
2019-09-20,4.2956624031066895
2019-09-23,4.349141597747803
2019-09-24,4.291681289672852
2019-09-25,4.433469772338867
2019-09-26,4.4113287925720215
2019-09-27,4.272529125213623
2019-09-30,4.329989433288574
2019-10-01,4.328246593475342
2019-10-02,4.304368019104004
2019-10-03,4.51008415222168
2019-10-04,4.52650260925293
2019-10-07,4.585206031799316
2019-10-08,4.408593654632568
2019-10-09,4.49515962600708
2019-10-10,4.552868366241455
2019-10-11,4.626499652862549
2019-10-14,4.639932155609131
2019-10-15,4.884700775146484
2019-10-16,4.8309712409973145
2019-10-17,4.832961082458496
2019-10-18,4.738437652587891
2019-10-21,4.8757452964782715
2019-10-22,4.865796089172363
2019-10-23,4.852861404418945
2019-10-24,4.896889686584473
2019-10-25,5.087928771972656
2019-10-28,5.143899917602539
2019-10-29,5.047632694244385
2019-10-30,5.04962158203125
2019-10-31,5.000369548797607
2019-11-01,5.039424896240234
2019-11-04,5.236185073852539
2019-11-05,5.214046955108643
2019-11-06,5.164792537689209
2019-11-07,5.182455062866211
2019-11-08,5.168524742126465
2019-11-11,5.1784749031066895
2019-11-12,5.214046955108643
2019-11-13,5.188175678253174
2019-11-14,5.2185235023498535
2019-11-15,5.079224109649658
2019-11-18,5.280462265014648
2019-11-19,5.173748970031738
2019-11-20,5.2530999183654785
2019-11-21,5.228224754333496
2019-11-22,5.245886325836182
2019-11-25,5.502596378326416
2019-11-26,5.397872447967529
2019-11-27,5.4327216148376465
2019-11-29,5.395381450653076
2019-12-02,5.2089314460754395
2019-12-03,5.169349670410156
2019-12-04,5.213164329528809
2019-12-05,5.196236610412598
2019-12-06,5.281620502471924
2019-12-09,5.281620502471924
2019-12-10,5.326677322387695
2019-12-11,5.410318851470947
2019-12-12,5.577850818634033
2019-12-13,5.575859546661377
2019-12-16,5.604735374450684
2019-12-17,5.682901859283447
2019-12-18,5.713271617889404
2019-12-19,5.861385822296143
2019-12-20,5.958719253540039
2019-12-23,5.945027828216553
2019-12-24,5.940049171447754
2019-12-26,5.9542388916015625
2019-12-27,5.896486759185791
2019-12-30,5.7832207679748535
2019-12-31,5.85740327835083
2020-01-02,5.972161293029785
2020-01-03,5.8765716552734375
2020-01-06,5.901215553283691
2020-01-07,5.972660064697266
2020-01-08,5.983861446380615
2020-01-09,6.049580097198486
2020-01-10,6.081940650939941
2020-01-13,6.2726240158081055
2020-01-14,6.15562629699707
2020-01-15,6.113058090209961
2020-01-16,6.196699619293213
2020-01-17,6.205411911010742
2020-01-21,6.172054767608643
2020-01-22,6.22607421875
2020-01-23,6.294530868530273
2020-01-24,6.235284328460693
2020-01-27,5.9793806076049805
2020-01-28,6.172801971435547
2020-01-29,6.112311363220215
2020-01-30,6.119033336639404
2020-01-31,5.885533809661865
2020-02-03,5.982616424560547
2020-02-04,6.151891231536865
2020-02-05,6.242254734039307
2020-02-06,6.329131126403809
2020-02-07,6.262916088104248
2020-02-10,6.546202182769775
2020-02-11,6.668676376342773
2020-02-12,6.784432411193848
2020-02-13,6.7406182289123535
2020-02-14,7.213841438293457
2020-02-18,7.382617950439453
2020-02-19,7.833934783935547
2020-02-20,7.684574604034424
2020-02-21,7.320383548736572
2020-02-24,6.802850723266602
2020-02-25,6.5233001708984375
2020-02-26,6.6627020835876465
2020-02-27,6.291819095611572
2020-02-28,6.72696590423584
2020-03-02,6.885381698608398
2020-03-03,6.622849941253662
2020-03-04,7.086639881134033
2020-03-05,6.8071699142456055
2020-03-06,6.626585006713867
2020-03-09,6.113475799560547
2020-03-10,6.503040790557861
2020-03-11,6.139130592346191
2020-03-12,5.387899875640869
2020-03-13,5.998898029327393
2020-03-16,4.8919758796691895
2020-03-17,5.411811351776123
2020-03-18,5.0518879890441895
2020-03-19,5.304705619812012
2020-03-20,5.124869346618652
2020-03-23,5.297731399536133
2020-03-24,6.2066330909729
2020-03-25,6.117959976196289
2020-03-26,6.407392978668213
2020-03-27,6.295056343078613
2020-03-30,6.6153764724731445
2020-03-31,6.565809726715088
2020-04-01,6.054443836212158
2020-04-02,6.363305568695068
2020-04-03,6.075366020202637
2020-04-06,6.685368537902832
2020-04-07,6.451979637145996
2020-04-08,6.649252414703369
2020-04-09,6.549619674682617
2020-04-13,6.721486568450928
2020-04-14,7.07269287109375
2020-04-15,6.995227813720703
2020-04-16,7.340455055236816
2020-04-17,7.281173229217529
2020-04-20,7.14990758895874
2020-04-21,6.713016510009766
2020-04-22,7.1274895668029785
2020-04-23,7.074187278747559
2020-04-24,7.2131757736206055
2020-04-27,7.3997368812561035
2020-04-28,7.257261276245117
2020-04-29,7.43411111831665
2020-04-30,7.280178546905518
2020-05-01,7.043548583984375
2020-05-04,7.255518436431885
2020-05-05,7.316544532775879
2020-05-06,7.417421340942383
2020-05-07,7.593771934509277
2020-05-08,7.783822536468506
2020-05-11,8.035890579223633
2020-05-12,7.773859024047852
2020-05-13,7.751441478729248
2020-05-14,8.001021385192871
2020-05-15,8.45958137512207
2020-05-18,8.718130111694336
2020-05-19,8.773176193237305
2020-05-20,8.937070846557617
2020-05-21,8.74303913116455
2020-05-22,8.99311637878418
2020-05-26,8.685749053955078
2020-05-27,8.493956565856934
2020-05-28,8.45584774017334
2020-05-29,8.84291934967041
2020-06-01,8.773920059204102
2020-06-02,8.792853355407715
2020-06-03,8.737308502197266
2020-06-04,8.738306999206543
2020-06-05,8.891313552856445
2020-06-08,8.776681900024414
2020-06-09,9.016905784606934
2020-06-10,9.336625099182129
2020-06-11,8.767961502075195
2020-06-12,8.903773307800293
2020-06-15,9.144245147705078
2020-06-16,9.039334297180176
2020-06-17,9.206295013427734
2020-06-18,9.188356399536133
2020-06-19,9.231464385986328
2020-06-22,9.496109008789062
2020-06-23,9.419608116149902
2020-06-24,9.205796241760254
2020-06-25,9.459478378295898
2020-06-26,9.125555992126465
2020-06-29,9.17041301727295
2020-06-30,9.467205047607422
2020-07-01,9.499351501464844
2020-07-02,9.581336975097656
2020-07-06,9.80760669708252
2020-07-07,9.840003967285156
2020-07-08,10.183143615722656
2020-07-09,10.475202560424805
2020-07-10,10.445548057556152
2020-07-13,10.01992130279541
2020-07-14,10.343626022338867
2020-07-15,10.194356918334961
2020-07-16,10.102157592773438
2020-07-17,10.16869068145752
2020-07-20,10.476946830749512
2020-07-21,10.295283317565918
2020-07-22,10.405179023742676
2020-07-23,10.097172737121582
2020-07-24,10.161711692810059
2020-07-27,10.387985229492188
2020-07-28,10.182647705078125
2020-07-29,10.431839942932129
2020-07-30,10.579864501953125
2020-07-31,10.580610275268555
2020-08-03,10.97484016418457
2020-08-04,11.19163990020752
2020-08-05,11.250449180603027
2020-08-06,11.299043655395508
2020-08-07,11.163482666015625
2020-08-10,11.1290922164917
2020-08-11,10.815104484558105
2020-08-12,11.403456687927246
2020-08-13,11.406197547912598
2020-08-14,11.526808738708496
2020-08-17,12.297321319580078
2020-08-18,12.221318244934082
2020-08-19,12.099461555480957
2020-08-20,12.10195255279541
2020-08-21,12.642709732055664
2020-08-24,12.679337501525879
2020-08-25,12.70899486541748
2020-08-26,12.731925010681152
2020-08-27,12.587635040283203
2020-08-28,13.105464935302734
2020-08-31,13.331485748291016
2020-09-01,13.780671119689941
2020-09-02,14.30463695526123
2020-09-03,12.977522850036621
2020-09-04,12.58566951751709
2020-09-08,11.878238677978516
2020-09-09,12.677901268005371
2020-09-10,12.275827407836914
2020-09-11,12.129008293151855
2020-09-14,12.83469009399414
2020-09-15,12.953093528747559
2020-09-16,12.477985382080078
2020-09-17,12.42713451385498
2020-09-18,12.153684616088867
2020-09-21,12.48072624206543
2020-09-22,12.600873947143555
2020-09-23,12.088373184204102
2020-09-24,12.311969757080078
2020-09-25,12.836186408996582
2020-09-28,12.996966361999512
2020-09-29,13.187159538269043
2020-09-30,13.491020202636719
2020-10-01,13.574774742126465
2020-10-02,13.024134635925293
2020-10-05,13.602692604064941
2020-10-06,13.696416854858398
2020-10-07,13.923256874084473
2020-10-08,13.798372268676758
2020-10-09,13.722593307495117
2020-10-12,14.184490203857422
2020-10-13,14.20667552947998
2020-10-14,14.054120063781738
2020-10-15,13.929237365722656
2020-10-16,13.771199226379395
2020-10-19,13.458364486694336
2020-10-20,13.605685234069824
2020-10-21,13.4852876663208
2020-10-22,13.322015762329102
2020-10-23,13.550596237182617
2020-10-26,13.102904319763184
2020-10-27,13.357662200927734
2020-10-28,12.590155601501465
2020-10-29,12.985995292663574
2020-10-30,12.497429847717285
2020-11-02,12.544039726257324
2020-11-03,12.981510162353516
2020-11-04,13.75400161743164
2020-11-05,14.118684768676758
2020-11-06,14.519510269165039
2020-11-09,13.59097957611084
2020-11-10,12.73274040222168
2020-11-11,13.378849983215332
2020-11-12,13.417484283447266
2020-11-13,13.258203506469727
2020-11-16,13.475814819335938
2020-11-17,13.383086204528809
2020-11-18,13.389567375183105
2020-11-19,13.401033401489258
2020-11-20,13.049564361572266
2020-11-23,13.101658821105957
2020-11-24,12.919942855834961
2020-11-25,13.19613265991211
2020-11-27,13.222557067871094
2020-11-30,13.362398147583008
2020-12-01,13.350931167602539
2020-12-02,13.50497817993164
2020-12-03,13.360859870910645
2020-12-04,13.522684097290039
2020-12-07,13.57105541229248
2020-12-08,13.314979553222656
2020-12-09,12.896829605102539
2020-12-10,12.938220024108887
2020-12-11,12.979113578796387
2020-12-14,13.27383804321289
2020-12-15,13.32545280456543
2020-12-16,13.207761764526367
2020-12-17,13.306254386901855
2020-12-18,13.237184524536133
2020-12-21,13.297274589538574
2020-12-22,13.243417739868164
2020-12-23,12.97512149810791
2020-12-24,12.95966625213623
2020-12-28,12.866159439086914
2020-12-29,12.909295082092285
2020-12-30,13.11126708984375
2020-12-31,13.020752906799316
2021-01-04,13.079099655151367
2021-01-05,13.369584083557129
2021-01-06,12.581409454345703
2021-01-07,13.308993339538574
2021-01-08,13.241920471191406
2021-01-11,13.585769653320312
2021-01-12,13.44937515258789
2021-01-13,13.49625301361084
2021-01-14,13.16562271118164
2021-01-15,12.825766563415527
2021-01-19,12.991080284118652
2021-01-20,13.33068561553955
2021-01-21,13.831122398376465
2021-01-22,13.676527976989746
2021-01-25,13.617432594299316
2021-01-26,13.400007247924805
2021-01-27,12.88386344909668
2021-01-28,13.016759872436523
2021-01-29,12.955674171447754
2021-02-01,13.202276229858398
2021-02-02,13.521186828613281
2021-02-03,13.49500560760498
2021-02-04,13.628403663635254
2021-02-05,13.555347442626953
2021-02-08,14.400873184204102
2021-02-09,14.22583293914795
2021-02-10,14.725519180297852
2021-02-11,15.210742950439453
2021-02-12,14.922004699707031
2021-02-16,15.290033340454102
2021-02-17,14.866897583007812
2021-02-18,14.79010009765625
2021-02-19,14.887344360351562
2021-02-22,14.318090438842773
2021-02-23,14.104902267456055
2021-02-24,14.46096420288086
2021-02-25,13.272590637207031
2021-02-26,13.678525924682617
2021-03-01,13.805438041687012
2021-03-02,13.37108325958252
2021-03-03,12.771158218383789
2021-03-04,12.337799072265625
2021-03-05,12.428808212280273
2021-03-08,11.56283950805664
2021-03-09,12.491714477539062
2021-03-10,12.439834594726562
2021-03-11,12.963888168334961
2021-03-12,12.826699256896973
2021-03-15,13.161186218261719
2021-03-16,13.260958671569824
2021-03-17,13.310842514038086
2021-03-18,12.69350528717041
2021-03-19,12.816473960876465
2021-03-22,13.15619945526123
2021-03-23,13.040963172912598
2021-03-24,12.61418628692627
2021-03-25,12.506682395935059
2021-03-26,12.809988975524902
2021-03-29,12.918741226196289
2021-03-30,12.842414855957031
2021-03-31,13.317831039428711
2021-04-01,13.780274391174316
2021-04-05,13.955621719360352
2021-04-06,13.829909324645996
2021-04-07,14.11126708984375
2021-04-08,14.284372329711914
2021-04-09,14.367180824279785
2021-04-12,15.174336433410645
2021-04-13,15.643766403198242
2021-04-14,15.24218463897705
2021-04-15,16.100475311279297
2021-04-16,15.876235961914062
2021-04-19,15.326741218566895
2021-04-20,15.136674880981445
2021-04-21,15.325493812561035
2021-04-22,14.81640625
2021-04-23,15.230459213256836
2021-04-26,15.442724227905273
2021-04-27,15.346693992614746
2021-04-28,15.241933822631836
2021-04-29,15.289822578430176
2021-04-30,14.975293159484863
2021-05-03,14.802935600280762
2021-05-04,14.31854248046875
2021-05-05,14.425545692443848
2021-05-06,14.489900588989258
2021-05-07,14.778491973876953
2021-05-10,14.233237266540527
2021-05-11,14.273645401000977
2021-05-12,13.727143287658691
2021-05-13,13.634105682373047
2021-05-14,14.210539817810059
2021-05-17,14.133214950561523
2021-05-18,13.983805656433105
2021-05-19,14.033692359924316
2021-05-20,14.579197883605957
2021-05-21,14.957582473754883
2021-05-24,15.576419830322266
2021-05-25,15.612089157104492
2021-05-26,15.66421890258789
2021-05-27,15.452702522277832
2021-05-28,16.20747947692871
2021-06-01,16.227432250976562
2021-06-02,16.74001121520996
2021-06-03,16.931079864501953
2021-06-04,17.538188934326172
2021-06-07,17.57884979248047
2021-06-08,17.41721534729004
2021-06-09,17.32265853881836
2021-06-10,17.38927459716797
2021-06-11,17.788698196411133
2021-06-14,17.98180389404297
2021-06-15,17.75202751159668
2021-06-16,17.773731231689453
2021-06-17,18.618993759155273
2021-06-18,18.60053825378418
2021-06-21,18.389467239379883
2021-06-22,18.848024368286133
2021-06-23,19.018173217773438
2021-06-24,19.166122436523438
2021-06-25,18.99198341369629
2021-06-28,19.94402503967285
2021-06-29,19.98569107055664
2021-06-30,19.961490631103516
2021-07-01,20.170557022094727
2021-07-02,20.444992065429688
2021-07-06,20.65606117248535
2021-07-07,20.329980850219727
2021-07-08,19.861940383911133
2021-07-09,20.009143829345703
2021-07-12,20.470439910888672
2021-07-13,20.208484649658203
2021-07-14,19.800817489624023
2021-07-15,18.92736053466797
2021-07-16,18.123760223388672
2021-07-19,18.741243362426758
2021-07-20,18.57383918762207
2021-07-21,19.370203018188477
2021-07-22,19.55382537841797
2021-07-23,19.517898559570312
2021-07-26,19.254440307617188
2021-07-27,19.16861343383789
2021-07-28,19.4630126953125
2021-07-29,19.621686935424805
2021-07-30,19.459020614624023
2021-08-02,19.709508895874023
2021-08-03,19.774375915527344
2021-08-04,20.23242950439453
2021-08-05,20.59468650817871
2021-08-06,20.32423973083496
2021-08-09,20.253387451171875
2021-08-10,19.895126342773438
2021-08-11,19.658611297607422
2021-08-12,19.864187240600586
2021-08-13,20.1466064453125
2021-08-16,19.909095764160156
2021-08-17,19.418106079101562
2021-08-18,19.00096321105957
2021-08-19,19.757404327392578
2021-08-20,20.773317337036133
2021-08-23,21.91297149658203
2021-08-24,21.748313903808594
2021-08-25,22.16745376586914
2021-08-26,22.022748947143555
2021-08-27,22.589588165283203
2021-08-30,22.6414794921875
2021-08-31,22.34304428100586
2021-09-01,22.398935317993164
2021-09-02,22.354019165039062
2021-09-03,22.800180435180664
2021-09-07,22.61952018737793
2021-09-08,22.297128677368164
2021-09-09,22.135435104370117
2021-09-10,22.435871124267578
2021-09-13,22.11048126220703
2021-09-14,22.200313568115234
2021-09-15,22.29912567138672
2021-09-16,22.200313568115234
2021-09-17,21.85894775390625
2021-09-20,21.073429107666016
2021-09-21,21.206178665161133
2021-09-22,21.899873733520508
2021-09-23,22.43985939025879
2021-09-24,22.03961181640625
2021-09-27,21.619400024414062
2021-09-28,20.660202026367188
2021-09-29,20.478544235229492
2021-09-30,20.67717170715332
2021-10-01,20.703121185302734
2021-10-04,19.69501495361328
2021-10-05,20.41266632080078
2021-10-06,20.66120147705078
2021-10-07,21.035499572753906
2021-10-08,20.79195213317871
2021-10-11,20.656208038330078
2021-10-12,20.63225746154785
2021-10-13,20.899751663208008
2021-10-14,21.705238342285156
2021-10-15,21.821020126342773
2021-10-18,22.18035125732422
2021-10-19,22.248218536376953
2021-10-20,22.061569213867188
2021-10-21,22.64946746826172
2021-10-22,22.68340301513672
2021-10-25,23.122577667236328
2021-10-26,24.670669555664062
2021-10-27,24.405170440673828
2021-10-28,24.894248962402344
2021-10-29,25.519071578979492
2021-11-01,25.778593063354492
2021-11-02,26.351512908935547
2021-11-03,26.54814338684082
2021-11-04,29.745140075683594
2021-11-05,29.69623374938965
2021-11-08,30.746261596679688
2021-11-09,30.599538803100586
2021-11-10,29.40378189086914
2021-11-11,30.333036422729492
2021-11-12,30.333036422729492
2021-11-15,29.96872329711914
2021-11-16,30.146387100219727
2021-11-17,29.206151962280273
2021-11-18,31.61562728881836
2021-11-19,32.92317199707031
2021-11-22,31.896100997924805
2021-11-23,31.686494827270508
2021-11-24,32.61275863647461
2021-11-26,31.443950653076172
2021-11-29,33.313438415527344
2021-11-30,32.6147575378418
2021-12-01,31.37991714477539
2021-12-02,32.06970977783203
2021-12-03,30.639217376708984
2021-12-06,29.98436737060547
2021-12-07,32.37017822265625
2021-12-08,31.770235061645508
2021-12-09,30.436574935913086
2021-12-10,30.145084381103516
2021-12-13,28.111656188964844
2021-12-14,28.287349700927734
2021-12-15,30.405628204345703
2021-12-16,28.337257385253906
2021-12-17,27.752286911010742
2021-12-20,27.670429229736328
2021-12-21,29.02405548095703
2021-12-22,29.348485946655273
2021-12-23,29.588062286376953
2021-12-27,30.89078140258789
2021-12-28,30.26886558532715
2021-12-29,29.94843292236328
2021-12-30,29.534156799316406
2021-12-31,29.359466552734375
2022-01-03,30.068222045898438
2022-01-04,29.238679885864258
2022-01-05,27.55562973022461
2022-01-06,28.128625869750977
2022-01-07,27.199254989624023
2022-01-10,27.35198974609375
2022-01-11,27.768260955810547
2022-01-12,27.94993782043457
2022-01-13,26.528440475463867
2022-01-14,26.894794464111328
2022-01-18,25.85761260986328
2022-01-19,25.0230770111084
2022-01-20,24.107683181762695
2022-01-21,23.33304214477539
2022-01-24,23.33104705810547
2022-01-25,22.284881591796875
2022-01-26,22.732099533081055
2022-01-27,21.90555191040039
2022-01-28,22.79998016357422
2022-01-31,24.443096160888672
2022-02-01,24.59482765197754
2022-02-02,25.197771072387695
2022-02-03,23.906038284301758
2022-02-04,24.27638816833496
2022-02-07,24.684673309326172
2022-02-08,25.06400489807129
2022-02-09,26.658206939697266
2022-02-10,25.77875328063965
2022-02-11,23.90703773498535
2022-02-14,24.22447967529297
2022-02-15,26.448575973510742
2022-02-16,26.464550018310547
2022-02-17,24.46405792236328
2022-02-18,23.600574493408203
2022-02-22,23.349018096923828
2022-02-23,22.3477783203125
2022-02-24,23.706392288208008
2022-02-25,24.11467170715332
2022-02-28,24.34227180480957
2022-03-01,23.43586540222168
2022-03-02,24.181678771972656
2022-03-03,23.676481246948242
2022-03-04,22.899717330932617
2022-03-07,21.31821632385254
2022-03-08,21.479963302612305
2022-03-09,22.97758674621582
2022-03-10,22.622156143188477
2022-03-11,22.065038681030273
2022-03-14,21.296255111694336
2022-03-15,22.936655044555664
2022-03-16,24.457246780395508
2022-03-17,24.72681999206543
2022-03-18,26.41114616394043
2022-03-21,26.69170379638672
2022-03-22,26.48203468322754
2022-03-23,25.59344482421875
2022-03-24,28.10546112060547
2022-03-25,27.648189544677734
2022-03-28,28.174352645874023
2022-03-29,28.61066246032715
2022-03-30,27.64619255065918
2022-03-31,27.24283218383789
2022-04-01,26.66973876953125
2022-04-04,27.316715240478516
2022-04-05,25.889972686767578
2022-04-06,24.36838722229004
2022-04-07,24.169702529907227
2022-04-08,23.082426071166992
2022-04-11,21.88232421875
2022-04-12,21.4699764251709
2022-04-13,22.167871475219727
2022-04-14,21.224369049072266
2022-04-18,21.748537063598633
2022-04-19,22.162879943847656
2022-04-20,21.448013305664062
2022-04-21,20.15106964111328
2022-04-22,19.484127044677734
2022-04-25,19.870513916015625
2022-04-26,18.75827407836914
2022-04-27,18.385866165161133
2022-04-28,19.750701904296875
2022-04-29,18.517658233642578
2022-05-02,19.502098083496094
2022-05-03,19.57098388671875
2022-05-04,20.301828384399414
2022-05-05,18.814186096191406
2022-05-06,18.645456314086914
2022-05-09,16.92318344116211
2022-05-10,17.567157745361328
2022-05-11,16.603687286376953
2022-05-12,16.149410247802734
2022-05-13,17.67798614501953
2022-05-16,17.23668670654297
2022-05-17,18.14824104309082
2022-05-18,16.911205291748047
2022-05-19,17.096908569335938
2022-05-20,16.66758918762207
2022-05-23,16.871267318725586
2022-05-24,16.128442764282227
2022-05-25,16.948144912719727
2022-05-26,17.822757720947266
2022-05-27,18.78123664855957
2022-05-31,18.642459869384766
2022-06-01,18.291015625
2022-06-02,19.56100082397461
2022-06-03,18.690385818481445
2022-06-06,18.75627899169922
2022-06-07,18.89605712890625
2022-06-08,18.622434616088867
2022-06-09,18.023256301879883
2022-06-10,16.950733184814453
2022-06-13,15.625547409057617
2022-06-14,15.814288139343262
2022-06-15,16.50434112548828
2022-06-16,15.579609870910645
2022-06-17,15.858227729797363
2022-06-21,16.543289184570312
2022-06-22,16.337568283081055
2022-06-23,16.20275115966797
2022-06-24,17.102519989013672
2022-06-27,16.845869064331055
2022-06-28,15.960088729858398
2022-06-29,15.520692825317383
2022-06-30,15.138216972351074
2022-07-01,14.503089904785156
2022-07-05,14.943482398986816
2022-07-06,15.10925579071045
2022-07-07,15.836257934570312
2022-07-08,15.8162841796875
2022-07-11,15.13122844696045
2022-07-12,15.061322212219238
2022-07-13,15.143207550048828
2022-07-14,15.350924491882324
2022-07-15,15.74039077758789
2022-07-18,16.07892608642578
2022-07-19,16.96870231628418
2022-07-20,17.782583236694336
2022-07-21,18.025253295898438
2022-07-22,17.29525375366211
2022-07-25,17.000659942626953
2022-07-26,16.510334014892578
2022-07-27,17.76561164855957
2022-07-28,17.95934295654297
2022-07-29,18.138099670410156
2022-08-01,18.41571617126465
2022-08-02,18.50059700012207
2022-08-03,18.867094039916992
2022-08-04,19.188655853271484
2022-08-05,18.962963104248047
2022-08-08,17.76860237121582
2022-08-09,17.062576293945312
2022-08-10,18.072189331054688
2022-08-11,17.91739845275879
2022-08-12,18.683347702026367
2022-08-15,19.005905151367188
2022-08-16,18.85311508178711
2022-08-17,18.30986213684082
2022-08-18,18.747262954711914
2022-08-19,17.82453155517578
2022-08-22,17.010643005371094
2022-08-23,17.157442092895508
2022-08-24,17.198389053344727
2022-08-25,17.888444900512695
2022-08-26,16.237707138061523
2022-08-29,15.779335975646973
2022-08-30,15.446792602539062
2022-08-31,15.073307037353516
2022-09-01,13.917892456054688
2022-09-02,13.628288269042969
2022-09-06,13.446538925170898
2022-09-07,13.699267387390137
2022-09-08,13.974969863891602
2022-09-09,14.37154483795166
2022-09-12,14.48941707611084
2022-09-13,13.116891860961914
2022-09-14,13.11389446258545
2022-09-15,12.915109634399414
2022-09-16,13.183821678161621
2022-09-19,13.367623329162598
2022-09-20,13.161844253540039
2022-09-21,13.246755599975586
2022-09-22,12.547503471374512
2022-09-23,12.502553939819336
2022-09-26,12.214863777160645
2022-09-27,12.399665832519531
2022-09-28,12.722317695617676
2022-09-29,12.206872940063477
2022-09-30,12.125958442687988
2022-10-03,12.49855899810791
2022-10-04,13.152854919433594
2022-10-05,13.194809913635254
2022-10-06,13.115893363952637
2022-10-07,12.063026428222656
2022-10-10,11.657462120056152
2022-10-11,11.573554039001465
2022-10-12,11.487645149230957
2022-10-13,11.947151184082031
2022-10-14,11.21493911743164
2022-10-17,11.875227928161621
2022-10-18,11.954142570495605
2022-10-19,12.03805160522461
2022-10-20,12.180900573730469
2022-10-21,12.452606201171875
2022-10-24,12.585465431213379
2022-10-25,13.246755599975586
2022-10-26,12.882144927978516
2022-10-27,13.161844253540039
2022-10-28,13.819137573242188
2022-10-31,13.482500076293945
2022-11-01,13.528450012207031
2022-11-02,13.204798698425293
2022-11-03,13.406580924987793
2022-11-04,14.140792846679688
2022-11-07,14.285636901855469
2022-11-08,14.586312294006348
2022-11-09,13.761201858520508
2022-11-10,15.733080863952637
2022-11-11,16.309463500976562
2022-11-14,16.27749252319336
2022-11-15,16.648094177246094
2022-11-16,15.892909049987793
2022-11-17,15.660158157348633
2022-11-18,15.392446517944336
2022-11-21,15.300545692443848
2022-11-22,16.020771026611328
2022-11-23,16.501253128051758
2022-11-25,16.252521514892578
2022-11-28,15.80999755859375
2022-11-29,15.622198104858398
2022-11-30,16.909143447875977
2022-12-01,17.120969772338867
2022-12-02,16.862184524536133
2022-12-05,16.59640121459961
2022-12-06,15.97391128540039
2022-12-07,16.10680389404297
2022-12-08,17.154943466186523
2022-12-09,16.987079620361328
2022-12-12,17.52064323425293
2022-12-13,18.057205200195312
2022-12-14,17.659528732299805
2022-12-15,16.938119888305664
2022-12-16,16.557430267333984
2022-12-19,16.240692138671875
2022-12-20,16.071828842163086
2022-12-21,16.487491607666016
2022-12-22,15.326441764831543
2022-12-23,15.193550109863281
2022-12-27,14.109441757202148
2022-12-28,14.02450942993164
2022-12-29,14.591043472290039
2022-12-30,14.602034568786621
2023-01-03,14.3032808303833
2023-01-04,14.736923217773438
2023-01-05,14.25331974029541
2023-01-06,14.846835136413574
2023-01-09,15.615203857421875
2023-01-10,15.895975112915039
2023-01-11,15.987899780273438
2023-01-12,16.497480392456055
2023-01-13,16.885162353515625
2023-01-17,17.68750762939453
2023-01-18,17.362773895263672
2023-01-19,16.751272201538086
2023-01-20,17.82439613342285
2023-01-23,19.17728614807129
2023-01-24,19.249225616455078
2023-01-25,19.307180404663086
2023-01-26,19.785789489746094
2023-01-27,20.34832763671875
2023-01-30,19.146310806274414
2023-01-31,19.521005630493164
2023-02-01,20.925853729248047
2023-02-02,21.691226959228516
2023-02-03,21.08272361755371
2023-02-06,21.071731567382812
2023-02-07,22.154848098754883
2023-02-08,22.186819076538086
2023-02-09,22.318714141845703
2023-02-10,21.247589111328125
2023-02-13,21.770160675048828
2023-02-14,22.952192306518555
2023-02-15,22.745361328125
2023-02-16,21.98398780822754
2023-02-17,21.37049102783203
2023-02-21,20.638086318969727
2023-02-22,20.737010955810547
2023-02-23,23.64462661743164
2023-02-24,23.26693344116211
2023-02-27,23.481760025024414
2023-02-28,23.196992874145508
2023-03-01,22.67941665649414
2023-03-02,23.294910430908203
2023-03-03,23.870439529418945
2023-03-06,23.534717559814453
2023-03-07,23.272884368896484
2023-03-08,24.165306091308594
2023-03-09,23.420791625976562
2023-03-10,22.950096130371094
2023-03-13,22.951093673706055
2023-03-14,24.047380447387695
2023-03-15,24.2122745513916
2023-03-16,25.524425506591797
2023-03-17,25.708303451538086
2023-03-20,25.88318634033203
2023-03-21,26.181997299194336
2023-03-22,26.450822830200195
2023-03-23,27.173351287841797
2023-03-24,26.761619567871094
2023-03-27,26.51378059387207
2023-03-28,26.39285659790039
2023-03-29,26.96648597717285
2023-03-30,27.36522674560547
2023-03-31,27.75897216796875
2023-04-03,27.946847915649414
2023-04-04,27.435182571411133
2023-04-05,26.86355209350586
2023-04-06,27.019453048706055
2023-04-10,27.561100006103516
2023-04-11,27.151369094848633
2023-04-12,26.47780418395996
2023-04-13,26.445823669433594
2023-04-14,26.740633010864258
2023-04-17,26.984477996826172
2023-04-18,27.649044036865234
2023-04-19,27.912872314453125
2023-04-20,27.086406707763672
2023-04-21,27.101398468017578
2023-04-24,27.02444839477539
2023-04-25,26.223970413208008
2023-04-26,26.938505172729492
2023-04-27,27.20832633972168
2023-04-28,27.73099136352539
2023-05-01,28.891237258911133
2023-05-02,28.191692352294922
2023-05-03,27.783954620361328
2023-05-04,27.544113159179688
2023-05-05,28.661386489868164
2023-05-08,29.132078170776367
2023-05-09,28.552453994750977
2023-05-10,28.866254806518555
2023-05-11,28.559450149536133
2023-05-12,28.32160758972168
2023-05-15,28.9342098236084
2023-05-16,29.194042205810547
2023-05-17,30.158411026000977
2023-05-18,31.657438278198242
2023-05-19,31.24370765686035
2023-05-22,31.155765533447266
2023-05-23,30.6680850982666
2023-05-24,30.518178939819336
2023-05-25,37.955352783203125
2023-05-26,38.92072296142578
2023-05-30,40.08496856689453
2023-05-31,37.809444427490234
2023-06-01,39.74419021606445
2023-06-02,39.30147933959961
2023-06-05,39.14557647705078
2023-06-06,38.628910064697266
2023-06-07,37.45454788208008
2023-06-08,38.48898696899414
2023-06-09,38.748844146728516
2023-06-12,39.46044921875
2023-06-13,40.99961853027344
2023-06-14,42.97354507446289
2023-06-15,42.629730224609375
2023-06-16,42.668704986572266
2023-06-20,43.78409194946289
2023-06-21,43.02151107788086
2023-06-22,43.001529693603516
2023-06-23,42.185970306396484
2023-06-26,40.60982894897461
2023-06-27,41.853153228759766
2023-06-28,41.094566345214844
2023-06-29,40.79972457885742
2023-06-30,42.27891540527344
2023-07-03,42.389854431152344
2023-07-05,42.293914794921875
2023-07-06,42.08002853393555
2023-07-07,42.47980880737305
2023-07-10,42.156982421875
2023-07-11,42.38186264038086
2023-07-12,43.87804412841797
2023-07-13,45.95191955566406
2023-07-14,45.444190979003906
2023-07-17,46.43564987182617
2023-07-18,47.46809005737305
2023-07-19,47.05131149291992
2023-07-20,45.49516296386719
2023-07-21,44.284820556640625
2023-07-24,44.58766174316406
2023-07-25,45.654075622558594
2023-07-26,45.42720031738281
2023-07-27,45.87495803833008
2023-07-28,46.72449493408203
2023-07-31,46.7035026550293
2023-08-01,46.481624603271484
2023-08-02,44.244850158691406
2023-08-03,44.4907112121582
2023-08-04,44.65562057495117
2023-08-07,45.392215728759766
2023-08-08,44.6396369934082
2023-08-09,42.53078079223633
2023-08-10,42.36487579345703
2023-08-11,40.83271026611328
2023-08-14,43.729122161865234
2023-08-15,43.91602325439453
2023-08-16,43.46227264404297
2023-08-17,43.320350646972656
2023-08-18,43.27537536621094
2023-08-21,46.94137191772461
2023-08-22,45.64308166503906
2023-08-23,47.090293884277344
2023-08-24,47.13726806640625
2023-08-25,45.99289321899414
2023-08-28,46.809444427490234
2023-08-29,48.75738525390625
2023-08-30,49.237125396728516
2023-08-31,49.32807159423828
2023-09-01,48.4825325012207
2023-09-05,48.521514892578125
2023-09-06,47.0391960144043
2023-09-07,46.21957778930664
2023-09-08,45.55088806152344
2023-09-11,45.157066345214844
2023-09-12,44.84920883178711
2023-09-13,45.463932037353516
2023-09-14,45.55988311767578
2023-09-15,43.879661560058594
2023-09-18,43.94563293457031
2023-09-19,43.499839782714844
2023-09-20,42.21943283081055
2023-09-21,40.99799728393555
2023-09-22,41.590721130371094
2023-09-25,42.20244216918945
2023-09-26,41.89158630371094
2023-09-27,42.44832229614258
2023-09-28,43.069034576416016
2023-09-29,43.478851318359375
2023-10-02,44.76124954223633
2023-10-03,43.4968376159668
2023-10-04,44.02059555053711
2023-10-05,44.667293548583984
2023-10-06,45.74079895019531
2023-10-09,45.25202560424805
2023-10-10,45.77678298950195
2023-10-11,46.7843132019043
2023-10-12,46.923248291015625
2023-10-13,45.43993377685547
2023-10-16,46.07365036010742
2023-10-17,43.91764450073242
2023-10-18,42.17645263671875
2023-10-19,42.08149719238281
2023-10-20,41.36782455444336
2023-10-23,42.95509338378906
2023-10-24,43.64276885986328
2023-10-25,41.759647369384766
2023-10-26,40.30731964111328
2023-10-27,40.481239318847656
2023-10-30,41.141929626464844
2023-10-31,40.7611083984375
2023-11-01,42.305397033691406
2023-11-02,43.48583984375
2023-11-03,44.98414993286133
2023-11-06,45.729801177978516
2023-11-07,45.933712005615234
2023-11-08,46.55242156982422
2023-11-09,46.92824935913086
2023-11-10,48.3126106262207
2023-11-13,48.59747314453125
2023-11-14,49.632991790771484
2023-11-15,48.86534881591797
2023-11-16,49.45708084106445
2023-11-17,49.27516555786133
2023-11-20,50.38564682006836
2023-11-21,49.92086410522461
2023-11-22,48.69342803955078
2023-11-24,47.753868103027344
2023-11-27,48.21965408325195
2023-11-28,47.79884719848633
2023-11-29,48.11770248413086
2023-11-30,46.74833679199219
2023-12-01,46.74333572387695
2023-12-04,45.48891067504883
2023-12-05,46.548519134521484
2023-12-06,45.48591232299805
2023-12-07,46.57851028442383
2023-12-08,47.48816680908203
2023-12-11,46.6094970703125
2023-12-12,47.63911056518555
2023-12-13,48.06995391845703
2023-12-14,48.331844329833984
2023-12-15,48.87164306640625
2023-12-18,50.05820083618164
2023-12-19,49.58537673950195
2023-12-20,48.092933654785156
2023-12-21,48.97161102294922
2023-12-22,48.81167221069336
2023-12-26,49.260498046875
2023-12-27,49.3984489440918
2023-12-28,49.50341033935547
2023-12-29,49.50341033935547
2024-01-02,48.14991760253906
2024-01-03,47.551143646240234
2024-01-04,47.979984283447266
2024-01-05,49.07856369018555
2024-01-08,52.23337936401367
2024-01-09,53.120052337646484
2024-01-10,54.3296012878418
2024-01-11,54.80141830444336
2024-01-12,54.68946075439453
2024-01-16,56.360836029052734
2024-01-17,56.031959533691406
2024-01-18,57.08556365966797
2024-01-19,59.468666076660156
2024-01-22,59.63160705566406
2024-01-23,59.850528717041016
2024-01-24,61.33896255493164
2024-01-25,61.593868255615234
2024-01-26,61.00809097290039
2024-01-29,62.441551208496094
2024-01-30,62.75043487548828
2024-01-31,61.503902435302734
2024-02-01,63.00334167480469
2024-02-02,66.13516235351562
2024-02-05,69.30597686767578
2024-02-06,68.19739532470703
2024-02-07,70.07267761230469
2024-02-08,69.61485290527344
2024-02-09,72.1059341430664
2024-02-12,72.22087860107422
2024-02-13,72.10093688964844
2024-02-14,73.87226867675781
2024-02-15,72.63072204589844
2024-02-16,72.58573913574219
2024-02-20,69.42593383789062
2024-02-21,67.4466781616211
2024-02-22,78.5085220336914
2024-02-23,78.78741455078125
2024-02-26,79.06232452392578
2024-02-27,78.67144775390625
2024-02-28,77.63385009765625
2024-02-29,79.0822982788086
2024-03-01,82.24810791015625
2024-03-04,85.20500183105469
2024-03-05,85.93576049804688
2024-03-06,88.67086029052734
2024-03-07,92.6385498046875
2024-03-08,87.49925231933594
2024-03-11,85.74583435058594
2024-03-12,91.8828125
2024-03-13,90.85813903808594
2024-03-14,87.91510772705078
2024-03-15,87.80813598632812
2024-03-18,88.42594909667969
2024-03-19,89.36863708496094
2024-03-20,90.34231567382812
2024-03-21,91.40496063232422
2024-03-22,94.25802612304688
2024-03-25,94.97078704833984
2024-03-26,92.53058624267578
2024-03-27,90.22034454345703
2024-03-28,90.3263168334961
2024-04-01,90.33331298828125
2024-04-02,89.42261505126953
2024-04-03,88.93477630615234
2024-04-04,85.87677001953125
2024-04-05,87.97909545898438
2024-04-08,87.10437774658203
2024-04-09,85.3259506225586
2024-04-10,87.01040649414062
2024-04-11,90.58623504638672
2024-04-12,88.15703582763672
2024-04-15,85.97274780273438
2024-04-16,87.38628387451172
2024-04-17,84.00739288330078
2024-04-18,84.6431884765625
2024-04-19,76.17496490478516
2024-04-22,79.49187469482422
2024-04-23,82.39591979980469
2024-04-24,79.65083312988281
2024-04-25,82.6048583984375
2024-04-26,87.70618438720703
2024-04-29,87.7281723022461
2024-04-30,86.37361907958984
2024-05-01,83.01371765136719
2024-05-02,85.78881072998047
2024-05-03,88.75983428955078
2024-05-06,92.10972595214844
2024-05-07,90.52424621582031
2024-05-08,90.38230895996094
2024-05-09,88.71784973144531
2024-05-10,89.84848022460938
2024-05-13,90.36930847167969
2024-05-14,91.32599639892578
2024-05-15,94.59890747070312
2024-05-16,94.3280029296875
2024-05-17,92.4486083984375
2024-05-20,94.74886322021484
2024-05-21,95.35466766357422
2024-05-22,94.91880798339844
2024-05-23,103.7649154663086
2024-05-24,106.43403625488281
2024-05-28,113.86358642578125
2024-05-29,114.78727722167969
2024-05-30,110.46369934082031
2024-05-31,109.59698486328125
2024-06-03,114.96222686767578
2024-06-04,116.39875030517578
2024-06-05,122.39978790283203
2024-06-06,120.95825958251953
2024-06-07,120.84829711914062
2024-06-10,121.74999237060547
2024-06-11,120.88021087646484
2024-06-12,125.16915130615234
2024-06-13,129.5780792236328
2024-06-14,131.84751892089844
2024-06-17,130.94773864746094
2024-06-18,135.54660034179688
2024-06-20,130.74778747558594
2024-06-21,126.53881072998047
2024-06-24,118.08090209960938
2024-06-25,126.05892944335938
2024-06-26,126.36885833740234
2024-06-27,123.95944213867188
2024-06-28,123.50955963134766
2024-07-01,124.2693862915039
2024-07-02,122.6397705078125
2024-07-03,128.24839782714844
2024-07-05,125.79899597167969
2024-07-08,128.16839599609375
2024-07-09,131.34764099121094
2024-07-10,134.87677001953125
2024-07-11,127.36861419677734
2024-07-12,129.2081756591797
2024-07-15,128.40835571289062
2024-07-16,126.32887268066406
2024-07-17,117.96092987060547
2024-07-18,121.06016540527344
2024-07-19,117.90093994140625
2024-07-22,123.50955963134766
2024-07-23,122.5597915649414
2024-07-24,114.22184753417969
2024-07-25,112.25232696533203
2024-07-26,113.03214263916016
2024-07-29,111.5625
2024-07-30,103.7044448852539
2024-07-31,116.99115753173828
2024-08-01,109.18309783935547
2024-08-02,107.24356842041016
2024-08-05,100.42524719238281
2024-08-06,104.22431182861328
2024-08-07,98.88563537597656
2024-08-08,104.94413757324219
2024-08-09,104.72418975830078
2024-08-12,108.9931411743164
2024-08-13,116.11138153076172
2024-08-14,118.05091094970703
2024-08-15,122.8297348022461
2024-08-16,124.54930114746094
2024-08-19,129.96795654296875
2024-08-20,127.2186508178711
2024-08-21,128.4683380126953
2024-08-22,123.70951080322266
2024-08-23,129.33811950683594
2024-08-26,126.42884063720703
2024-08-27,128.26840209960938
2024-08-28,125.57905578613281
2024-08-29,117.56101989746094
2024-08-30,119.34059143066406
2024-09-03,107.973388671875
2024-09-04,106.18383026123047
2024-09-05,107.18358612060547
2024-09-06,102.80465698242188
2024-09-09,106.44377136230469
2024-09-10,108.0733642578125
2024-09-11,116.88119506835938
2024-09-12,119.12083435058594
2024-09-13,119.0808334350586
2024-09-16,116.7612075805664
2024-09-17,115.57140350341797
2024-09-18,113.35176086425781
2024-09-19,117.85104370117188
2024-09-20,115.98133850097656
2024-09-23,116.24130249023438
2024-09-24,120.85055541992188
2024-09-25,123.4901351928711
2024-09-26,124.02005004882812
2024-09-27,121.38047790527344
2024-09-30,121.42046356201172
2024-10-01,116.9811782836914
2024-10-02,118.83087921142578
2024-10-03,122.83023834228516
2024-10-04,124.89990234375
2024-10-07,127.69945526123047
2024-10-08,132.86862182617188
2024-10-09,132.62864685058594
2024-10-10,134.78829956054688
2024-10-11,134.7783203125
2024-10-14,138.0478057861328
2024-10-15,131.57884216308594
2024-10-16,135.6981658935547
2024-10-17,136.90797424316406
2024-10-18,137.97779846191406
2024-10-21,143.6868896484375
2024-10-22,143.56690979003906
2024-10-23,139.5375518798828
2024-10-24,140.38742065429688
2024-10-25,141.51722717285156
2024-10-28,140.49740600585938
2024-10-29,141.22727966308594
2024-10-30,139.3175811767578
2024-10-31,132.7386474609375
2024-11-01,135.3782196044922
2024-11-04,136.0281219482422
2024-11-05,139.8874969482422
2024-11-06,145.58657836914062
2024-11-07,148.85606384277344
2024-11-08,147.6062469482422
2024-11-11,145.2366180419922
2024-11-12,148.26612854003906
2024-11-13,146.24647521972656
2024-11-14,146.7363739013672
2024-11-15,141.9571533203125
2024-11-18,140.12744140625
2024-11-19,146.98634338378906
2024-11-20,145.8665313720703
2024-11-21,146.6464080810547
2024-11-22,141.92715454101562
2024-11-25,135.9981231689453
2024-11-26,136.89797973632812
2024-11-27,135.31822204589844
2024-11-29,138.22776794433594
2024-12-02,138.60769653320312
2024-12-03,140.23744201660156
2024-12-04,145.1166534423828
2024-12-05,145.04666137695312
2024-12-06,142.42689514160156
2024-12-09,138.79722595214844
2024-12-10,135.05758666992188
2024-12-11,139.29718017578125
2024-12-12,137.32736206054688
2024-12-13,134.23765563964844
2024-12-16,131.98785400390625
2024-12-17,130.3780059814453
2024-12-18,128.8981475830078
2024-12-19,130.66796875
2024-12-20,134.68760681152344
2024-12-23,139.6571502685547
2024-12-24,140.2071075439453
2024-12-26,139.91712951660156
2024-12-27,136.9973907470703
2024-12-30,137.47735595703125
2024-12-31,134.27764892578125
2025-01-02,138.29727172851562
2025-01-03,144.4567108154297
2025-01-06,149.41624450683594
2025-01-07,140.12710571289062
2025-01-08,140.0971221923828
2025-01-10,135.8975067138672
2025-01-13,133.21774291992188
2025-01-14,131.7478790283203
2025-01-15,136.22747802734375
2025-01-16,133.55772399902344
2025-01-17,137.6973419189453
2025-01-21,140.81704711914062
2025-01-22,147.05648803710938
2025-01-23,147.2064666748047
2025-01-24,142.60687255859375
2025-01-27,118.40910339355469
2025-01-28,128.9781494140625
2025-01-29,123.6886215209961
2025-01-30,124.63853454589844
2025-01-31,120.0589599609375
2025-02-03,116.64927673339844
2025-02-04,118.63909149169922
2025-02-05,124.81851959228516
2025-02-06,128.66815185546875
2025-02-07,129.8280487060547
2025-02-10,133.55772399902344
2025-02-11,132.7877960205078
2025-02-12,131.12794494628906
2025-02-13,135.27755737304688
2025-02-14,138.8372344970703
2025-02-18,139.38717651367188
2025-02-19,139.21719360351562
2025-02-20,140.0971221923828
2025-02-21,134.41763305664062
2025-02-24,130.2680206298828
2025-02-25,126.61835479736328
2025-02-26,131.26792907714844
2025-02-27,120.13895416259766
2025-02-28,124.90850830078125
2025-03-03,114.04950714111328
2025-03-04,115.97933197021484
2025-03-05,117.28921508789062
2025-03-06,110.55982971191406
2025-03-07,112.67964172363281
2025-03-10,106.97016143798828
2025-03-11,108.75
2025-03-12,115.73999786376953
2025-03-13,115.58000183105469
2025-03-14,121.66999816894531
2025-03-17,119.52999877929688
2025-03-18,115.43000030517578
2025-03-19,117.5199966430664
2025-03-20,118.52999877929688
2025-03-21,117.69999694824219
2025-03-24,121.41000366210938
2025-03-25,120.69000244140625
2025-03-26,113.76000213623047
